dataset,n,m,alpha,trials,median_scaled_mse_kent,median_scaled_mse_dame,median_scaled_mse_girgis,10pct_scaled_mse_kent,90pct_scaled_mse_kent,10pct_scaled_mse_dame,90pct_scaled_mse_dame,10pct_scaled_mse_girgis,90pct_scaled_mse_girgis,median_orig_mse_kent,median_orig_mse_dame,median_orig_mse_girgis,mean_time_kent_s,mean_time_dame_s,mean_time_girgis_s
NASDAQ_returns,1584,249,0.6,500,0.00503171563634555,0.0015758142855816,0.024638588251189752,0.00106718209123243,0.013639843444155753,0.00011476611257869004,0.00558507008931358,0.01758051960081667,0.03297096468839185,0.07505367479091349,0.02350503515473325,0.3675121416946918,0.012289566040039014,0.0015063128471373996,0.1227674226760864
