dataset,n,m,alpha,trials,median_scaled_mse_kent,median_scaled_mse_dame,10pct_scaled_mse_kent,90pct_scaled_mse_kent,10pct_scaled_mse_dame,90pct_scaled_mse_dame,median_orig_mse_kent,median_orig_mse_dame,mean_time_kent_s,mean_time_dame_s
NASDAQ_returns,1584,249,0.6,500,0.00503171563634555,0.0015758142855816,0.00106718209123243,0.013639843444155753,0.00011476611257869004,0.00558507008931358,0.07505367479091349,0.02350503515473325,0.01082976007461543,0.0013892331123351567
