dataset,n,m,alpha,trials,median_scaled_mse_kent,median_scaled_mse_dame,median_scaled_mse_girgis,10pct_scaled_mse_kent,90pct_scaled_mse_kent,10pct_scaled_mse_dame,90pct_scaled_mse_dame,10pct_scaled_mse_girgis,90pct_scaled_mse_girgis,median_orig_mse_kent,median_orig_mse_dame,median_orig_mse_girgis,mean_time_kent_s,mean_time_dame_s,mean_time_girgis_s
MIMIC_Heart_Rate_Data,48,11,0.6,500,0.02426830634798435,0.019473634279266648,0.10280503297237506,0.00055505253121862,0.11894681232445832,0.0002948969115097401,0.11350853624505611,0.005376797187647953,0.485522085976345,216.72204276408786,173.9044225224216,918.0746457015532,0.0006680665016173806,0.0002371187210082508,0.0032078084945678224
