dataset,n,m,alpha,trials,median_scaled_mse_kent,median_scaled_mse_dame,10pct_scaled_mse_kent,90pct_scaled_mse_kent,10pct_scaled_mse_dame,90pct_scaled_mse_dame,median_orig_mse_kent,median_orig_mse_dame,mean_time_kent_s,mean_time_dame_s
MIMIC_Heart_Rate_Data,48,11,0.6,500,0.02466734793178205,0.019575649035724903,0.0005956639000395601,0.11957955483890002,0.00033456794362734003,0.1147681163237645,220.28558386779684,174.8154398012828,0.0007581815719603992,0.0002716927528380858
