param_name,param_value,n,m,alpha,distribution,true_mean,seed,dame_estimate,dame_mse,dame_time,dame_backtrack_estimate,dame_backtrack_mse,dame_backtrack_time,status
n,40,40,1000,0.6,binomial,0.1,781020512,-0.28233991395152,0.016750776766339386,0.0005867481231689453,-0.35313783046754854,0.003437110520902994,0.0013911724090576172,ok
n,40,40,1000,0.6,binomial,0.1,2678185529,,nan,nan,,nan,nan,error: IndexError('list index out of range')
n,40,40,1000,0.6,binomial,0.1,727841268,-0.1611474475655116,0.029647979257649327,0.00044417381286621094,-0.5241659590240632,0.036417091028018225,0.0011091232299804688,ok
n,40,40,1000,0.6,binomial,0.1,4204554059,-0.16486335036399816,0.06096027935680101,0.0007646083831787109,0.003332358857774237,0.1723055731558693,0.0017948150634765625,ok
n,40,40,1000,0.6,binomial,0.1,947380072,-0.3619386526628693,0.0008182642939447275,0.00048089027404785156,-0.20932995656664133,0.015376837449542153,0.0011837482452392578,ok
n,40,40,1000,0.6,binomial,0.1,259495031,-0.07089264060069152,0.09248128604082019,0.0004971027374267578,-0.33139108903092535,0.0019017371159086797,0.0013988018035888672,ok
n,40,40,1000,0.6,binomial,0.1,1369685350,-0.11005971504341448,0.04985110862427235,0.0004246234893798828,0.25016748771386405,0.3404732081627533,0.0011668205261230469,ok
n,40,40,1000,0.6,binomial,0.1,2028053869,0.14148832163242347,0.18250206772382657,0.00043082237243652344,-0.0521678921666473,0.05454391793910839,0.0011928081512451172,ok
n,40,40,1000,0.6,binomial,0.1,470475814,0.00408943937207954,0.20118264493153504,0.00055694580078125,-0.08647137632379448,0.12814471749971149,0.0009245872497558594,ok
n,40,40,1000,0.6,binomial,0.1,1051880743,,nan,nan,,nan,nan,error: IndexError('list index out of range')
n,40,40,1000,0.6,binomial,0.1,2690882795,-0.23300367985176695,0.020162954935639493,0.0005230903625488281,-0.25818317675178676,0.013646170193804293,0.0014612674713134766,ok
n,40,40,1000,0.6,binomial,0.1,4125618433,-0.29202332365971845,0.0017065168992341493,0.0004649162292480469,-0.1742006680560247,0.025323205158259927,0.0013229846954345703,ok
n,40,40,1000,0.6,binomial,0.1,2320123009,,nan,nan,,nan,nan,error: IndexError('list index out of range')
n,40,40,1000,0.6,binomial,0.1,1472501943,-0.24386656552421448,0.017195977637415132,0.000453948974609375,-0.3284045665479668,0.0021711344185828554,0.0013158321380615234,ok
n,40,40,1000,0.6,binomial,0.1,2954173373,-0.3201883035506919,0.008386237464010252,0.0005462169647216797,-0.12032827889198645,0.08493519097691121,0.001224517822265625,ok
n,40,40,1000,0.6,binomial,0.1,3452587823,,nan,nan,,nan,nan,error: IndexError('list index out of range')
n,40,40,1000,0.6,binomial,0.1,2841777980,-0.1369669958099568,0.05665971108373712,0.0005941390991210938,0.012787883801049017,0.1503794428228959,0.0013744831085205078,ok
n,40,40,1000,0.6,binomial,0.1,1346599503,0.24003056755727475,0.3287461628444949,0.00044798851013183594,-0.1556163351203822,0.03158333145382205,0.0019922256469726562,ok
n,40,40,1000,0.6,binomial,0.1,1989427189,-0.03382027498830198,0.08970807211919411,0.0004429817199707031,-0.39494355904407213,0.0037958199121281896,0.00177001953125,ok
n,40,40,1000,0.6,binomial,0.1,3926379781,-0.10669229964935936,0.05136615814934019,0.0005204677581787109,-0.26409448091616544,0.004794018684046345,0.0014500617980957031,ok
n,40,40,1000,0.6,binomial,0.1,2387800701,-0.46459902948206855,0.0172306829854121,0.0005676746368408203,-0.3295480126812037,1.4328652439438509e-05,0.0013995170593261719,ok
n,40,40,1000,0.6,binomial,0.1,4243162185,-0.10944933935989516,0.050124042757498474,0.000461578369140625,-0.31609333112512417,0.0002972176761390544,0.0012917518615722656,ok
n,40,40,1000,0.6,binomial,0.1,312743187,0.12785969414521567,0.21269900859482962,0.00047469139099121094,-0.11488802592887966,0.04771835232702624,0.00116729736328125,ok
n,40,40,1000,0.6,binomial,0.1,2390268618,-0.08659102519732853,0.03965007287890399,0.0004699230194091797,0.1821916362145875,0.21893595177610878,0.0010967254638671875,ok
n,40,40,1000,0.6,binomial,0.1,1803210951,0.04489329250449421,0.14305538049266792,0.0004394054412841797,-0.4337355888978812,0.010080612922448802,0.0012552738189697266,ok
n,40,40,1000,0.6,binomial,0.1,1139351029,0.16002597986453015,0.24340341191906747,0.0004208087921142578,0.012258373205795725,0.11943362762862743,0.0013518333435058594,ok
n,40,40,1000,0.6,binomial,0.1,1863184316,-0.19511720300186475,0.01910369868380549,0.0004334449768066406,-0.4630126360626788,0.016816721556369242,0.0012636184692382812,ok
n,40,40,1000,0.6,binomial,0.1,3194031095,-0.22271328581464422,0.01223679491303702,0.0004916191101074219,-0.4069075207553464,0.0054131610548095194,0.0012187957763671875,ok
n,40,40,1000,0.6,binomial,0.1,3387436816,0.25535076019087194,0.445043045074096,0.0004780292510986328,-0.48738990388654857,0.0057191705731737975,0.001458883285522461,ok
n,40,40,1000,0.6,binomial,0.1,1705053442,0.10730321096815115,0.2326163873101889,0.0004258155822753906,-0.4431179578363305,0.004640056179792101,0.0011136531829833984,ok
n,40,40,1000,0.6,binomial,0.1,1100160589,-0.2904602851930701,0.007146963379637042,0.0005357265472412109,-0.3857289291964649,0.00011510992170275692,0.0015628337860107422,ok
n,40,40,1000,0.6,binomial,0.1,845025431,-0.3564135673470823,0.0003454554787614455,0.00041294097900390625,-0.14729153157834393,0.05185114659093634,0.0011043548583984375,ok
n,40,40,1000,0.6,binomial,0.1,2142071295,,nan,nan,,nan,nan,error: IndexError('list index out of range')
n,40,40,1000,0.6,binomial,0.1,3329482216,0.2659071995068964,0.3590892161986424,0.00046539306640625,-0.14097240360437202,0.03700272728619036,0.0016918182373046875,ok
n,40,40,1000,0.6,binomial,0.1,1974704002,-0.15408882999826523,0.06639685701263176,0.0003681182861328125,-0.2528043033876821,0.025268409561267743,0.0008754730224609375,ok
n,40,40,1000,0.6,binomial,0.1,4045147272,-0.1459862688140066,0.03509892258400875,0.0004382133483886719,0.051686864800140654,0.14824055297073951,0.001068115234375,ok
n,40,40,1000,0.6,binomial,0.1,378778862,,nan,nan,,nan,nan,error: IndexError('list index out of range')
n,40,40,1000,0.6,binomial,0.1,4214505796,,nan,nan,,nan,nan,error: IndexError('list index out of range')
n,40,40,1000,0.6,binomial,0.1,1402619146,-0.218327652016215,0.03741789380841114,0.0014567375183105469,-0.36851184018824124,0.0018708103907528635,0.0011246204376220703,ok
n,40,40,1000,0.6,binomial,0.1,1972023672,,nan,nan,,nan,nan,error: IndexError('list index out of range')
n,40,40,1000,0.6,binomial,0.1,3805239392,-0.24867279434898093,0.015958562887594865,0.00044155120849609375,-0.27612462838807633,0.009776339111396,0.001207590103149414,ok
n,40,40,1000,0.6,binomial,0.1,1531504262,0.1505725222021322,0.23416487702151076,0.0005071163177490234,-0.17239296343812338,0.02590180266200698,0.0015676021575927734,ok
n,40,40,1000,0.6,binomial,0.1,1203735892,0.09479998630056194,0.1832981393807391,0.0004296302795410156,-0.1994674783058791,0.017920067142231374,0.0011975765228271484,ok
n,40,40,1000,0.6,binomial,0.1,1341160856,-0.3851422793569199,0.00988592591979971,0.0003018379211425781,-0.24409027255527507,0.0017325584714614898,0.0010912418365478516,ok
n,40,40,1000,0.6,binomial,0.1,192949088,-0.13797339353696822,0.03816550607723937,0.0004451274871826172,0.1920536661324942,0.27603149920770537,0.0010733604431152344,ok
n,40,40,1000,0.6,binomial,0.1,1571121076,0.09060558646029876,0.21678856214303874,0.0004172325134277344,-0.1505761497150741,0.050366064576710834,0.0010826587677001953,ok
n,40,40,1000,0.6,binomial,0.1,4065730800,0.04282226752417745,0.10793626681380954,0.00036454200744628906,-0.2640445416761252,0.00046957780667939347,0.0006961822509765625,ok
n,40,40,1000,0.6,binomial,0.1,749546756,0.3637964700685168,0.48598996279110207,0.00046563148498535156,-0.3320501132110844,1.6466538821443573e-06,0.0013883113861083984,ok
n,40,40,1000,0.6,binomial,0.1,3116093383,0.24024915851523218,0.3289968749552097,0.0004055500030517578,-0.43831633900212985,0.011021431479254577,0.0012984275817871094,ok
n,40,40,1000,0.6,binomial,0.1,1538947423,-0.0015198900420286265,0.11010016114883184,0.00043272972106933594,0.0003193786307465391,0.1113241322009852,0.0012214183807373047,ok
n,1040,1040,1000,0.6,binomial,0.1,2965783971,-0.23774411682111743,0.04272502543959072,0.0068111419677734375,-0.4238690970803925,0.00042334491915139836,0.010582208633422852,ok
n,1040,1040,1000,0.6,binomial,0.1,839291543,-0.2775931923312591,0.018001995048591346,0.009734630584716797,-0.4116115941772509,2.3443194239246675e-08,0.012274980545043945,ok
n,1040,1040,1000,0.6,binomial,0.1,3149462701,-0.17416828644431448,0.0730492015833112,0.00954294204711914,-0.4080453225349975,0.0013248960757787803,0.011603355407714844,ok
n,1040,1040,1000,0.6,binomial,0.1,2878366397,-0.26942924322028033,0.030630320659534645,0.010480403900146484,-0.4367436838236711,5.93017141384527e-05,0.011262893676757812,ok
n,1040,1040,1000,0.6,binomial,0.1,3935420626,-0.29777781230433664,0.012993011907566009,0.009966135025024414,-0.3792641606560005,0.0010562854400101797,0.009633302688598633,ok
n,1040,1040,1000,0.6,binomial,0.1,3607595641,-0.25374647716879717,0.03636571472306383,0.00913548469543457,-0.4298687335308439,0.00021245134863685252,0.011623144149780273,ok
n,1040,1040,1000,0.6,binomial,0.1,567857515,-0.24636082556470631,0.027358443624134362,0.009540557861328125,-0.40608425553942695,3.226751609844776e-05,0.011040210723876953,ok
n,1040,1040,1000,0.6,binomial,0.1,3722008050,-0.21325923963347218,0.039404420130685534,0.0072629451751708984,-0.39898178939474316,0.00016340295392920553,0.00520014762878418,ok
n,1040,1040,1000,0.6,binomial,0.1,3668915175,-0.2205097601096826,0.050146742848109424,0.008433103561401367,-0.4377050487263501,4.5419454645068365e-05,0.01173257827758789,ok
n,1040,1040,1000,0.6,binomial,0.1,3690036118,-0.19131942573434296,0.0640722750969892,0.005697727203369141,-0.41386901493863887,0.0009348568894644847,0.008698225021362305,ok
n,1040,1040,1000,0.6,binomial,0.1,1297834098,-0.190219408037519,0.04908231899715618,0.008621931076049805,-0.3793337913124931,0.0010517642198375448,0.007102012634277344,ok
n,1040,1040,1000,0.6,binomial,0.1,4147998539,-0.1784837032652238,0.07073511584860039,0.008237838745117188,-0.4225477118581316,0.0004794668979564931,0.007612705230712891,ok
n,1040,1040,1000,0.6,binomial,0.1,4158125581,-0.23307949328416627,0.020141430226479008,0.008054256439208984,-0.36329163465311964,0.00013708581909602875,0.010018348693847656,ok
n,1040,1040,1000,0.6,binomial,0.1,1671550611,-0.2417840891142975,0.04107121962254141,0.0073697566986083984,-0.43828249489779364,3.7969622215469756e-05,0.008803606033325195,ok
n,1040,1040,1000,0.6,binomial,0.1,3425846353,-0.24562490373828924,0.027602433856468628,0.008393049240112305,-0.3817078298831774,0.0009034157948298124,0.009574413299560547,ok
n,1040,1040,1000,0.6,binomial,0.1,1331297472,-0.3158596181435078,0.016534057554842035,0.0057256221771240234,-0.41054190180150635,0.0011493823976562343,0.0072021484375,ok
n,1040,1040,1000,0.6,binomial,0.1,2118991218,-0.30475212912820376,0.03812173107996962,0.005672931671142578,-0.36731948235026773,0.017604119763800916,0.008816003799438477,ok
n,1040,1040,1000,0.6,binomial,0.1,2785251670,-0.21042478742960086,0.05476519986934502,0.009307622909545898,-0.4379034073987193,4.278516563354838e-05,0.011951446533203125,ok
n,1040,1040,1000,0.6,binomial,0.1,2932353902,-0.19377208031141882,0.04752078480330947,0.009542226791381836,-0.4033489819940409,7.082440856430561e-05,0.010798931121826172,ok
n,1040,1040,1000,0.6,binomial,0.1,3366929965,-0.2295676768067247,0.03319575740398531,0.008085966110229492,-0.521972045623211,0.012145657732756911,0.009746789932250977,ok
n,1040,1040,1000,0.6,binomial,0.1,3350062007,-0.23206200267046076,0.032293061541661394,0.007084369659423828,-0.38730632586026775,0.000598212353304735,0.009491443634033203,ok
n,1040,1040,1000,0.6,binomial,0.1,2769674521,-0.233945663726875,0.04430973668358337,0.007992982864379883,-0.3862036303696208,0.003391992424098173,0.010416507720947266,ok
n,1040,1040,1000,0.6,binomial,0.1,3126907547,-0.22180206516685652,0.03608580486760477,0.007134437561035156,-0.38795852839649236,0.0005667340864882941,0.00990438461303711,ok
n,1040,1040,1000,0.6,binomial,0.1,2450129809,-0.23200934528667191,0.04512867135417264,0.019163131713867188,-0.40461543919019644,0.0015863496595429135,0.01797962188720703,ok
n,1040,1040,1000,0.6,binomial,0.1,2950365321,-0.20731635470266555,0.05622973094458514,0.00653076171875,-0.3892186577991496,0.0030498875105916235,0.010378360748291016,ok
n,1040,1040,1000,0.6,binomial,0.1,3644118693,-0.1980071166860162,0.04569230693902985,0.00813746452331543,-0.4057456610638934,3.62289005266241e-05,0.010098934173583984,ok
n,1040,1040,1000,0.6,binomial,0.1,1823564740,-0.2621748992113857,0.044736188772916026,0.007554292678833008,-0.46917142440962145,2.036523853502943e-05,0.007668256759643555,ok
n,1040,1040,1000,0.6,binomial,0.1,3104234836,-0.15695449631920583,0.08265047027305238,0.006414651870727539,-0.3325374042801641,0.01252318563832985,0.009374618530273438,ok
n,1040,1040,1000,0.6,binomial,0.1,414085428,-0.23406363484246598,0.031577670648722946,0.004871845245361328,-0.3992065493732813,0.00015770729490633754,0.009278059005737305,ok
n,1040,1040,1000,0.6,binomial,0.1,3363109461,-0.2732943525784246,0.029292353945747023,0.006996631622314453,-0.395067687471039,0.002438064129210742,0.009104490280151367,ok
n,1040,1040,1000,0.6,binomial,0.1,1281930966,-0.23034647294442573,0.04583794140042281,0.006845712661743164,-0.4331077665698284,0.00012852026523280812,0.008818626403808594,ok
n,1040,1040,1000,0.6,binomial,0.1,2410088788,-0.212952329389583,0.0535885993325732,0.006395816802978516,-0.40523205958357883,0.001537611126476641,0.007559061050415039,ok
n,1040,1040,1000,0.6,binomial,0.1,454333241,-0.24601093111007513,0.027474313851258994,0.007493495941162109,-0.34826886661328216,0.004031721604483669,0.009905576705932617,ok
n,1040,1040,1000,0.6,binomial,0.1,3351659772,-0.18917360566306038,0.04954679789683514,0.008019208908081055,-0.41572949414943905,1.571954600282382e-05,0.011844158172607422,ok
n,1040,1040,1000,0.6,binomial,0.1,2243273589,-0.2368084352720772,0.019096908561951675,0.008589982986450195,-0.12400769283826063,0.06299713825437292,0.00981593132019043,ok
n,1040,1040,1000,0.6,binomial,0.1,2428095278,-0.20407704473243968,0.043134164593921186,0.0077550411224365234,-0.4062980300231225,2.988454494989288e-05,0.008865833282470703,ok
n,1040,1040,1000,0.6,binomial,0.1,3677776869,-0.21937460812949575,0.05065643121883779,0.0061261653900146484,-0.4478076216645206,1.1310961013639305e-05,0.00889444351196289,ok
n,1040,1040,1000,0.6,binomial,0.1,3363705510,-0.2203240807037105,0.036649512968789454,0.0069577693939208984,-0.4008373866550449,0.00011940630549549503,0.009360074996948242,ok
n,1040,1040,1000,0.6,binomial,0.1,436542514,-0.226789579478185,0.021966328751253237,0.005278825759887695,-0.33683983622405705,0.0014561980994067883,0.006783008575439453,ok
n,1040,1040,1000,0.6,binomial,0.1,2575611675,-0.24737473046774325,0.051215980764381455,0.006546974182128906,-0.21560433039609106,0.06660522452803118,0.007122516632080078,ok
n,1040,1040,1000,0.6,binomial,0.1,859614142,-0.2241857934418988,0.04851387334146119,0.0056629180908203125,-0.4163732289858344,0.0007879931373237063,0.006724119186401367,ok
n,1040,1040,1000,0.6,binomial,0.1,2438470446,-0.21109646491003592,0.040267742934923884,0.008167743682861328,-0.5329186080498457,0.014678268010410412,0.011585474014282227,ok
n,1040,1040,1000,0.6,binomial,0.1,2336080084,-0.2892045188339011,0.02409943450356703,0.008979558944702148,-0.44123778209782516,1.028268340522574e-05,0.010171651840209961,ok
n,1040,1040,1000,0.6,binomial,0.1,970245105,-0.24737856448050452,0.03883496104596197,0.007895708084106445,-0.4379077566117259,4.272828782241068e-05,0.009552240371704102,ok
n,1040,1040,1000,0.6,binomial,0.1,2102821587,-0.221617480529899,0.04965185584737413,0.005944013595581055,-0.435957505817495,7.202812725760638e-05,0.00707554817199707,ok
n,1040,1040,1000,0.6,binomial,0.1,1587732028,-0.1716354725084437,0.05766204872074136,0.00542140007019043,-0.39306826558586055,0.0003495568797603036,0.009105682373046875,ok
n,1040,1040,1000,0.6,binomial,0.1,3570953663,-0.2277671132012593,0.04694906587466896,0.007291555404663086,-0.38179019126465147,0.003925555441517595,0.008383989334106445,ok
n,1040,1040,1000,0.6,binomial,0.1,577716231,-0.14884223193855842,0.087380668038375,0.006657600402832031,-0.40401905867844035,0.0016342118143302447,0.008383989334106445,ok
n,1040,1040,1000,0.6,binomial,0.1,2444062403,-0.22824333979898456,0.04674291764991709,0.0034646987915039062,-0.4186430336208708,0.0006657128004868221,0.003843069076538086,ok
n,1040,1040,1000,0.6,binomial,0.1,2423443052,-0.22950624544942688,0.03321814639938046,0.005103588104248047,-0.24989684381158264,0.02620120477136191,0.005760908126831055,ok
n,2040,2040,1000,0.6,binomial,0.1,3185495976,-0.33477057441441144,0.012028357767364568,0.016108036041259766,-0.4489019392576256,1.986926000953726e-05,0.020697593688964844,ok
n,2040,2040,1000,0.6,binomial,0.1,1820881438,-0.33351204772399357,0.012305996642143496,0.017316579818725586,-0.42718316336872625,0.00029795182437494626,0.022474050521850586,ok
n,2040,2040,1000,0.6,binomial,0.1,1441505965,-0.324631578337255,0.014355122884819304,0.01762104034423828,-0.4441113171234825,1.1097381197126096e-07,0.017724037170410156,ok
n,2040,2040,1000,0.6,binomial,0.1,3689975065,-0.28794694916447094,0.02449146602890532,0.017355918884277344,-0.4306636532379919,0.00018991020627583954,0.022118568420410156,ok
n,2040,2040,1000,0.6,binomial,0.1,2165663450,-0.2980707663953128,0.02142525362563083,0.019893646240234375,-0.4424727558670994,3.887555846032877e-06,0.02044510841369629,ok
n,2040,2040,1000,0.6,binomial,0.1,4198392232,-0.3309127900159383,0.02859048458019417,0.015115022659301758,-0.49843793027445416,2.4400618274668713e-06,0.015323162078857422,ok
n,2040,2040,1000,0.6,binomial,0.1,1167967466,-0.321701138597774,0.02309885415283632,0.011499643325805664,-0.43616787522853157,0.0014074754141757727,0.013678550720214844,ok
n,2040,2040,1000,0.6,binomial,0.1,3848499095,-0.3276291197400323,0.01364582008579724,0.01118326187133789,-0.41835794226645623,0.0006805055958821827,0.009144306182861328,ok
n,2040,2040,1000,0.6,binomial,0.1,3708029225,-0.281015676522166,0.026708962184593933,0.011609792709350586,-0.42736171549849333,0.00029181962824083513,0.014586925506591797,ok
n,2040,2040,1000,0.6,binomial,0.1,3443082061,-0.3217950718245799,0.023070310455555174,0.019196033477783203,-0.43867860999190217,0.0012253920687749413,0.019333600997924805,ok
n,2040,2040,1000,0.6,binomial,0.1,4099314454,-0.3258252414137621,0.014070515327634227,0.011846780776977539,-0.42252123477588516,0.00048062712217161036,0.016818523406982422,ok
n,2040,2040,1000,0.6,binomial,0.1,2252834183,-0.3414901759541147,0.025125364319057524,0.011078357696533203,-0.479039442941893,0.0004393449521861596,0.013544082641601562,ok
n,2040,2040,1000,0.6,binomial,0.1,1684010960,-0.31497640864900356,0.016761972292729556,0.016672134399414062,-0.44106800694223103,1.1400330206353008e-05,0.0188143253326416,ok
n,2040,2040,1000,0.6,binomial,0.1,1243093914,-0.3285284871603497,0.01343650915308807,0.01291966438293457,-0.42803712165179275,0.00026920024122226697,0.015955686569213867,ok
n,2040,2040,1000,0.6,binomial,0.1,17633407,-0.2749156491866737,0.02874001242155114,0.013509035110473633,-0.426294364558617,0.00032942539986191625,0.0158536434173584,ok
n,2040,2040,1000,0.6,binomial,0.1,3743994401,-0.32183375879933745,0.023058559689687386,0.009151697158813477,-0.4765717081730661,8.33764265998841e-06,0.009535551071166992,ok
n,2040,2040,1000,0.6,binomial,0.1,2986124634,-0.33196755047363935,0.020083611736485867,0.011516094207763672,-0.45751081900534124,0.0002615785932907324,0.011492013931274414,ok
n,2040,2040,1000,0.6,binomial,0.1,886006139,-0.33449788188998264,0.019372834079261343,0.01585245132446289,-0.44526171424725924,0.0008078382947329848,0.01760268211364746,ok
n,2040,2040,1000,0.6,binomial,0.1,694650268,-0.3398891493492928,0.02563548449609306,0.010868072509765625,-0.47343204211863077,0.0007058563859862094,0.01790475845336914,ok
n,2040,2040,1000,0.6,binomial,0.1,2857014511,-0.35072269765326464,0.015119533648029532,0.01682448387145996,-0.45665818838371286,0.00028988543000040625,0.020418643951416016,ok
n,2040,2040,1000,0.6,binomial,0.1,2260294147,-0.31266775980257827,0.017365094615201842,0.01624321937561035,-0.40016359315657546,0.001960793790778366,0.01979660987854004,ok
n,2040,2040,1000,0.6,binomial,0.1,2483695673,-0.3243496547728403,0.014422758506266837,0.013493776321411133,-0.4290410153196188,0.0002372656288035261,0.02052903175354004,ok
n,2040,2040,1000,0.6,binomial,0.1,3317850090,-0.3000752850516368,0.0208424541837859,0.015343666076660156,-0.4388650545604566,3.112959147754559e-05,0.017043590545654297,ok
n,2040,2040,1000,0.6,binomial,0.1,3264952906,-0.32693595958378113,0.013808244014248733,0.01696324348449707,-0.5432498985710424,0.009762517765163266,0.01510763168334961,ok
n,2040,2040,1000,0.6,binomial,0.1,2831372508,-0.29648315897064614,0.02189254199905883,0.012794733047485352,-0.23579361327975454,0.04353516934571592,0.01911759376525879,ok
n,2040,2040,1000,0.6,binomial,0.1,255305064,-0.28221046778826797,0.026319863181676804,0.019130706787109375,-0.425166034706911,0.00037165708200822336,0.015506505966186523,ok
n,2040,2040,1000,0.6,binomial,0.1,1630128417,-0.3521023861780867,0.008527055724867404,0.020153284072875977,-0.4403574663437361,1.6703389995669174e-05,0.021171092987060547,ok
n,2040,2040,1000,0.6,binomial,0.1,2044948565,-0.32791873708195146,0.02124757324845969,0.01904582977294922,-0.46279222480958443,0.0001186353528534806,0.020778179168701172,ok
n,2040,2040,1000,0.6,binomial,0.1,71943399,-0.31425042942512427,0.01695048154685096,0.015839576721191406,-0.43194237083807446,0.0001563018444590923,0.017976760864257812,ok
n,2040,2040,1000,0.6,binomial,0.1,1487832142,-0.32408959051038855,0.014485290865487924,0.013788223266601562,-0.4105272674938731,0.0011503748922963677,0.018823623657226562,ok
n,2040,2040,1000,0.6,binomial,0.1,224745834,-0.36071516188219865,0.007010592758388393,0.016203880310058594,-0.4328241285299138,0.00013503174195349336,0.016055822372436523,ok
n,2040,2040,1000,0.6,binomial,0.1,3751950896,-0.28695950592011593,0.01557633793761396,0.011896133422851562,-0.29172239454883614,0.014410156510292971,0.01131129264831543,ok
n,2040,2040,1000,0.6,binomial,0.1,2262563793,-0.3537658544035675,0.021384425338318618,0.016436338424682617,-0.48484711263145824,0.00022960999560371232,0.012193441390991211,ok
n,2040,2040,1000,0.6,binomial,0.1,3011018095,-0.30419154183416003,0.019670876690609917,0.016962289810180664,-0.42025090401049503,0.0005853273987291441,0.018412113189697266,ok
n,2040,2040,1000,0.6,binomial,0.1,2688266395,-0.3268508341774849,0.01382825717561757,0.017931699752807617,-0.4298196475259566,0.00021388468490701133,0.016443252563476562,ok
n,2040,2040,1000,0.6,binomial,0.1,2477701436,-0.314405850052579,0.0169100360314121,0.01600503921508789,-0.42316149243917933,0.0004529640460584172,0.014809608459472656,ok
n,2040,2040,1000,0.6,binomial,0.1,3671936948,-0.28847205258279157,0.024327387023044992,0.01716160774230957,-0.4070076564356421,0.0014015130964160072,0.01928234100341797,ok
n,2040,2040,1000,0.6,binomial,0.1,677886635,-0.3125852683260252,0.017386842326628304,0.015975236892700195,-0.41465637649934445,0.0008873289919018925,0.018082857131958008,ok
n,2040,2040,1000,0.6,binomial,0.1,1155736471,-0.3599847335429593,0.007133442765562446,0.015011072158813477,-0.3132037875750592,0.017224110015507714,0.012880563735961914,ok
n,2040,2040,1000,0.6,binomial,0.1,2176805048,-0.3136820435979799,0.017098805475131464,0.009732961654663086,-0.37376299409535674,0.004995867423450547,0.010110616683959961,ok
n,2040,2040,1000,0.6,binomial,0.1,1551260608,-0.31433274029625213,0.016929055556346717,0.015144109725952148,-0.41183515648388597,0.0010633656612946225,0.011595726013183594,ok
n,2040,2040,1000,0.6,binomial,0.1,4124194038,-0.3369475397524293,0.011555584518364182,0.012045621871948242,-0.41242929533168404,0.0010249697727122815,0.014581441879272461,ok
n,2040,2040,1000,0.6,binomial,0.1,851611952,-0.3173287777777974,0.016158392712106118,0.013752937316894531,-0.4221041452963273,0.0004990889660273633,0.012751579284667969,ok
n,2040,2040,1000,0.6,binomial,0.1,664360170,-0.3025548405267374,0.029285261276452604,0.016813993453979492,-0.4624250540397125,0.00012676860478982128,0.022150516510009766,ok
n,2040,2040,1000,0.6,binomial,0.1,2356895101,-0.34965150525798355,0.02260466987119015,0.018886566162109375,-0.5153866076391115,0.00023674769463996384,0.019778728485107422,ok
n,2040,2040,1000,0.6,binomial,0.1,4101204663,-0.3061697891659225,0.019119880292394063,0.013014078140258789,-0.4291606781494668,0.00023359351215949422,0.012638330459594727,ok
n,2040,2040,1000,0.6,binomial,0.1,3751315827,-0.3436766900887335,0.01690195537032838,0.009008169174194336,-0.4370964430631539,0.001338664727938408,0.009994745254516602,ok
n,2040,2040,1000,0.6,binomial,0.1,2580761093,-0.2719607727272222,0.019545139725644263,0.015114545822143555,-0.3914541979594978,0.0004125167320843599,0.01609349250793457,ok
n,2040,2040,1000,0.6,binomial,0.1,944677902,-0.31409359043412033,0.016991345141220825,0.013480901718139648,-0.421329955020265,0.0005342796213405027,0.010223150253295898,ok
n,2040,2040,1000,0.6,binomial,0.1,2824350594,-0.35280835885783696,0.014610971516580104,0.010009527206420898,-0.4573557729791267,0.0002666178727324548,0.013601303100585938,ok
n,3040,3040,1000,0.6,binomial,0.1,2344340789,-0.37145709313492975,0.010450383530152228,0.026622295379638672,-0.4467858032485954,0.0007235243140781226,0.03223919868469238,ok
n,3040,3040,1000,0.6,binomial,0.1,159265289,-0.3468505242014631,0.009524573268393396,0.02351689338684082,-0.42397590598939805,0.00041896106648571204,0.030878067016601562,ok
n,3040,3040,1000,0.6,binomial,0.1,1714958982,-0.37614189300275164,0.004665238533445089,0.02523636817932129,-0.420251549882191,0.0005852961473003116,0.028075456619262695,ok
n,3040,3040,1000,0.6,binomial,0.1,2769450498,-0.38306641302863875,0.0037672627404796277,0.026516437530517578,-0.43704738309864644,5.471651655349868e-05,0.025430917739868164,ok
n,3040,3040,1000,0.6,binomial,0.1,3309821526,-0.35277851928531845,0.0034793702092601694,0.021544456481933594,-0.3940182022386576,0.00031493839157569213,0.018973350524902344,ok
n,3040,3040,1000,0.6,binomial,0.1,389491436,-0.41403338306224635,0.0073902592277224725,0.02117300033569336,-0.47353471380247997,0.0007004113735166443,0.023847579956054688,ok
n,3040,3040,1000,0.6,binomial,0.1,2810882944,-0.3957642690460908,0.006071517280281691,0.014200448989868164,-0.44368683273480086,0.0008998426743668747,0.02350449562072754,ok
n,3040,3040,1000,0.6,binomial,0.1,3908954905,-0.3592596681447227,0.00725644611323363,0.015949249267578125,-0.4309028590402445,0.00018337453525924026,0.013436079025268555,ok
n,3040,3040,1000,0.6,binomial,0.1,3875562183,-0.3544210354113592,0.008104214173938166,0.01768326759338379,-0.4182185808713827,0.0006877959201528459,0.031607627868652344,ok
n,3040,3040,1000,0.6,binomial,0.1,736410639,-0.3760139854950318,0.009539472857661662,0.020850419998168945,-0.4492015211296252,0.0005994020800948277,0.029420852661132812,ok
n,3040,3040,1000,0.6,binomial,0.1,2782622965,-0.34716564940761147,0.009463163963818156,0.02792215347290039,-0.4327016970175335,0.0001378921171322224,0.031105756759643555,ok
n,3040,3040,1000,0.6,binomial,0.1,2231998619,-0.35430675103698045,0.008124803772817974,0.028166532516479492,-0.4169281149085629,0.0007571483911272252,0.025467872619628906,ok
n,3040,3040,1000,0.6,binomial,0.1,2048140797,-0.3579312385093006,0.007484534801176606,0.019894123077392578,-0.4242253699592254,0.0004088109730388354,0.021939516067504883,ok
n,3040,3040,1000,0.6,binomial,0.1,3623886711,-0.3657611425842478,0.01164738859402823,0.021907567977905273,-0.45248716499198655,0.00044931473938442855,0.023862600326538086,ok
n,3040,3040,1000,0.6,binomial,0.1,913633422,-0.37703585606864376,0.004543917786818128,0.015592575073242188,-0.42532147193123304,0.0003656880777410379,0.01426243782043457,ok
n,3040,3040,1000,0.6,binomial,0.1,370243791,-0.3737475111735502,0.009987343877525062,0.01955413818359375,-0.45279707490781745,0.00043627243434554307,0.02162647247314453,ok
n,3040,3040,1000,0.6,binomial,0.1,66254125,-0.3803726834960984,0.004105190551022001,0.024402856826782227,-0.4178930326931688,0.0007049774659857772,0.029082536697387695,ok
n,3040,3040,1000,0.6,binomial,0.1,2977201051,-0.42207002185793707,0.006073081493222406,0.026355743408203125,-0.47133311802002104,0.0008217901224540427,0.029314041137695312,ok
n,3040,3040,1000,0.6,binomial,0.1,2710776288,-0.36709971537434,0.005982207114927856,0.025854825973510742,-0.3559043899294138,0.007839341253524592,0.026879072189331055,ok
n,3040,3040,1000,0.6,binomial,0.1,1954861691,-0.40020023442918057,0.0053998947430443445,0.02529740333557129,-0.44905641713108696,0.0006065282075180782,0.026891231536865234,ok
n,3040,3040,1000,0.6,binomial,0.1,3562628228,-0.35679403114038966,0.00768259495237162,0.016825437545776367,-0.42150602132258674,0.0005261712553173749,0.022784709930419922,ok
n,3040,3040,1000,0.6,binomial,0.1,1654726241,-0.3676341017666034,0.005899828742287368,0.02067399024963379,-0.42952950347870905,0.00022245546401137108,0.01610565185546875,ok
n,3040,3040,1000,0.6,binomial,0.1,3125658334,-0.3761939162808556,0.004658134594608834,0.01850295066833496,-0.42592078539325445,0.00034312594464473196,0.021646976470947266,ok
n,3040,3040,1000,0.6,binomial,0.1,2734987911,-0.3371840496187367,0.011504792298166705,0.018733739852905273,-0.45203699202298553,5.7646778732410455e-05,0.020872831344604492,ok
n,3040,3040,1000,0.6,binomial,0.1,2384443122,-0.35502192308939884,0.007996387325493582,0.015973567962646484,-0.43995714312534706,2.0135873128372896e-05,0.02234482765197754,ok
n,3040,3040,1000,0.6,binomial,0.1,714782370,-0.38647271062104815,0.0076058457157265015,0.02510237693786621,-0.4595789074328275,0.00019895957535917178,0.031066179275512695,ok
n,3040,3040,1000,0.6,binomial,0.1,3342860453,-0.3522523932779922,0.008499374298277747,0.02571392059326172,-0.43696291070584936,5.5973347081736155e-05,0.024403095245361328,ok
n,3040,3040,1000,0.6,binomial,0.1,2790424227,-0.3857711339557596,0.007728709032100476,0.026408672332763672,-0.45639569323669565,0.0002988928300734954,0.024712085723876953,ok
n,3040,3040,1000,0.6,binomial,0.1,3423353788,-0.3693003103862733,0.005646640883352391,0.020141124725341797,-0.4229793757087945,0.00046074917582617506,0.0240781307220459,ok
n,3040,3040,1000,0.6,binomial,0.1,2958095239,-0.382437820237663,0.008325903740709158,0.016933441162109375,-0.4519106935881182,0.0004740860398579788,0.019114017486572266,ok
n,3040,3040,1000,0.6,binomial,0.1,3562245828,-0.33181666613268124,0.006391689059815083,0.01323699951171875,-0.398378421551244,0.00017919260819329282,0.019932985305786133,ok
n,3040,3040,1000,0.6,binomial,0.1,3969224228,-0.39749602602624073,0.005804639457417481,0.014182329177856445,-0.46535087404475745,6.944449691487169e-05,0.01771998405456543,ok
n,3040,3040,1000,0.6,binomial,0.1,838089174,-0.37597653085585336,0.009546790666585703,0.01657867431640625,-0.44737713051799843,0.0006920624585640122,0.02418684959411621,ok
n,3040,3040,1000,0.6,binomial,0.1,2771836536,-0.37627788055896494,0.004646680431953156,0.018642187118530273,-0.3830531726678338,0.0037688882503496696,0.02682209014892578,ok
n,3040,3040,1000,0.6,binomial,0.1,3333209928,-0.36159191753394826,0.002517308690653811,0.022083044052124023,-0.37724040014493054,0.0011919276866510157,0.019304275512695312,ok
n,3040,3040,1000,0.6,binomial,0.1,517636502,-0.3517100138057865,0.003606566040411212,0.01937556266784668,-0.4033036018666749,7.159028116412257e-05,0.025321483612060547,ok
n,3040,3040,1000,0.6,binomial,0.1,674724751,-0.3862951732635961,0.0033813377388638394,0.016966581344604492,-0.4233952089873344,0.0004430703133288575,0.024303913116455078,ok
n,3040,3040,1000,0.6,binomial,0.1,1468509405,-0.3835422709632558,0.00812556926819036,0.022977828979492188,-0.4408652617555094,0.0010770833984208171,0.022681474685668945,ok
n,3040,3040,1000,0.6,binomial,0.1,2940166135,-0.3943895755609564,0.01115356175019494,0.01661229133605957,-0.4848731310976849,0.00022882216278782846,0.022723913192749023,ok
n,3040,3040,1000,0.6,binomial,0.1,2154284034,-0.33005727322786715,0.006676104550987327,0.014519691467285156,-0.3918967849782532,0.00039473428105156277,0.021882295608520508,ok
n,3040,3040,1000,0.6,binomial,0.1,1166182655,-0.41913074755078605,0.006539835991694696,0.02527761459350586,-0.4855865263474983,0.00020774822273135994,0.03310704231262207,ok
n,3040,3040,1000,0.6,binomial,0.1,523775468,-0.38220221491608214,0.0038740951366613334,0.03307914733886719,-0.42929402624730884,0.00022953517154809705,0.03237605094909668,ok
n,3040,3040,1000,0.6,binomial,0.1,2361128748,-0.35463955851429035,0.008064917536927984,0.032134056091308594,-0.417438688382986,0.0007293108604509993,0.0285336971282959,ok
n,3040,3040,1000,0.6,binomial,0.1,1362663379,-0.3997546776111886,0.0019971752596107716,0.03991293907165527,-0.43029716001818574,0.0002001456566374613,0.05720067024230957,ok
n,3040,3040,1000,0.6,binomial,0.1,1179075891,-0.3900510727955069,0.002958638879339442,0.03083491325378418,-0.42413560761278146,0.0004124488534551099,0.025246381759643555,ok
n,3040,3040,1000,0.6,binomial,0.1,1243484685,-0.3734029475898266,0.010056331696137283,0.02414083480834961,-0.4581781671633496,0.0002404373807741893,0.026313066482543945,ok
n,3040,3040,1000,0.6,binomial,0.1,82573506,-0.39500298271911305,0.006190735609248938,0.0184628963470459,-0.45921667660919263,0.0002093095376431098,0.02248835563659668,ok
n,3040,3040,1000,0.6,binomial,0.1,1518485986,-0.41624621362456776,0.003299123488085219,0.02093791961669922,-0.45214185806958224,0.0004640729493701354,0.021891355514526367,ok
n,3040,3040,1000,0.6,binomial,0.1,2982510237,-0.40975538419558205,0.004086894836025119,0.018769264221191406,-0.44422571900076707,0.0008678027229608274,0.02428293228149414,ok
n,3040,3040,1000,0.6,binomial,0.1,2146314306,-0.36591726458806195,0.006166517976196641,0.02172565460205078,-0.43294807223154086,0.00013216657405762112,0.026070117950439453,ok
n,4040,4040,1000,0.6,binomial,0.1,2003409182,-0.38616141590804925,0.007660239577791271,0.025442123413085938,-0.4463860222547882,0.000745191082907769,0.0401611328125,ok
n,4040,4040,1000,0.6,binomial,0.1,2556468550,-0.3842856155352362,0.007992108786379083,0.03482460975646973,-0.4615114545128495,0.0001481759889633811,0.03890228271484375,ok
n,4040,4040,1000,0.6,binomial,0.1,1626999094,-0.38721404695791184,0.007477089187546539,0.030679702758789062,-0.4518033988269946,0.00047876992062115205,0.03522610664367676,ok
n,4040,4040,1000,0.6,binomial,0.1,2607385473,-0.4013656875342203,0.001855779296930182,0.020332813262939453,-0.4266262531536536,0.0003174879408752138,0.03170156478881836,ok
n,4040,4040,1000,0.6,binomial,0.1,1466082943,-0.3954142999419376,0.00612617890288656,0.02017045021057129,-0.4552524753554112,0.00033972886141036266,0.022915363311767578,ok
n,4040,4040,1000,0.6,binomial,0.1,3890968778,-0.3681046345483472,0.011147046863687652,0.03055548667907715,-0.4551472723045707,0.00034361807863679533,0.029953479766845703,ok
n,4040,4040,1000,0.6,binomial,0.1,4246959534,-0.3718734657253066,0.005266546952253553,0.023769855499267578,-0.4259133998225889,0.00034339961477719994,0.02954578399658203,ok
n,4040,4040,1000,0.6,binomial,0.1,2137857281,-0.3462671328836838,0.009638784505298656,0.024100542068481445,-0.44846656483843056,1.6177452463719216e-05,0.026514053344726562,ok
n,4040,4040,1000,0.6,binomial,0.1,164394434,-0.43497122465561133,0.001498695275025365,0.02184009552001953,-0.4402667192713055,0.0011167287217786906,0.028398990631103516,ok
n,4040,4040,1000,0.6,binomial,0.1,3672690052,-0.3945936049381428,0.00625532389230395,0.03266310691833496,-0.4543605929986601,0.00037340219435512303,0.037299394607543945,ok
n,4040,4040,1000,0.6,binomial,0.1,2404603284,-0.3709688822651928,0.005398658237557069,0.024057388305664062,-0.4229785573264809,0.00046078430976115325,0.02768850326538086,ok
n,4040,4040,1000,0.6,binomial,0.1,861671677,-0.4171645951173101,0.003194466925981919,0.030000686645507812,-0.4614550576403766,0.00014955218030767583,0.03255176544189453,ok
n,4040,4040,1000,0.6,binomial,0.1,3592648294,-0.37863284291180255,0.009034762485389342,0.0294339656829834,-0.4490522639910668,0.0006067327901153666,0.03080296516418457,ok
n,4040,4040,1000,0.6,binomial,0.1,4219612204,-0.39680130617654824,0.005910980981255511,0.019562244415283203,-0.4484579119010484,0.0006363661423311694,0.027100563049316406,ok
n,4040,4040,1000,0.6,binomial,0.1,2135266716,-0.3894894779532869,0.007088752993043853,0.023672103881835938,-0.4634150189504241,0.00010545629562236575,0.030689477920532227,ok
n,4040,4040,1000,0.6,binomial,0.1,336399281,-0.404690355378219,0.004760152048196564,0.02205061912536621,-0.46351261348523504,0.00010346138636612332,0.026829004287719727,ok
n,4040,4040,1000,0.6,binomial,0.1,1932948813,-0.3678368779915193,0.005868719237839336,0.028189420700073242,-0.43221926755637635,0.00014945494994455364,0.03554034233093262,ok
n,4040,4040,1000,0.6,binomial,0.1,3779440239,-0.34719537172664183,0.009457382144472455,0.020176172256469727,-0.4272834291794337,0.00029450044492593155,0.02646946907043457,ok
n,4040,4040,1000,0.6,binomial,0.1,3288106415,-0.3560301368438072,0.007817089788500098,0.024617910385131836,-0.42661505244157066,0.00031788721919213866,0.030842065811157227,ok
n,4040,4040,1000,0.6,binomial,0.1,3216837944,-0.37634265063643113,0.0046378543198691575,0.031133174896240234,-0.4307743359655383,0.00018687186582506032,0.029256582260131836,ok
n,4040,4040,1000,0.6,binomial,0.1,3060553201,-0.4012607109370133,0.005245163292761699,0.03097391128540039,-0.45461073718074924,0.0003637973854640389,0.033080101013183594,ok
n,4040,4040,1000,0.6,binomial,0.1,1177593651,-0.3671645475326179,0.005972182466702534,0.024477005004882812,-0.4295574416895011,0.0002216228510256898,0.02976679801940918,ok
n,4040,4040,1000,0.6,binomial,0.1,3681984854,-0.3852974353662574,0.00349836868289514,0.02844977378845215,-0.42189731780120154,0.0005083729198664328,0.031946420669555664,ok
n,4040,4040,1000,0.6,binomial,0.1,149118367,-0.344725253563651,0.004494288167191505,0.02866983413696289,-0.4074697956725181,1.8446253710543218e-05,0.03073883056640625,ok
n,4040,4040,1000,0.6,binomial,0.1,1849545639,-0.36100566688157704,0.006962029601185662,0.016899585723876953,-0.42169807649803415,0.0005173972547534807,0.03006434440612793,ok
n,4040,4040,1000,0.6,binomial,0.1,1915087823,-0.3534409257656528,0.00828164041192118,0.03124213218688965,-0.43158322967798507,0.00016541084526899204,0.03565692901611328,ok
n,4040,4040,1000,0.6,binomial,0.1,884721174,-0.3818495476984436,0.003918121098642505,0.022736787796020508,-0.42632719941050085,0.0003282345676199531,0.02112555503845215,ok
n,4040,4040,1000,0.6,binomial,0.1,1149996483,-0.38899186371577854,0.012322806321296285,0.02971959114074707,-0.4956955126851396,1.8528611043793956e-05,0.03541922569274902,ok
n,4040,4040,1000,0.6,binomial,0.1,4220707382,-0.36691903196513165,0.01139880335320154,0.02961134910583496,-0.39573455216234577,0.0060761492390596465,0.03487706184387207,ok
n,4040,4040,1000,0.6,binomial,0.1,728423228,-0.3801327693370637,0.004135991555117294,0.030084609985351562,-0.4189283788397682,0.0006510696039421413,0.029385805130004883,ok
n,4040,4040,1000,0.6,binomial,0.1,1967315514,-0.391683947711304,0.0067240431017310115,0.026999473571777344,-0.4583803422404308,0.00023420838451171779,0.029613256454467773,ok
n,4040,4040,1000,0.6,binomial,0.1,694569576,-0.37993219711309584,0.004161830055741092,0.02735590934753418,-0.4317288918496128,0.00016168527779192985,0.029346942901611328,ok
n,4040,4040,1000,0.6,binomial,0.1,1952394912,-0.3597109133161193,0.007179771297474839,0.029357433319091797,-0.4224154598975751,0.00048527616016620645,0.023145437240600586,ok
n,4040,4040,1000,0.6,binomial,0.1,2955618638,-0.389379684066746,0.0071072531815723075,0.030153512954711914,-0.4588675655787826,0.00021953296750126136,0.029703378677368164,ok
n,4040,4040,1000,0.6,binomial,0.1,3309258835,-0.4035703187161871,0.004915957824762436,0.030951976776123047,-0.4526109900329095,0.0004440806219637201,0.03321647644042969,ok
n,4040,4040,1000,0.6,binomial,0.1,317533377,-0.40856880099831855,0.008359664150885075,0.028290271759033203,-0.48338239859732385,0.0002761446763782244,0.029984474182128906,ok
n,4040,4040,1000,0.6,binomial,0.1,1527507611,-0.35514521359462387,0.007974352630369544,0.02259969711303711,-0.4100600281636827,0.0011822880829687116,0.030955076217651367,ok
n,4040,4040,1000,0.6,binomial,0.1,1415955110,-0.40828542831667114,0.008411562659056468,0.028884172439575195,-0.4827109176438505,0.0002989123687177203,0.02159881591796875,ok
n,4040,4040,1000,0.6,binomial,0.1,1563444596,-0.3625479562330524,0.006707034781358669,0.02357935905456543,-0.42173422946230976,0.0005157538645347735,0.031031131744384766,ok
n,4040,4040,1000,0.6,binomial,0.1,3492580233,-0.37195005994696223,0.005255435783668786,0.028116941452026367,-0.4265180479971616,0.00032135568958515455,0.023891687393188477,ok
n,4040,4040,1000,0.6,binomial,0.1,2101676313,-0.36067286790253106,0.007017677036317649,0.02852916717529297,-0.43037360546005626,0.00019798850972457753,0.03413128852844238,ok
n,4040,4040,1000,0.6,binomial,0.1,2609699585,-0.3332356821895627,0.006166807562142811,0.02756476402282715,-0.3986931950907949,0.00017086439437381711,0.036940813064575195,ok
n,4040,4040,1000,0.6,binomial,0.1,3694743232,-0.3721740713121611,0.005223006832679455,0.031174898147583008,-0.4235017354343722,0.00043859706068056034,0.0340421199798584,ok
n,4040,4040,1000,0.6,binomial,0.1,43991982,-0.36889408851278266,0.005707856281400779,0.03020620346069336,-0.42958819048014646,0.00022070828185171887,0.0288240909576416,ok
n,4040,4040,1000,0.6,binomial,0.1,4262881764,-0.33707070569353365,0.005579193664207334,0.023275136947631836,-0.3954660782139653,0.0002656452638727309,0.03061389923095703,ok
n,4040,4040,1000,0.6,binomial,0.1,1861658710,-0.357789980070599,0.007508996195918049,0.030745267868041992,-0.43166057613295633,0.00016342728900546933,0.02218174934387207,ok
n,4040,4040,1000,0.6,binomial,0.1,570706956,-0.37746043047380406,0.009259015847594159,0.027945280075073242,-0.4441782706686581,0.0008706004868837135,0.02805781364440918,ok
n,4040,4040,1000,0.6,binomial,0.1,1037791459,-0.36208964469794186,0.006782313041286538,0.02916407585144043,-0.4295399313314642,0.00022214451113500007,0.032106637954711914,ok
n,4040,4040,1000,0.6,binomial,0.1,1569431836,-0.37320418618022316,0.010096235292591373,0.0192410945892334,-0.4538405976663006,0.00039376897133816205,0.023184776306152344,ok
n,4040,4040,1000,0.6,binomial,0.1,925632437,-0.36796580577211235,0.005848982173173126,0.02626180648803711,-0.429268787906255,0.00023030055136509127,0.031491756439208984,ok
n,5040,5040,1000,0.6,binomial,0.1,2834904991,-0.3545707682033581,0.008077277681087605,0.033286333084106445,-0.42541278425339746,0.0003622040896274817,0.033556461334228516,ok
n,5040,5040,1000,0.6,binomial,0.1,3391528270,-0.35650643548144234,0.007733093420377034,0.032824039459228516,-0.42537329994764217,0.00036370855241791075,0.03892350196838379,ok
n,5040,5040,1000,0.6,binomial,0.1,4143800568,-0.3866996655085531,0.007566311071947186,0.037671566009521484,-0.4591883336519596,0.00021013044635649538,0.04107213020324707,ok
n,5040,5040,1000,0.6,binomial,0.1,1422135692,-0.35894009689286205,0.00731099345022179,0.030944108963012695,-0.4138535162310504,0.0009358048889570276,0.0361177921295166,ok
n,5040,5040,1000,0.6,binomial,0.1,2031126715,-0.38801968997454883,0.007338410081364108,0.03552436828613281,-0.4509246523235723,0.000517997489584069,0.032167673110961914,ok
n,5040,5040,1000,0.6,binomial,0.1,3149507297,-0.37605473143206725,0.009531515188214318,0.03668475151062012,-0.44802931661313466,0.0006581735816965794,0.03437662124633789,ok
n,5040,5040,1000,0.6,binomial,0.1,1247563642,-0.36380522263671766,0.012073391979642458,0.029476404190063477,-0.45901612821981636,0.00021515263855024263,0.03004145622253418,ok
n,5040,5040,1000,0.6,binomial,0.1,2063672444,-0.3720421412555514,0.010331110245642872,0.037047624588012695,-0.45740705772821916,0.00026494570321258597,0.04038214683532715,ok
n,5040,5040,1000,0.6,binomial,0.1,1488112041,-0.38133863663774764,0.003982342978935752,0.032759904861450195,-0.43828931368901397,3.7885634616445813e-05,0.02797842025756836,ok
n,5040,5040,1000,0.6,binomial,0.1,2425126116,-0.3929323344255792,0.0065208654937887215,0.036150217056274414,-0.4479381367098674,0.0006628603169620122,0.031337738037109375,ok
n,5040,5040,1000,0.6,binomial,0.1,3890530114,-0.4113609495937544,0.007856881256920946,0.03101515769958496,-0.4648003222284494,0.0012390173152209923,0.04054975509643555,ok
n,5040,5040,1000,0.6,binomial,0.1,300097794,-0.3911689638982402,0.006808765926092147,0.037546634674072266,-0.4599810901323027,0.0001877755085328181,0.037076473236083984,ok
n,5040,5040,1000,0.6,binomial,0.1,202998311,-0.37628858484425126,0.01530451423983802,0.02548527717590332,-0.4715376330949315,0.0008101063298387376,0.02806878089904785,ok
n,5040,5040,1000,0.6,binomial,0.1,1098832502,-0.3852682393103082,0.007817383966069891,0.03482532501220703,-0.45340601788744395,0.0004112050966991974,0.03647303581237793,ok
n,5040,5040,1000,0.6,binomial,0.1,2052178470,-0.3709878781292262,0.005395867134822055,0.02568364143371582,-0.43529926737858043,8.363426356600461e-05,0.04244065284729004,ok
n,5040,5040,1000,0.6,binomial,0.1,3982048255,-0.3590997883747304,0.007283710319657776,0.03077244758605957,-0.43194158092179696,0.00015632159626594836,0.03440666198730469,ok
n,5040,5040,1000,0.6,binomial,0.1,4002960246,-0.41290135788648347,0.0075861734580184356,0.027573347091674805,-0.4817677373467882,0.0003324154014557024,0.036696672439575195,ok
n,5040,5040,1000,0.6,binomial,0.1,2344988326,-0.3952875972785512,0.006146028968719588,0.032164573669433594,-0.44910488002191185,0.0006041434880447237,0.03868293762207031,ok
n,5040,5040,1000,0.6,binomial,0.1,44203601,-0.36216709611041964,0.006769562048878451,0.0282289981842041,-0.4314130378897093,0.0001698175567947933,0.03163552284240723,ok
n,5040,5040,1000,0.6,binomial,0.1,1751252760,-0.4057284932835524,0.00888711697858922,0.0309298038482666,-0.4793675160648315,0.0004256993933349853,0.036271095275878906,ok
n,5040,5040,1000,0.6,binomial,0.1,3740000321,-0.35219422844239434,0.008510102352424897,0.02296304702758789,-0.41540520660943564,0.0008432773340382054,0.02403998374938965,ok
n,5040,5040,1000,0.6,binomial,0.1,3406653530,-0.36226045726562955,0.006754207748607606,0.03337717056274414,-0.4124196419668239,0.0010255879737306093,0.03469657897949219,ok
n,5040,5040,1000,0.6,binomial,0.1,2478145369,-0.39127754088038535,0.006790859202133517,0.029809236526489258,-0.44525112958552404,0.0008084400917856167,0.032000064849853516,ok
n,5040,5040,1000,0.6,binomial,0.1,3095712030,-0.3931132028038857,0.006491687285407898,0.03647279739379883,-0.46165134685153586,0.00014478980821583905,0.036005496978759766,ok
n,5040,5040,1000,0.6,binomial,0.1,2207359444,-0.3623271903135608,0.0067432434259961215,0.03920102119445801,-0.4277591290962233,0.0002783997482695825,0.04875922203063965,ok
n,5040,5040,1000,0.6,binomial,0.1,1660672265,-0.32143808324650974,0.008158898756798018,0.04450631141662598,-0.3930801960722075,0.0003491109068454201,0.04244804382324219,ok
n,5040,5040,1000,0.6,binomial,0.1,3525450229,-0.3491193488661649,0.009086873847008124,0.04409432411193848,-0.4191228581901204,0.0006411827304351708,0.04109644889831543,ok
n,5040,5040,1000,0.6,binomial,0.1,1671548641,-0.38657745369857993,0.007587587085046313,0.02997303009033203,-0.4719511092708964,3.0036399615363785e-06,0.03329753875732422,ok
n,5040,5040,1000,0.6,binomial,0.1,242687526,-0.40403441656465616,0.009209393204085939,0.026412010192871094,-0.4907940039038834,8.475036412171424e-05,0.035060882568359375,ok
n,5040,5040,1000,0.6,binomial,0.1,554184772,-0.3871382531917276,0.0074902027309603604,0.03295779228210449,-0.4582856093526506,0.00023711691810560342,0.03528118133544922,ok
n,5040,5040,1000,0.6,binomial,0.1,1425630028,-0.39462704993329173,0.006250034641031201,0.03728938102722168,-0.4499346111525852,0.0005640434704127055,0.044553279876708984,ok
n,5040,5040,1000,0.6,binomial,0.1,2664845411,-0.41189408513616843,0.003818019595730137,0.03898119926452637,-0.44425320146042546,0.0008661842946365204,0.03973579406738281,ok
n,5040,5040,1000,0.6,binomial,0.1,4158229905,-0.3901742847745489,0.006973907699065622,0.03400731086730957,-0.4389279739238718,0.0012079959827650704,0.04201221466064453,ok
n,5040,5040,1000,0.6,binomial,0.1,608095043,-0.3933713579287458,0.0064501542923590125,0.029217958450317383,-0.45818048967466196,0.0002403653602460066,0.038138628005981445,ok
n,5040,5040,1000,0.6,binomial,0.1,3389019639,-0.3908954689803412,0.00685397572676618,0.03847312927246094,-0.45558920157227367,0.0003274293490468655,0.04174375534057617,ok
n,5040,5040,1000,0.6,binomial,0.1,1117608069,-0.38634450862449077,0.007628223528299663,0.025730371475219727,-0.4496771992351815,0.0005763365911326501,0.030928611755371094,ok
n,5040,5040,1000,0.6,binomial,0.1,2823306203,-0.3522070982126866,0.00850772803987717,0.033307790756225586,-0.43994916682847746,2.020752084461363e-05,0.036521196365356445,ok
n,5040,5040,1000,0.6,binomial,0.1,926179998,-0.3437661214813172,0.010136124714667752,0.032874345779418945,-0.4401232075505382,1.867308829325639e-05,0.03475809097290039,ok
n,5040,5040,1000,0.6,binomial,0.1,1301272021,-0.35477568256763176,0.008040486856520533,0.03665947914123535,-0.40287675809664775,0.0017278725483088019,0.03282523155212402,ok
n,5040,5040,1000,0.6,binomial,0.1,4178603270,-0.39199570988569027,0.006673011136913481,0.037004709243774414,-0.45094731206806665,0.0005169665515007333,0.0345611572265625,ok
n,5040,5040,1000,0.6,binomial,0.1,376488434,-0.38641097960596793,0.012902465554075834,0.03470206260681152,-0.49741679489026686,6.672948638951426e-06,0.040227651596069336,ok
n,5040,5040,1000,0.6,binomial,0.1,4077693986,-0.3887412836380359,0.003102842123824607,0.04220128059387207,-0.43330393312804644,0.0001241109923907915,0.03648519515991211,ok
n,5040,5040,1000,0.6,binomial,0.1,2607227223,-0.398161268790753,0.00570371472839322,0.03335762023925781,-0.45255023346974593,0.00044664498622762236,0.04735851287841797,ok
n,5040,5040,1000,0.6,binomial,0.1,1471142916,-0.3660753703461177,0.006141711775029024,0.0420072078704834,-0.4317222587855841,0.0001618540079385106,0.04596209526062012,ok
n,5040,5040,1000,0.6,binomial,0.1,3400210458,-0.36274882060857283,0.00667417495393223,0.03285789489746094,-0.43219431823681814,0.00015006559210277215,0.03912854194641113,ok
n,5040,5040,1000,0.6,binomial,0.1,273747260,-0.3624985530046196,0.006715129123867557,0.029815196990966797,-0.4126817962178299,0.0010088658223676578,0.03905940055847168,ok
n,5040,5040,1000,0.6,binomial,0.1,3133159902,-0.4114080618560567,0.007848531504100273,0.03306865692138672,-0.47690332214928083,0.0005334565277399016,0.025361061096191406,ok
n,5040,5040,1000,0.6,binomial,0.1,4141030569,-0.3845621780391723,0.007942736674639463,0.03426551818847656,-0.45081193779509243,0.000523140859891465,0.033812761306762695,ok
n,5040,5040,1000,0.6,binomial,0.1,2004155231,-0.3907958522306102,0.006870479940957271,0.03292584419250488,-0.44791595668482503,0.0006640029060395046,0.03873395919799805,ok
n,5040,5040,1000,0.6,binomial,0.1,4140692821,-0.37640340962471114,0.00946355422405765,0.03999495506286621,-0.4564786670995427,0.00029603072461057523,0.03794741630554199,ok
n,6040,6040,1000,0.6,binomial,0.1,2267512913,-0.3619148467886455,0.006811134489228051,0.04356503486633301,-0.42611448190834517,0.0003359875265748022,0.046251773834228516,ok
n,6040,6040,1000,0.6,binomial,0.1,3061428546,-0.4096022955075687,0.00817174497750093,0.04453778266906738,-0.48852856767428304,0.00013159375960350396,0.03599977493286133,ok
n,6040,6040,1000,0.6,binomial,0.1,2395104275,-0.37362009830839477,0.010012826553960697,0.03655886650085449,-0.45650205965930496,0.000295226308416722,0.04537034034729004,ok
n,6040,6040,1000,0.6,binomial,0.1,1000073880,-0.3623516183867568,0.006739232090137759,0.041129112243652344,-0.4264174326480393,0.00032497315430773027,0.04023122787475586,ok
n,6040,6040,1000,0.6,binomial,0.1,2608765024,-0.37407451781681694,0.009922090881680794,0.04262828826904297,-0.45513090502374615,0.0003442251450716821,0.044901132583618164,ok
n,6040,6040,1000,0.6,binomial,0.1,3790104586,-0.3897580254709738,0.00704360453794351,0.034323930740356445,-0.458863915609797,0.0002196411414125935,0.02661418914794922,ok
n,6040,6040,1000,0.6,binomial,0.1,1814733653,-0.3911852388003915,0.011840652254927819,0.03434467315673828,-0.4471626113980238,0.002791789634276242,0.0495600700378418,ok
n,6040,6040,1000,0.6,binomial,0.1,1406957998,-0.37499032401601096,0.009740483234508936,0.029065847396850586,-0.4633191507457476,0.00010743446425475315,0.037824392318725586,ok
n,6040,6040,1000,0.6,binomial,0.1,4205173290,-0.40355184668857885,0.009302246277183398,0.04203009605407715,-0.4758055930121261,0.0005853693294948812,0.045563459396362305,ok
n,6040,6040,1000,0.6,binomial,0.1,3389141757,-0.39078670336281607,0.006871996693922492,0.0407865047454834,-0.43807519051501637,0.0012680023061651248,0.04546642303466797,ok
n,6040,6040,1000,0.6,binomial,0.1,1222897894,-0.3518244815217042,0.008578457531809773,0.040704965591430664,-0.42544549781671026,0.0003609599729634912,0.04650235176086426,ok
n,6040,6040,1000,0.6,binomial,0.1,3345600729,-0.3814648389068696,0.008504412501885522,0.0342710018157959,-0.44605094578569626,0.000763597320225168,0.04156184196472168,ok
n,6040,6040,1000,0.6,binomial,0.1,2690101446,-0.3739993104380205,0.009937079305613423,0.029580354690551758,-0.4522890878028484,0.0004577512763522329,0.03937935829162598,ok
n,6040,6040,1000,0.6,binomial,0.1,617762685,-0.3626758678673547,0.00668610011544339,0.040785789489746094,-0.43255644335639826,0.00014132456986938675,0.04159069061279297,ok
n,6040,6040,1000,0.6,binomial,0.1,4101303619,-0.39354787287901527,0.006421832611522159,0.03747701644897461,-0.45082321298167605,0.0005226252087360256,0.04973316192626953,ok
n,6040,6040,1000,0.6,binomial,0.1,3125136315,-0.34873057383046435,0.009161145027909717,0.04373908042907715,-0.43039799723283867,0.00019730267926842696,0.04545164108276367,ok
n,6040,6040,1000,0.6,binomial,0.1,3800968107,-0.42750712370627164,0.009274152265646847,0.04305315017700195,-0.5093408051245764,0.0002093438203841451,0.044492244720458984,ok
n,6040,6040,1000,0.6,binomial,0.1,285778481,-0.370692070075322,0.005439412725083184,0.030247926712036133,-0.4262538322158169,0.00033089837325229234,0.046358585357666016,ok
n,6040,6040,1000,0.6,binomial,0.1,4253698565,-0.3780431189026184,0.009147218406972489,0.034842729568481445,-0.4469308400752025,0.0007157428304945029,0.04637932777404785,ok
n,6040,6040,1000,0.6,binomial,0.1,1635216484,-0.44217452562330356,0.01066676249634171,0.03566598892211914,-0.5184473486035079,0.0007293886817506884,0.04040694236755371,ok
n,6040,6040,1000,0.6,binomial,0.1,3062697723,-0.38203731020886006,0.008399154337797672,0.03126955032348633,-0.4473665348083124,0.0006926200551979868,0.03010416030883789,ok
n,6040,6040,1000,0.6,binomial,0.1,772787564,-0.3427506325317072,0.01034163138134318,0.036031246185302734,-0.4280537668346251,0.0002686543125090326,0.041808128356933594,ok
n,6040,6040,1000,0.6,binomial,0.1,1560797097,-0.36717695131221717,0.0113437962652992,0.04278683662414551,-0.46138121851194214,0.00015136361250574258,0.043256282806396484,ok
n,6040,6040,1000,0.6,binomial,0.1,964132313,-0.3561819934589134,0.007790260253973269,0.042922258377075195,-0.42752275106956683,0.00028634370667337606,0.041903018951416016,ok
n,6040,6040,1000,0.6,binomial,0.1,1216467615,-0.3773985169058215,0.009270934795979702,0.04139852523803711,-0.44549972584239206,0.000794365176898333,0.04807472229003906,ok
n,6040,6040,1000,0.6,binomial,0.1,1207998608,-0.34010149865436545,0.010887450336151358,0.033794403076171875,-0.42579942072886773,0.00034763690935441725,0.03666567802429199,ok
n,6040,6040,1000,0.6,binomial,0.1,3813362239,-0.363741277245226,0.006513001195985007,0.0428619384765625,-0.40766305628862887,0.0013528705146687687,0.03639817237854004,ok
n,6040,6040,1000,0.6,binomial,0.1,1017673930,-0.38244654471976935,0.008324311661827058,0.038655757904052734,-0.45749469523133146,0.00026210040548653245,0.041230201721191406,ok
n,6040,6040,1000,0.6,binomial,0.1,42960713,-0.3544699778300417,0.00809540464254627,0.032201290130615234,-0.4300561962573919,0.00020702168589222048,0.028354406356811523,ok
n,6040,6040,1000,0.6,binomial,0.1,3272761664,-0.385238313464864,0.007822676707004934,0.02703690528869629,-0.4606613715698093,0.00016959433448710388,0.04055905342102051,ok
n,6040,6040,1000,0.6,binomial,0.1,2341723761,-0.39021788519479317,0.00696662746434758,0.04267573356628418,-0.4401996410944844,0.0011212163900351394,0.04336833953857422,ok
n,6040,6040,1000,0.6,binomial,0.1,4208803674,-0.35526308359634085,0.007953315122719662,0.04612135887145996,-0.42710192227728655,0.0003007630751183621,0.042212486267089844,ok
n,6040,6040,1000,0.6,binomial,0.1,2030841677,-0.40770072529481644,0.00851915611110294,0.04000568389892578,-0.472722785604706,0.000744046425166835,0.034059762954711914,ok
n,6040,6040,1000,0.6,binomial,0.1,1474383026,-0.4051460535435729,0.008997271158358737,0.042430877685546875,-0.46944890965566566,0.000933369121227679,0.04922914505004883,ok
n,6040,6040,1000,0.6,binomial,0.1,858822619,-0.3941494784620805,0.006325773604529705,0.041768789291381836,-0.45002990534367615,0.0005595261536734538,0.04461026191711426,ok
n,6040,6040,1000,0.6,binomial,0.1,1613632718,-0.3784946144936893,0.004349380070533515,0.04398751258850098,-0.4308919527436154,0.00018367003130103908,0.037642717361450195,ok
n,6040,6040,1000,0.6,binomial,0.1,3900794659,-0.354376517464416,0.00811223147047973,0.034654855728149414,-0.43118071338914604,0.00017592656150728663,0.0427548885345459,ok
n,6040,6040,1000,0.6,binomial,0.1,4222406786,-0.4044010284753149,0.004800159315112137,0.040045738220214844,-0.44721705658189526,0.0007005102379176569,0.042432308197021484,ok
n,6040,6040,1000,0.6,binomial,0.1,2445025697,-0.4171675551808648,0.006861213914715079,0.03391075134277344,-0.47505133674857375,0.0006224357980330667,0.04218459129333496,ok
n,6040,6040,1000,0.6,binomial,0.1,702983664,-0.39072574607778593,0.0068821068236579975,0.03197002410888672,-0.45695220902645395,0.0002799598741913799,0.0506901741027832,ok
n,6040,6040,1000,0.6,binomial,0.1,1501027944,-0.3777197032968795,0.00920918664778854,0.040320396423339844,-0.45210941041193015,0.000465471999975696,0.0471949577331543,ok
n,6040,6040,1000,0.6,binomial,0.1,2798904886,-0.4047227694788787,0.004755680351339145,0.03883695602416992,-0.46517230718820407,7.245249843735792e-05,0.04641366004943848,ok
n,6040,6040,1000,0.6,binomial,0.1,3113484211,-0.42586030685426096,0.005496694099744344,0.03452897071838379,-0.47550865375731727,0.0005998260407789696,0.04734396934509277,ok
n,6040,6040,1000,0.6,binomial,0.1,87275351,-0.39960189425715387,0.005488189583804138,0.031244516372680664,-0.4530943824297288,0.00042394102104700317,0.03101491928100586,ok
n,6040,6040,1000,0.6,binomial,0.1,2832465702,-0.37198510069502966,0.010342708940476005,0.039212942123413086,-0.46583298233041326,6.164178418413537e-05,0.04352688789367676,ok
n,6040,6040,1000,0.6,binomial,0.1,728497418,-0.3780256906752922,0.004411450852247274,0.040303945541381836,-0.4285750208225981,0.0002518386060896148,0.038939714431762695,ok
n,6040,6040,1000,0.6,binomial,0.1,35713661,-0.3947512104196489,0.006230418505839081,0.04186582565307617,-0.45506999561562467,0.00034648899674139677,0.05352067947387695,ok
n,6040,6040,1000,0.6,binomial,0.1,1210009376,-0.3633379610931702,0.006578261641610525,0.044078826904296875,-0.4135188667095071,0.0009563913582396506,0.038732290267944336,ok
n,6040,6040,1000,0.6,binomial,0.1,916636769,-0.38696641872747284,0.0075199754144674785,0.04252219200134277,-0.46496575169139953,7.601152445612987e-05,0.042765140533447266,ok
n,6040,6040,1000,0.6,binomial,0.1,1311646717,-0.38653265094958894,0.0075953943366557745,0.02824234962463379,-0.45696500773166415,0.0002795317420886881,0.03688383102416992,ok
n,7040,7040,1000,0.6,binomial,0.1,316088587,-0.38470226392523826,0.007917786820917018,0.045249223709106445,-0.4572654058169178,0.00026957714808534977,0.04520368576049805,ok
n,7040,7040,1000,0.6,binomial,0.1,783200138,-0.38821479568916073,0.007305020872605706,0.02967691421508789,-0.46078217910894775,0.0001664624146947526,0.04698586463928223,ok
n,7040,7040,1000,0.6,binomial,0.1,2132000252,-0.36821503970366465,0.005810922147133617,0.0299379825592041,-0.420840411887304,0.0005571503529585459,0.035114288330078125,ok
n,7040,7040,1000,0.6,binomial,0.1,4279644526,-0.392765348740968,0.00654786219263622,0.04778242111206055,-0.45729115496098083,0.00026873227076816054,0.048589468002319336,ok
n,7040,7040,1000,0.6,binomial,0.1,384316860,-0.391722624933444,0.006717701512897652,0.05291318893432617,-0.45835141357817966,0.00023509466225277363,0.047844886779785156,ok
n,7040,7040,1000,0.6,binomial,0.1,2546740465,-0.3558710683322623,0.007845242955910077,0.03872942924499512,-0.43337885903071816,0.00012244718054847147,0.05559992790222168,ok
n,7040,7040,1000,0.6,binomial,0.1,3327421938,-0.3812591472915597,0.00854239231394867,0.04609870910644531,-0.4548041062669146,0.00035645833684586054,0.04523944854736328,ok
n,7040,7040,1000,0.6,binomial,0.1,2552346084,-0.3754957785136571,0.00475391853363531,0.043146610260009766,-0.4255961396122023,0.00035525859504912267,0.04078078269958496,ok
n,7040,7040,1000,0.6,binomial,0.1,610180238,-0.363938659176638,0.006481181461586161,0.04067087173461914,-0.4142919256909821,0.0009091743871778963,0.037221431732177734,ok
n,7040,7040,1000,0.6,binomial,0.1,2909289209,-0.34938027217951484,0.009037196848416206,0.032439470291137695,-0.41969957478557357,0.0006123085744345071,0.03882122039794922,ok
n,7040,7040,1000,0.6,binomial,0.1,1551034745,-0.36728904259124967,0.005952956035127968,0.043015241622924805,-0.433508415526118,0.00011959672850247132,0.05285286903381348,ok
n,7040,7040,1000,0.6,binomial,0.1,1781338105,-0.4014648521689246,0.009709175358091886,0.038892269134521484,-0.48482164912483927,0.00023038233528949246,0.03161048889160156,ok
n,7040,7040,1000,0.6,binomial,0.1,1262367782,-0.3952532618011788,0.006151413717925071,0.04304313659667969,-0.45566196574161566,0.00032480130707965207,0.05064582824707031,ok
n,7040,7040,1000,0.6,binomial,0.1,1762075334,-0.3608326435353404,0.006990933251263649,0.03503108024597168,-0.4250796066134904,0.00037499694421914704,0.0430760383605957,ok
n,7040,7040,1000,0.6,binomial,0.1,81623018,-0.3712261472238675,0.01049765473568851,0.045917510986328125,-0.45450137040845906,0.0003679813549872547,0.05211973190307617,ok
n,7040,7040,1000,0.6,binomial,0.1,3144770083,-0.37465933874794033,0.009805925230723706,0.03182506561279297,-0.456233008192065,0.00030454446291096034,0.04950404167175293,ok
n,7040,7040,1000,0.6,binomial,0.1,2652987808,-0.40254779622633236,0.009496932020344443,0.036592721939086914,-0.47627721826083363,0.0005627703734441252,0.05250716209411621,ok
n,7040,7040,1000,0.6,binomial,0.1,794145471,-0.39521092996808516,0.006158055761570782,0.03602242469787598,-0.4507869095770755,0.0005242863907600811,0.04173421859741211,ok
n,7040,7040,1000,0.6,binomial,0.1,2385111280,-0.3873210864837223,0.007458589194396391,0.05059528350830078,-0.45124045505168875,0.0005037221598048526,0.046216487884521484,ok
n,7040,7040,1000,0.6,binomial,0.1,3291900336,-0.3774486871490342,0.009261275959699321,0.04430079460144043,-0.45495486589605094,0.00035078835027923177,0.03867292404174805,ok
n,7040,7040,1000,0.6,binomial,0.1,1007521043,-0.3580585912347372,0.007462515634769081,0.05089545249938965,-0.43532311485157177,8.319865354181436e-05,0.046193838119506836,ok
n,7040,7040,1000,0.6,binomial,0.1,1308034584,-0.4087186786133763,0.008332279634088086,0.050997257232666016,-0.4717058080089069,0.000800561300428838,0.04883265495300293,ok
n,7040,7040,1000,0.6,binomial,0.1,355925020,-0.40722205982951437,0.004417217475244345,0.051869869232177734,-0.4534673331612707,0.000408722130393274,0.05618596076965332,ok
n,7040,7040,1000,0.6,binomial,0.1,1292212573,-0.36825828564168955,0.01111462563777886,0.0475766658782959,-0.45636538485657707,0.0002999417225788017,0.058652639389038086,ok
n,7040,7040,1000,0.6,binomial,0.1,323678775,-0.35350284738254556,0.008270374076168771,0.04965567588806152,-0.4128031759461083,0.0010011698721837962,0.04987740516662598,ok
n,7040,7040,1000,0.6,binomial,0.1,2168168455,-0.3986326393131693,0.005632738341562006,0.03311324119567871,-0.4607285095381411,0.0001678501880949915,0.039578914642333984,ok
n,7040,7040,1000,0.6,binomial,0.1,1973125613,-0.34870039507150946,0.009166922990327007,0.038741111755371094,-0.41487860615957334,0.0008741387934871486,0.0410761833190918,ok
n,7040,7040,1000,0.6,binomial,0.1,2646630561,-0.3716268150022102,0.010415711981163738,0.03858613967895508,-0.4565301480134417,0.0002942618606955926,0.046178340911865234,ok
n,7040,7040,1000,0.6,binomial,0.1,486611800,-0.40049292236915135,0.009901658498631739,0.05283713340759277,-0.4705001383711033,0.0008702418361240503,0.051476240158081055,ok
n,7040,7040,1000,0.6,binomial,0.1,3799030368,-0.35137472355267935,0.008661972946871052,0.042670488357543945,-0.4268446366232037,0.00030975323534460563,0.040625572204589844,ok
n,7040,7040,1000,0.6,binomial,0.1,1860341684,-0.38640866780028843,0.007617020358122633,0.042556047439575195,-0.4534374116839225,0.00040993286336434,0.038935184478759766,ok
n,7040,7040,1000,0.6,binomial,0.1,1083363903,-0.3807818608618216,0.008630846573183951,0.04096627235412598,-0.4491644385768974,0.0006012192164514855,0.05386042594909668,ok
n,7040,7040,1000,0.6,binomial,0.1,3042432617,-0.3672326684820703,0.005961658347263852,0.04414224624633789,-0.4251531660252085,0.0003721534230484786,0.05391263961791992,ok
n,7040,7040,1000,0.6,binomial,0.1,1114122542,-0.3900617358720936,0.00699271826729604,0.052872419357299805,-0.46188606172919233,0.00013919631503906638,0.04936361312866211,ok
n,7040,7040,1000,0.6,binomial,0.1,2445822241,-0.37049882433001136,0.0054679547341080475,0.044995784759521484,-0.4205186449874697,0.0005724438796553711,0.032198190689086914,ok
n,7040,7040,1000,0.6,binomial,0.1,257609021,-0.37259183356099873,0.005162797690767858,0.037397146224975586,-0.4206365249800212,0.0005668170292244626,0.0375518798828125,ok
n,7040,7040,1000,0.6,binomial,0.1,47315238,-0.41312571438384377,0.0075471415013174895,0.05402779579162598,-0.47823407815876023,0.0004737553535989583,0.05321097373962402,ok
n,7040,7040,1000,0.6,binomial,0.1,3675304712,-0.3639969411717602,0.006471800782808542,0.0339207649230957,-0.42954345497551666,0.00022203948715309604,0.051930904388427734,ok
n,7040,7040,1000,0.6,binomial,0.1,218545861,-0.38650651718229384,0.007599950216784334,0.0509645938873291,-0.4564959629647828,0.0002954358542365462,0.05726170539855957,ok
n,7040,7040,1000,0.6,binomial,0.1,2386045776,-0.365951503932151,0.006161141710266437,0.04099464416503906,-0.4308349984546043,0.0001852170201503747,0.05086207389831543,ok
n,7040,7040,1000,0.6,binomial,0.1,405568960,-0.36816107408351495,0.005819152593622733,0.04999995231628418,-0.4236138236613549,0.0004339147622088804,0.04216289520263672,ok
n,7040,7040,1000,0.6,binomial,0.1,2077636716,-0.3687371294946143,0.005731597536912773,0.03612399101257324,-0.4171455776995214,0.0007452281255570653,0.046065330505371094,ok
n,7040,7040,1000,0.6,binomial,0.1,3491851556,-0.3857709508593516,0.0077287412252710795,0.03821372985839844,-0.4527322912081373,0.00043898292311546247,0.05117487907409668,ok
n,7040,7040,1000,0.6,binomial,0.1,747088105,-0.38435718191133844,0.007979318041180987,0.0407710075378418,-0.45369973856904494,0.0003993791194109461,0.04682755470275879,ok
n,7040,7040,1000,0.6,binomial,0.1,2822830091,-0.3808873372404399,0.008611259691634916,0.042496442794799805,-0.45670579567318803,0.0002882665709249103,0.057064056396484375,ok
n,7040,7040,1000,0.6,binomial,0.1,693211193,-0.38646539928779333,0.007607121033861016,0.03258967399597168,-0.4541163327636791,0.00038290184013349353,0.03893685340881348,ok
n,7040,7040,1000,0.6,binomial,0.1,1566607104,-0.3438387425961652,0.010121507244384853,0.05106949806213379,-0.4346055896787329,9.680306310076394e-05,0.06009078025817871,ok
n,7040,7040,1000,0.6,binomial,0.1,4053985930,-0.3699656680461026,0.010757536054219795,0.052202463150024414,-0.4441448228280125,0.0008725754255906742,0.05651497840881348,ok
n,7040,7040,1000,0.6,binomial,0.1,2976612033,-0.3683761965894658,0.00578637833172646,0.04650592803955078,-0.4266177948648638,0.00031778943523316235,0.0465395450592041,ok
n,7040,7040,1000,0.6,binomial,0.1,141577416,-0.3858561089293642,0.007713775430124451,0.04718899726867676,-0.4516821215138547,0.00048409192091226346,0.05147123336791992,ok
n,8040,8040,1000,0.6,binomial,0.1,1299537539,-0.39555204216847145,0.010909375895176765,0.0527191162109375,-0.4843875936102506,0.0002437472332786886,0.05787086486816406,ok
n,8040,8040,1000,0.6,binomial,0.1,292484253,-0.40518773235069855,0.008989366096802775,0.045044898986816406,-0.48154389711837375,0.0003406277335771726,0.057968854904174805,ok
n,8040,8040,1000,0.6,binomial,0.1,700997805,-0.3591381619494156,0.007277161833121658,0.05682063102722168,-0.42664107447867916,0.00031695998213791246,0.06563115119934082,ok
n,8040,8040,1000,0.6,binomial,0.1,2244544455,-0.3697089834875054,0.005585389124446154,0.046381235122680664,-0.42391494408911223,0.0004214603848395844,0.06585931777954102,ok
n,8040,8040,1000,0.6,binomial,0.1,1198973423,-0.3520996260358684,0.008527565486912877,0.05014514923095703,-0.4184958746718785,0.0006733282732417224,0.049501895904541016,ok
n,8040,8040,1000,0.6,binomial,0.1,3689525694,-0.36303901892739654,0.00662684330361163,0.05997323989868164,-0.41638369069417536,0.0007874059010332393,0.05823636054992676,ok
n,8040,8040,1000,0.6,binomial,0.1,402868865,-0.4121120830115318,0.007724285952571878,0.05428028106689453,-0.47556282193166777,0.0005971756719433779,0.04306435585021973,ok
n,8040,8040,1000,0.6,binomial,0.1,2646006507,-0.3920251444047837,0.006668203079840755,0.053707122802734375,-0.4610072527695518,0.0001607052579667797,0.05563783645629883,ok
n,8040,8040,1000,0.6,binomial,0.1,825153116,-0.370539509883054,0.010638829270788094,0.03559374809265137,-0.4512509453147045,0.0005032513880544907,0.04348587989807129,ok
n,8040,8040,1000,0.6,binomial,0.1,2072859852,-0.39193196561771415,0.006683429547595987,0.039988040924072266,-0.4521503023734803,0.00046370920033475576,0.0472264289855957,ok
n,8040,8040,1000,0.6,binomial,0.1,387289652,-0.35051170055804526,0.00882336037402786,0.053501129150390625,-0.41839620640388264,0.0006785107050177696,0.06600379943847656,ok
n,8040,8040,1000,0.6,binomial,0.1,2451855548,-0.39337261778585225,0.00644995192851008,0.058759450912475586,-0.4585348056412225,0.00022950446837248902,0.06625938415527344,ok
n,8040,8040,1000,0.6,binomial,0.1,416750430,-0.3920336846307937,0.00666680837901533,0.04252004623413086,-0.4532843006533935,0.00041615632282335436,0.06089186668395996,ok
n,8040,8040,1000,0.6,binomial,0.1,602143314,-0.42485796927929437,0.009791410143948954,0.0565943717956543,-0.5034164791122026,0.0004158762720269392,0.06419777870178223,ok
n,8040,8040,1000,0.6,binomial,0.1,3383657820,-0.37116089806384883,0.010511029598276638,0.05780982971191406,-0.4485226177675822,0.0006331057501563572,0.04626345634460449,ok
n,8040,8040,1000,0.6,binomial,0.1,144617178,-0.3990862018533218,0.005564862897976095,0.04650688171386719,-0.4417835888129295,0.0010176496657005743,0.06147956848144531,ok
n,8040,8040,1000,0.6,binomial,0.1,2388021675,-0.3866237855077084,0.007579517604420569,0.04332232475280762,-0.45359689127128056,0.00040350039485371043,0.0498504638671875,ok
n,8040,8040,1000,0.6,binomial,0.1,2581486151,-0.38100859802707915,0.008588769152108672,0.053369998931884766,-0.4587051491349229,0.00022437228016711843,0.05260729789733887,ok
n,8040,8040,1000,0.6,binomial,0.1,3574014583,-0.3912642715171596,0.0067930463462730325,0.055879831314086914,-0.4660366972490843,5.8484459325432234e-05,0.05471038818359375,ok
n,8040,8040,1000,0.6,binomial,0.1,592142153,-0.3831686275450373,0.008193070762440722,0.05435466766357422,-0.455732710684723,0.0003222563465627075,0.04762125015258789,ok
n,8040,8040,1000,0.6,binomial,0.1,677708735,-0.382911368781006,0.008239708798519058,0.04046154022216797,-0.4563638155099983,0.0002999960835212758,0.04853630065917969,ok
n,8040,8040,1000,0.6,binomial,0.1,1738508688,-0.3545078410658123,0.008088592627285384,0.047479867935180664,-0.4309582960184539,0.00018187619936784594,0.05153965950012207,ok
n,8040,8040,1000,0.6,binomial,0.1,3681152078,-0.3536744397605694,0.008239193750310694,0.03931760787963867,-0.425058196969345,0.00037582659116579893,0.057466745376586914,ok
n,8040,8040,1000,0.6,binomial,0.1,3932955265,-0.3805288620388657,0.008677918951818273,0.05730938911437988,-0.4505666713965096,0.0005344206154181227,0.061719417572021484,ok
n,8040,8040,1000,0.6,binomial,0.1,4130983892,-0.35394960811182213,0.008189315402868094,0.050664663314819336,-0.4355195703038813,7.965337842489272e-05,0.08083915710449219,ok
n,8040,8040,1000,0.6,binomial,0.1,3365433654,-0.409939953847532,0.008110811912984664,0.05277442932128906,-0.4715271134060355,0.0008107052709927645,0.06257319450378418,ok
n,8040,8040,1000,0.6,binomial,0.1,2315641142,-0.3806527095970456,0.004069385434840835,0.0651404857635498,-0.42672295792402504,0.0003140510844934059,0.05599570274353027,ok
n,8040,8040,1000,0.6,binomial,0.1,3032117763,-0.43430244176797206,0.008011517735593061,0.06208395957946777,-0.49862156050845585,0.0006344334952559419,0.05836629867553711,ok
n,8040,8040,1000,0.6,binomial,0.1,2618635675,-0.3842788848153564,0.007993312265482744,0.04120016098022461,-0.4599254264623275,0.00018930413891945946,0.05256295204162598,ok
n,8040,8040,1000,0.6,binomial,0.1,2337308173,-0.3779177122444676,0.009171222193167242,0.06221914291381836,-0.46050385328906684,0.0001737218169015014,0.05770373344421387,ok
n,8040,8040,1000,0.6,binomial,0.1,337406568,-0.3790410283252038,0.004277606840066542,0.04210329055786133,-0.43121333602496437,0.00017506223000803595,0.05310487747192383,ok
n,8040,8040,1000,0.6,binomial,0.1,3679740235,-0.3861246624449392,0.007666674460214904,0.053441524505615234,-0.4486680863016867,0.0006258064712220759,0.05138516426086426,ok
n,8040,8040,1000,0.6,binomial,0.1,4158472018,-0.4128986706112357,0.007586641581290016,0.05302548408508301,-0.4922106650300784,6.067373927364391e-05,0.05798029899597168,ok
n,8040,8040,1000,0.6,binomial,0.1,3424457933,-0.4186764570057538,0.006613518645137012,0.059137582778930664,-0.4655117100625861,0.001189442142807123,0.06061744689941406,ok
n,8040,8040,1000,0.6,binomial,0.1,4039339415,-0.357232023394184,0.007606006385447912,0.055587053298950195,-0.4320939278210635,0.00015253526086440883,0.05962657928466797,ok
n,8040,8040,1000,0.6,binomial,0.1,2072362620,-0.3720519488344395,0.005240673420644584,0.045964717864990234,-0.4291069425542571,0.00023523896423150034,0.05782961845397949,ok
n,8040,8040,1000,0.6,binomial,0.1,1294388276,-0.4033424029962128,0.009342691058546527,0.059152841567993164,-0.473434162273482,0.0007057437341116867,0.05016016960144043,ok
n,8040,8040,1000,0.6,binomial,0.1,1949284224,-0.36069576455049335,0.007013841383979484,0.05449032783508301,-0.4237510675205455,0.0004282158485145533,0.06100606918334961,ok
n,8040,8040,1000,0.6,binomial,0.1,911242799,-0.38839759409735647,0.007273806941900439,0.05375099182128906,-0.45373595218516405,0.00039793301084533114,0.0610196590423584,ok
n,8040,8040,1000,0.6,binomial,0.1,2099156396,-0.36392331895669183,0.006483651649814399,0.0600128173828125,-0.42774248625987227,0.00027895540719919667,0.049651384353637695,ok
n,8040,8040,1000,0.6,binomial,0.1,3756464819,-0.38945787259247616,0.007094076001745357,0.05988144874572754,-0.4536937470983095,0.0003996186280664578,0.061440229415893555,ok
n,8040,8040,1000,0.6,binomial,0.1,3296186110,-0.38994373185036746,0.007012467768876962,0.060022830963134766,-0.44958582777930134,0.0005807320510216052,0.05854964256286621,ok
n,8040,8040,1000,0.6,binomial,0.1,3284619634,-0.4027028088647577,0.009466743402807877,0.08469700813293457,-0.4700390889867201,0.0008976561887456775,0.061757802963256836,ok
n,8040,8040,1000,0.6,binomial,0.1,1644991604,-0.3900850492907268,0.006988819759294011,0.06554985046386719,-0.4463073884178074,0.0007494903887609139,0.06390023231506348,ok
n,8040,8040,1000,0.6,binomial,0.1,4161884342,-0.37847501268575673,0.009064791353442722,0.05545949935913086,-0.45730427998845485,0.0002683021244251502,0.05910038948059082,ok
n,8040,8040,1000,0.6,binomial,0.1,2580794063,-0.37396918346879277,0.004966762409586209,0.041181087493896484,-0.4168823515024536,0.0007596689673429392,0.06802558898925781,ok
n,8040,8040,1000,0.6,binomial,0.1,177536276,-0.36360036433647647,0.0065357652885035394,0.05502605438232422,-0.41433755091091484,0.0009064250382392851,0.05041670799255371,ok
n,8040,8040,1000,0.6,binomial,0.1,2557155077,-0.37129858624185,0.0053503165721940455,0.05855441093444824,-0.42866172501063954,0.0002490942327262023,0.05878496170043945,ok
n,8040,8040,1000,0.6,binomial,0.1,3989185666,-0.3689281563843429,0.005702709762376232,0.041635990142822266,-0.42267157104732367,0.0004740580159670485,0.050595998764038086,ok
n,8040,8040,1000,0.6,binomial,0.1,1891608276,-0.4030457451939437,0.00940012752499769,0.04958677291870117,-0.480053838717106,0.0003978493499232198,0.053031206130981445,ok
n,9040,9040,1000,0.6,binomial,0.1,731682681,-0.37176047106397136,0.005282959986373316,0.0587770938873291,-0.4247598867310727,0.00038748181237106296,0.06739497184753418,ok
n,9040,9040,1000,0.6,binomial,0.1,3668784928,-0.37056252943517964,0.005458537365436224,0.04878592491149902,-0.4176086138984316,0.0007201618010943134,0.04670119285583496,ok
n,9040,9040,1000,0.6,binomial,0.1,68160041,-0.43778848491618005,0.007399619132290145,0.060967206954956055,-0.4916488274025969,0.0010343103933785154,0.052797555923461914,ok
n,9040,9040,1000,0.6,binomial,0.1,4049208799,-0.4252064928407073,0.009722557716237376,0.0670015811920166,-0.49033879835975963,0.0011202894621334858,0.04993271827697754,ok
n,9040,9040,1000,0.6,binomial,0.1,1653229771,-0.38068353347568246,0.008649125931876204,0.06437849998474121,-0.45888430063920094,0.00021903733266672083,0.06575322151184082,ok
n,9040,9040,1000,0.6,binomial,0.1,195428936,-0.3595232539484481,0.007211608595257298,0.06133556365966797,-0.43346036003106797,0.00012065011040017945,0.0667259693145752,ok
n,9040,9040,1000,0.6,binomial,0.1,3835752925,-0.3708429783423138,0.005417175812383086,0.059121131896972656,-0.4268707909590536,0.0003088332968245884,0.07183623313903809,ok
n,9040,9040,1000,0.6,binomial,0.1,348997891,-0.3804700265217107,0.008688884099644382,0.06608700752258301,-0.4575001349952381,0.000261924300795628,0.06664037704467773,ok
n,9040,9040,1000,0.6,binomial,0.1,1864751005,-0.4166287238261929,0.006950769690849211,0.04551243782043457,-0.48102158190720273,0.0003601803533050146,0.059606313705444336,ok
n,9040,9040,1000,0.6,binomial,0.1,891381198,-0.38192734478987067,0.008419322409776022,0.04478001594543457,-0.45149717525726407,0.0004922645340301461,0.06451869010925293,ok
n,9040,9040,1000,0.6,binomial,0.1,3872694805,-0.41358471584951034,0.007467601334809869,0.052506446838378906,-0.473841432776286,0.0006842706391975651,0.05163741111755371,ok
n,9040,9040,1000,0.6,binomial,0.1,3816716879,-0.3835539400901342,0.008123465648899231,0.051026105880737305,-0.4578029902616578,0.00025221315709458364,0.06297659873962402,ok
n,9040,9040,1000,0.6,binomial,0.1,4275389826,-0.3731455017252889,0.010108031967377692,0.05291485786437988,-0.45004279708152767,0.00055891642966741,0.05971932411193848,ok
n,9040,9040,1000,0.6,binomial,0.1,3959675334,-0.36370453337283487,0.006518933239851418,0.042696475982666016,-0.42685406777320956,0.00030942135143592376,0.05370950698852539,ok
n,9040,9040,1000,0.6,binomial,0.1,2509293977,-0.3929242078990616,0.011465225254043388,0.0588374137878418,-0.47898058870297916,0.00044181565127332734,0.06843757629394531,ok
n,9040,9040,1000,0.6,binomial,0.1,3894894854,-0.3942849298463129,0.006304245772501883,0.044266700744628906,-0.45630329923559954,0.00030209607729574876,0.059739112854003906,ok
n,9040,9040,1000,0.6,binomial,0.1,3880290940,-0.4226757955911782,0.010228030983342181,0.06362533569335938,-0.5056177485992842,0.00033094068529988487,0.06625604629516602,ok
n,9040,9040,1000,0.6,binomial,0.1,440163363,-0.4091342346460442,0.008256587313360153,0.04505515098571777,-0.47397695644920873,0.000677198795646379,0.06792998313903809,ok
n,9040,9040,1000,0.6,binomial,0.1,508729448,-0.39440754111733806,0.006284790312580351,0.0670769214630127,-0.45228021393578277,0.0004581310700475503,0.06238389015197754,ok
n,9040,9040,1000,0.6,binomial,0.1,1679235767,-0.35519872000666763,0.00796479933042359,0.04776120185852051,-0.41738199962328115,0.0007323759196985065,0.07200860977172852,ok
n,9040,9040,1000,0.6,binomial,0.1,2492571066,-0.4057329116098279,0.004617379024437894,0.05561470985412598,-0.45049064281982587,0.0005379415829555334,0.04702925682067871,ok
n,9040,9040,1000,0.6,binomial,0.1,436501957,-0.3749307941117522,0.004832147582575805,0.06376838684082031,-0.4265052834926975,0.00032181349565268123,0.06408452987670898,ok
n,9040,9040,1000,0.6,binomial,0.1,2880590537,-0.3945860560932138,0.01111209956998307,0.04877281188964844,-0.4777537608057714,0.0004948951582868319,0.04971885681152344,ok
n,9040,9040,1000,0.6,binomial,0.1,1786053875,-0.39058443533029935,0.006905572637628474,0.05420541763305664,-0.4506371831847638,0.0005311654692822458,0.0504608154296875,ok
n,9040,9040,1000,0.6,binomial,0.1,3177572194,-0.4019252158813641,0.009618663279917037,0.04581046104431152,-0.4807522597069716,0.0003704755063878687,0.07067227363586426,ok
n,9040,9040,1000,0.6,binomial,0.1,2226816222,-0.3613117009131725,0.006911053047036234,0.06044435501098633,-0.4312261746985614,0.00017472265507492653,0.06699037551879883,ok
n,9040,9040,1000,0.6,binomial,0.1,724993673,-0.38655270147539317,0.007591899869491016,0.062209367752075195,-0.45515331689192706,0.00034339401888902973,0.06904864311218262,ok
n,9040,9040,1000,0.6,binomial,0.1,2249456830,-0.41923554873871643,0.010935716262109825,0.06623697280883789,-0.499425555221295,0.000594577924111725,0.07452845573425293,ok
n,9040,9040,1000,0.6,binomial,0.1,1752380818,-0.3946790458164932,0.006241816050826199,0.05286860466003418,-0.45979941688424586,0.00019278749448286637,0.05492115020751953,ok
n,9040,9040,1000,0.6,binomial,0.1,398544342,-0.37753737397286385,0.009244214179236206,0.0626678466796875,-0.4566101276034777,0.00029152430765595267,0.06343698501586914,ok
n,9040,9040,1000,0.6,binomial,0.1,1313426725,-0.423661608948307,0.0058275499483612,0.060262203216552734,-0.4728507320074818,0.0007370827525295738,0.06528401374816895,ok
n,9040,9040,1000,0.6,binomial,0.1,4178908020,-0.369914717719088,0.005554680165756305,0.05986905097961426,-0.434255988839895,0.00010380462760587399,0.062111854553222656,ok
n,9040,9040,1000,0.6,binomial,0.1,2148333446,-0.3776935942296057,0.009214198417022233,0.04491114616394043,-0.4509119858448102,0.0005185742169449745,0.0652470588684082,ok
n,9040,9040,1000,0.6,binomial,0.1,243897745,-0.3962992093723165,0.005988438403604477,0.06082630157470703,-0.4612682554629846,0.00015415594013465985,0.07128310203552246,ok
n,9040,9040,1000,0.6,binomial,0.1,1982109810,-0.3585722426453345,0.0073740350418270584,0.040128469467163086,-0.43487992111084417,9.148010659898364e-05,0.05966615676879883,ok
n,9040,9040,1000,0.6,binomial,0.1,2234843385,-0.39548036356787475,0.006115841679099273,0.06538820266723633,-0.4541808597456122,0.0003803806916751734,0.061257123947143555,ok
n,9040,9040,1000,0.6,binomial,0.1,1264806741,-0.4152501237951457,0.0071825415167381295,0.051306962966918945,-0.47974921532563775,0.00041009427992738515,0.06824946403503418,ok
n,9040,9040,1000,0.6,binomial,0.1,784987714,-0.3806220446454553,0.008660566718436801,0.05863761901855469,-0.4488820924513022,0.0006151450610069186,0.06898808479309082,ok
n,9040,9040,1000,0.6,binomial,0.1,253820438,-0.3936069250646666,0.006412371646906457,0.05978798866271973,-0.4483060892380664,0.0006440490401210974,0.05622410774230957,ok
n,9040,9040,1000,0.6,binomial,0.1,2243520159,-0.3861935327830509,0.00765461869197583,0.06459784507751465,-0.4522988395814514,0.00045733409044945147,0.06894588470458984,ok
n,9040,9040,1000,0.6,binomial,0.1,471244397,-0.36926289652047617,0.0056522651482439346,0.06188344955444336,-0.42248391548494135,0.00048226483218117286,0.0684359073638916,ok
n,9040,9040,1000,0.6,binomial,0.1,4249645313,-0.3981261044337382,0.010378290597845617,0.04900050163269043,-0.4722005837075058,0.0007728075462033929,0.07291412353515625,ok
n,9040,9040,1000,0.6,binomial,0.1,1605649521,-0.3768749861524331,0.00937202592387277,0.0623629093170166,-0.44828211164398085,0.0006452666276279234,0.07682013511657715,ok
n,9040,9040,1000,0.6,binomial,0.1,3625143144,-0.39877472273732045,0.005611431360809646,0.05219578742980957,-0.4432966218980778,0.0009234055426390217,0.0643167495727539,ok
n,9040,9040,1000,0.6,binomial,0.1,2431031588,-0.37166723034678817,0.010407464244950137,0.04279494285583496,-0.44762283510372974,0.0006791952889169735,0.06673288345336914,ok
n,9040,9040,1000,0.6,binomial,0.1,1467973937,-0.3658556494159722,0.011626998591127107,0.05031251907348633,-0.4638443895705032,9.682207644244869e-05,0.05516171455383301,ok
n,9040,9040,1000,0.6,binomial,0.1,2907402838,-0.3871997825355909,0.007479556284882884,0.0564417839050293,-0.4544635112114418,0.0003694352821527988,0.06242203712463379,ok
n,9040,9040,1000,0.6,binomial,0.1,1844424547,-0.3704677544296745,0.0054725506655413595,0.05974221229553223,-0.4217586709466666,0.0005146443191924794,0.06251049041748047,ok
n,9040,9040,1000,0.6,binomial,0.1,2492180858,-0.37791453462209346,0.009171830822799789,0.06087779998779297,-0.46096732284901465,0.00016171923219709434,0.06557726860046387,ok
n,9040,9040,1000,0.6,binomial,0.1,2727782583,-0.3893669463663178,0.007109401035426886,0.06037020683288574,-0.45267323798802805,0.00044146096700468256,0.044092416763305664,ok
n,10040,10040,1000,0.6,binomial,0.1,1782322949,-0.36956562856005043,0.010840679110665925,0.06292724609375,-0.4527027702472233,0.00044022083618512706,0.06782412528991699,ok
n,10040,10040,1000,0.6,binomial,0.1,3267313666,-0.3945245673075527,0.00626624911452187,0.0787515640258789,-0.4471062648721658,0.0007063871951949511,0.0843505859375,ok
n,10040,10040,1000,0.6,binomial,0.1,3201122094,-0.4118032530628077,0.007778666170303142,0.07259178161621094,-0.4847342010270634,0.00023304461828211267,0.06236553192138672,ok
n,10040,10040,1000,0.6,binomial,0.1,2936368754,-0.38512709766226705,0.007842362238815872,0.06811141967773438,-0.4630356747658966,0.00011339131384092741,0.08223557472229004,ok
n,10040,10040,1000,0.6,binomial,0.1,1804903420,-0.38743201878281536,0.007439440580557569,0.06136298179626465,-0.4562279445332661,0.0003047212224201043,0.07581281661987305,ok
n,10040,10040,1000,0.6,binomial,0.1,360414428,-0.38520674339602035,0.007828262189792516,0.06509041786193848,-0.46024901172989674,0.00018050456669930066,0.06140327453613281,ok
n,10040,10040,1000,0.6,binomial,0.1,2034401684,-0.39540244187402035,0.00612803530333151,0.060324907302856445,-0.4602667618055159,0.00018002793017529535,0.052123308181762695,ok
n,10040,10040,1000,0.6,binomial,0.1,2838118950,-0.38478795716202957,0.007902543862207375,0.06360197067260742,-0.45689508512107657,0.0002818747318728499,0.07505583763122559,ok
n,10040,10040,1000,0.6,binomial,0.1,3219066722,-0.41928695570960195,0.010924967242202785,0.06598782539367676,-0.502470318779752,0.00045536167130263435,0.054901123046875,ok
n,10040,10040,1000,0.6,binomial,0.1,4136975193,-0.38597405027719306,0.007693072210926794,0.04982781410217285,-0.44908959284305006,0.000604895218986009,0.05870366096496582,ok
n,10040,10040,1000,0.6,binomial,0.1,2852803971,-0.3830670955239822,0.008211461531346154,0.07004880905151367,-0.45622582195276534,0.0003047953315850778,0.07797932624816895,ok
n,10040,10040,1000,0.6,binomial,0.1,840590188,-0.3854642308973428,0.007782764805736419,0.06918740272521973,-0.4604157784850697,0.00017605128883316652,0.07718634605407715,ok
n,10040,10040,1000,0.6,binomial,0.1,379094718,-0.35507782565302404,0.00798639255421105,0.07167649269104004,-0.42422603665852376,0.000408784013397777,0.0614008903503418,ok
n,10040,10040,1000,0.6,binomial,0.1,2486570497,-0.38380529612884584,0.008078219253267736,0.07374429702758789,-0.45649934005254106,0.0002953197732004156,0.07839822769165039,ok
n,10040,10040,1000,0.6,binomial,0.1,939424304,-0.3615097378923926,0.006878165550874947,0.0688011646270752,-0.4230636729271346,0.00045713739067540716,0.06376934051513672,ok
n,10040,10040,1000,0.6,binomial,0.1,1945567774,-0.38787051870088907,0.007363989704709314,0.06479001045227051,-0.45199854740713696,0.000470267984918514,0.05341386795043945,ok
n,10040,10040,1000,0.6,binomial,0.1,1629979154,-0.3914268206908288,0.006766278182547284,0.07364821434020996,-0.4521748011003737,0.0004626546938528066,0.07806229591369629,ok
n,10040,10040,1000,0.6,binomial,0.1,3261229062,-0.3578517470007131,0.007498295250581594,0.07469415664672852,-0.4275323698818629,0.0002860182660103175,0.07948589324951172,ok
n,10040,10040,1000,0.6,binomial,0.1,3810380059,-0.38111311408364024,0.008569407896599143,0.09006738662719727,-0.4453408201983992,0.0008033477752806366,0.10094261169433594,ok
n,10040,10040,1000,0.6,binomial,0.1,315551706,-0.349501226085313,0.009014214712389714,0.08156251907348633,-0.4293738168860644,0.0002271238150034031,0.10029053688049316,ok
n,10040,10040,1000,0.6,binomial,0.1,1661335758,-0.38129916656510127,0.008534996347715545,0.06444787979125977,-0.4503595525082617,0.0005440396716591759,0.08290672302246094,ok
n,10040,10040,1000,0.6,binomial,0.1,705137838,-0.3637547381097672,0.006510828708376447,0.07021641731262207,-0.4210350439581859,0.0005480000311260398,0.07411360740661621,ok
n,10040,10040,1000,0.6,binomial,0.1,2238733422,-0.4047145443403563,0.009079318060265924,0.08688139915466309,-0.4823217238439939,0.00031252144784801346,0.09797525405883789,ok
n,10040,10040,1000,0.6,binomial,0.1,4226428896,-0.43273198255096224,0.00829511852170497,0.0933694839477539,-0.5016099081891875,0.0004928229336906765,0.08629536628723145,ok
n,10040,10040,1000,0.6,binomial,0.1,4019671904,-0.37336858187331845,0.010063225352046066,0.10183119773864746,-0.4439785397699583,0.0008824268750851128,0.09515929222106934,ok
n,10040,10040,1000,0.6,binomial,0.1,1183892242,-0.39791076179006507,0.010422212558284839,0.07918453216552734,-0.4774878340152353,0.0005067976173255963,0.09835147857666016,ok
n,10040,10040,1000,0.6,binomial,0.1,913592208,-0.3653983912850772,0.006248278520073512,0.08104920387268066,-0.4199715213488902,0.0005989239648409107,0.10111761093139648,ok
n,10040,10040,1000,0.6,binomial,0.1,955760583,-0.3857254868508428,0.007736737070618219,0.0684671401977539,-0.4494572823606698,0.0005869440483433731,0.09181690216064453,ok
n,10040,10040,1000,0.6,binomial,0.1,230892138,-0.37365125358132967,0.0050116758725813945,0.09657835960388184,-0.4287137769901665,0.0002474538985570787,0.09648489952087402,ok
n,10040,10040,1000,0.6,binomial,0.1,1850721787,-0.36230344427915206,0.006747143908154559,0.08016610145568848,-0.426247591068956,0.0003311254727690247,0.08817791938781738,ok
n,10040,10040,1000,0.6,binomial,0.1,2136136033,-0.3839971569698638,0.008043767575637892,0.09398531913757324,-0.4450133799852106,0.0008220165239167705,0.083740234375,ok
n,10040,10040,1000,0.6,binomial,0.1,3288771273,-0.4093786335356397,0.008212232059867887,0.07105541229248047,-0.4666478861134577,0.0011123635007008878,0.10171055793762207,ok
n,10040,10040,1000,0.6,binomial,0.1,2093097233,-0.35308088803361787,0.008347299440034286,0.08055329322814941,-0.4181828884420728,0.000689669323665701,0.11178040504455566,ok
n,10040,10040,1000,0.6,binomial,0.1,1062107271,-0.4059805420158738,0.008839658479628872,0.10576820373535156,-0.4756749863581761,0.0005917062886749177,0.10019755363464355,ok
n,10040,10040,1000,0.6,binomial,0.1,3862595890,-0.4222046008599758,0.006052124127355678,0.09824991226196289,-0.4820903210979206,0.00032075659837558785,0.10257101058959961,ok
n,10040,10040,1000,0.6,binomial,0.1,3417173326,-0.3663639232560516,0.0060965677890510595,0.10296344757080078,-0.42714460244451596,0.0002992845332224886,0.1436750888824463,ok
n,10040,10040,1000,0.6,binomial,0.1,4235191094,-0.37574020937260805,0.009593027361997509,0.0828714370727539,-0.4526173105913986,0.0004438142728678155,0.10239958763122559,ok
n,10040,10040,1000,0.6,binomial,0.1,1564779756,-0.3558270576850941,0.007853041236056279,0.0958871841430664,-0.4236739788620303,0.00043141224051025006,0.0970914363861084,ok
n,10040,10040,1000,0.6,binomial,0.1,2566364472,-0.36394746780176124,0.006479763248612682,0.07507586479187012,-0.42494844685807437,0.0003800939218877468,0.1033782958984375,ok
n,10040,10040,1000,0.6,binomial,0.1,1204544033,-0.40201599091726486,0.005136333701931155,0.08743524551391602,-0.450767538308157,0.0005251738655545311,0.09118986129760742,ok
n,10040,10040,1000,0.6,binomial,0.1,854034906,-0.3964607040919997,0.01072038579712445,0.09017801284790039,-0.47132221941264457,0.0008224150994164998,0.07481908798217773,ok
n,10040,10040,1000,0.6,binomial,0.1,2813338848,-0.3765601195917033,0.009433089039874876,0.08640623092651367,-0.4469245059831474,0.0007160817872376672,0.12435388565063477,ok
n,10040,10040,1000,0.6,binomial,0.1,3515602152,-0.41612097926123204,0.011596822626929404,0.08782196044921875,-0.5000486559656929,0.0005645788406919926,0.11030101776123047,ok
n,10040,10040,1000,0.6,binomial,0.1,2629690941,-0.39627288841768527,0.010759313677209972,0.08598446846008301,-0.48285955874032627,0.0002937947265763257,0.09052085876464844,ok
n,10040,10040,1000,0.6,binomial,0.1,811329192,-0.3840810905394464,0.00802871911138132,0.0990602970123291,-0.44284401656435285,0.0009511175636114972,0.09853005409240723,ok
n,10040,10040,1000,0.6,binomial,0.1,2092684969,-0.35649744533222827,0.007734674652844148,0.08086705207824707,-0.42815376503593233,0.00026538623559091976,0.09829187393188477,ok
n,10040,10040,1000,0.6,binomial,0.1,1159970677,-0.38717997676386773,0.0074829824588282644,0.08169817924499512,-0.4522333662809047,0.00046013871884088674,0.07716774940490723,ok
n,10040,10040,1000,0.6,binomial,0.1,4092812832,-0.37881658210792774,0.008999866921729355,0.07971739768981934,-0.4586097967895184,0.00022723794950814643,0.08243727684020996,ok
n,10040,10040,1000,0.6,binomial,0.1,1011975993,-0.40374491293157605,0.009265041786549875,0.11011052131652832,-0.47403648465957193,0.0006741041288326436,0.10457468032836914,ok
n,10040,10040,1000,0.6,binomial,0.1,3731647404,-0.37239094389588306,0.010260325864663942,0.07753658294677734,-0.4480782322134344,0.0006556661253597535,0.12680912017822266,ok
n,11040,11040,1000,0.6,binomial,0.1,514027789,-0.38809516206952155,0.007325485215739478,0.08252263069152832,-0.4440216233949094,0.0008798690753282767,0.11920046806335449,ok
n,11040,11040,1000,0.6,binomial,0.1,2933360059,-0.3680502617317714,0.005836071152337268,0.09792590141296387,-0.4300507433769925,0.00020717863041916636,0.1016383171081543,ok
n,11040,11040,1000,0.6,binomial,0.1,53170217,-0.3890293706127869,0.007166441920785206,0.11057543754577637,-0.45581676152988304,0.0003192457336401267,0.10116386413574219,ok
n,11040,11040,1000,0.6,binomial,0.1,1919984157,-0.38747750033713985,0.007431596881640576,0.08529233932495117,-0.45796233140726206,0.0002471774830341387,0.08837032318115234,ok
n,11040,11040,1000,0.6,binomial,0.1,3255710565,-0.40356036394118744,0.00930060340315622,0.07006692886352539,-0.48046852700633125,0.0003814784373024118,0.0893707275390625,ok
n,11040,11040,1000,0.6,binomial,0.1,1333218208,-0.3801499058551512,0.008748666150318251,0.08544325828552246,-0.4468100685151004,0.0007222195088389729,0.08157682418823242,ok
n,11040,11040,1000,0.6,binomial,0.1,2998596691,-0.3866068176983604,0.007582472341714059,0.08823156356811523,-0.4570966357838665,0.00027514763583634256,0.08785367012023926,ok
n,11040,11040,1000,0.6,binomial,0.1,2682515406,-0.37226145806418853,0.010286574716993947,0.08758664131164551,-0.449482207297262,0.0005857369602991307,0.11362123489379883,ok
n,11040,11040,1000,0.6,binomial,0.1,2136895200,-0.39879541202088487,0.010242368628022455,0.09612202644348145,-0.47789798082920837,0.0004884992514260408,0.10707497596740723,ok
n,11040,11040,1000,0.6,binomial,0.1,3885469625,-0.4085324919907351,0.008366305021424937,0.1003427505493164,-0.47459413920355464,0.0006454577628083591,0.1299419403076172,ok
n,11040,11040,1000,0.6,binomial,0.1,973247062,-0.3816119511719833,0.008477300942611468,0.08887052536010742,-0.4528538630295015,0.00043390337683803937,0.10249972343444824,ok
n,11040,11040,1000,0.6,binomial,0.1,4270102141,-0.4191443311743558,0.0065376391812422534,0.11942720413208008,-0.4761210256627158,0.0005702054154006772,0.12390279769897461,ok
n,11040,11040,1000,0.6,binomial,0.1,1638299767,-0.40256026823563207,0.009494501326311973,0.09892582893371582,-0.48054300151438045,0.00037857479006940135,0.10266232490539551,ok
n,11040,11040,1000,0.6,binomial,0.1,268980558,-0.3670571478940577,0.005988793667377498,0.09839391708374023,-0.4267226840655307,0.0003140607909276358,0.10712552070617676,ok
n,11040,11040,1000,0.6,binomial,0.1,1582234959,-0.3642996024466555,0.011964992484740892,0.0913705825805664,-0.4464053414970066,0.0007441366955182049,0.09463310241699219,ok
n,11040,11040,1000,0.6,binomial,0.1,396906662,-0.38800267040211267,0.007341326318055434,0.08256053924560547,-0.4492385919568811,0.0005975882672422918,0.11597251892089844,ok
n,11040,11040,1000,0.6,binomial,0.1,3157912102,-0.35704249876641103,0.007639100108305899,0.10991883277893066,-0.4258283212579342,0.00034656004249532403,0.09578108787536621,ok
n,11040,11040,1000,0.6,binomial,0.1,2186292471,-0.39463509088997556,0.0062487633152804355,0.12564826011657715,-0.45496751682874004,0.000350314622968873,0.12207913398742676,ok
n,11040,11040,1000,0.6,binomial,0.1,2780719163,-0.359126873681452,0.0072790878808982155,0.11151576042175293,-0.4248956465906873,0.0003821554975270593,0.09535527229309082,ok
n,11040,11040,1000,0.6,binomial,0.1,3841969846,-0.36557213782098497,0.006220840752105006,0.08949041366577148,-0.42586649279534744,0.0003451402874761852,0.12128305435180664,ok
n,11040,11040,1000,0.6,binomial,0.1,3612021925,-0.3797728593084878,0.008819341887558247,0.07577371597290039,-0.4469680586951284,0.0007137527686670588,0.09407758712768555,ok
n,11040,11040,1000,0.6,binomial,0.1,2235841317,-0.3914281207621621,0.006766064303288514,0.0841820240020752,-0.45558621518615566,0.0003275374353324587,0.0880272388458252,ok
n,11040,11040,1000,0.6,binomial,0.1,1167538314,-0.4365856809617198,0.011852429655957227,0.10136771202087402,-0.5145284206085119,0.0009564251979924519,0.11415910720825195,ok
n,11040,11040,1000,0.6,binomial,0.1,1005840860,-0.4215131268402847,0.010464552832888137,0.09224748611450195,-0.4978929983424214,0.0006716662922869634,0.13492321968078613,ok
n,11040,11040,1000,0.6,binomial,0.1,2974066273,-0.3996241278195003,0.010075315715996014,0.09352946281433105,-0.4785997319154529,0.00045797147409048486,0.11734580993652344,ok
n,11040,11040,1000,0.6,binomial,0.1,376828154,-0.3884527215052366,0.007264406720750352,0.09371805191040039,-0.4535690475632884,0.00040461978102914923,0.11281967163085938,ok
n,11040,11040,1000,0.6,binomial,0.1,2652310996,-0.38113726089877425,0.008564937885362715,0.09538841247558594,-0.4507771557986127,0.0005247331562979851,0.09689450263977051,ok
n,11040,11040,1000,0.6,binomial,0.1,1551218136,-0.4023246453860768,0.009540474898955644,0.07713913917541504,-0.47698988085894994,0.0005294655828853182,0.09666109085083008,ok
n,11040,11040,1000,0.6,binomial,0.1,801631225,-0.3854473707096873,0.007785739900825356,0.08840441703796387,-0.45139237597353676,0.0004969258877284742,0.09073328971862793,ok
n,11040,11040,1000,0.6,binomial,0.1,2021288505,-0.4092619859595375,0.00823338719200717,0.08187222480773926,-0.48082810176103663,0.00036756168208516675,0.0984489917755127,ok
n,11040,11040,1000,0.6,binomial,0.1,7976562,-0.39843947521693773,0.010314540194211005,0.09798955917358398,-0.48408852499437555,0.0002531750368546117,0.12221217155456543,ok
n,11040,11040,1000,0.6,binomial,0.1,2571092219,-0.3825923319384645,0.00829773034466385,0.08425784111022949,-0.45521062235436816,0.0003412734599467246,0.08902359008789062,ok
n,11040,11040,1000,0.6,binomial,0.1,4201806330,-0.35830620387633866,0.0074197964881688614,0.08582806587219238,-0.4240101380881594,0.0004175608762625102,0.09971213340759277,ok
n,11040,11040,1000,0.6,binomial,0.1,1994382349,-0.37033765407063285,0.010680510731247667,0.09601807594299316,-0.4584721970244891,0.0002314053547797583,0.0997767448425293,ok
n,11040,11040,1000,0.6,binomial,0.1,1631161152,-0.4019915439837856,0.00960565745068223,0.08711981773376465,-0.4751297332236481,0.0006185301695269132,0.11456847190856934,ok
n,11040,11040,1000,0.6,binomial,0.1,2189402024,-0.38305552610354254,0.008213558440202627,0.08893942832946777,-0.4573556394982498,0.0002666222318185966,0.09413814544677734,ok
n,11040,11040,1000,0.6,binomial,0.1,242260817,-0.37834354656756924,0.009089842204094638,0.07894086837768555,-0.4537596759244401,0.00039698707910134246,0.10254383087158203,ok
n,11040,11040,1000,0.6,binomial,0.1,1858761362,-0.3695812461987256,0.010837427181791518,0.10407400131225586,-0.4464734844957633,0.0007404236111097887,0.10009288787841797,ok
n,11040,11040,1000,0.6,binomial,0.1,1488350186,-0.3739702768081452,0.009942868577551722,0.09581851959228516,-0.4589236106836283,0.00021787530771594674,0.11767721176147461,ok
n,11040,11040,1000,0.6,binomial,0.1,622473148,-0.407982199860553,0.00846727554250321,0.08488106727600098,-0.47603019385851614,0.0005745516064603175,0.08769798278808594,ok
n,11040,11040,1000,0.6,binomial,0.1,1782079470,-0.38222595074805527,0.008364613281667791,0.0884242057800293,-0.46299659369951596,0.00011422515343649555,0.13863754272460938,ok
n,11040,11040,1000,0.6,binomial,0.1,3656226422,-0.42653841564812367,0.009461668482946788,0.08116316795349121,-0.49773614266310073,0.000679821204406646,0.11317610740661621,ok
n,11040,11040,1000,0.6,binomial,0.1,2124628728,-0.4052826326953292,0.008971379669127918,0.07111549377441406,-0.47931952633565567,0.0004276819909816396,0.0849907398223877,ok
n,11040,11040,1000,0.6,binomial,0.1,1217052542,-0.3842241692946089,0.008003098977178703,0.0821840763092041,-0.44928169790355127,0.0005954826223041832,0.0836954116821289,ok
n,11040,11040,1000,0.6,binomial,0.1,1356203877,-0.37709539874336595,0.009329398561642116,0.09554743766784668,-0.4564194525148218,0.0002980718691954469,0.11797547340393066,ok
n,11040,11040,1000,0.6,binomial,0.1,3120093812,-0.4225429955200841,0.010254909751795872,0.07830047607421875,-0.49015544502309144,0.0011325970189633916,0.09672665596008301,ok
n,11040,11040,1000,0.6,binomial,0.1,2551855106,-0.40488347961828974,0.009047152449524302,0.06366634368896484,-0.47865549103459887,0.0004555880629740893,0.08874201774597168,ok
n,11040,11040,1000,0.6,binomial,0.1,1920709490,-0.4210670179185197,0.0062304156602752915,0.0727696418762207,-0.47753605575936214,0.0005046287908464867,0.0969400405883789,ok
n,11040,11040,1000,0.6,binomial,0.1,2429318060,-0.3854350447384529,0.007787915262253712,0.1046442985534668,-0.44848213318777624,0.0006351447021777299,0.06650686264038086,ok
n,12040,12040,1000,0.6,binomial,0.1,3437786620,-0.38643422327611415,0.007612560275160354,0.08794975280761719,-0.4571444376008754,0.00027356408842513127,0.08010315895080566,ok
n,11040,11040,1000,0.6,binomial,0.1,1523381094,-0.4186536249329303,0.0066172327365523805,0.09721994400024414,-0.4846381025587086,0.00023598789299675543,0.10567450523376465,ok
n,12040,12040,1000,0.6,binomial,0.1,3031521641,-0.38231566609021733,0.008348210912371304,0.09370660781860352,-0.4515991801517042,0.0004877485666475181,0.10406708717346191,ok
n,12040,12040,1000,0.6,binomial,0.1,2747561990,-0.41878902391615125,0.006595222636491454,0.11683011054992676,-0.4729412525164699,0.0007321758153774465,0.08907604217529297,ok
n,12040,12040,1000,0.6,binomial,0.1,3029965517,-0.3874759260585814,0.0074318683108698215,0.10569357872009277,-0.4487688471219377,0.0006207753335722239,0.11441493034362793,ok
n,12040,12040,1000,0.6,binomial,0.1,3797856279,-0.39588006474905796,0.006053485100128792,0.07459402084350586,-0.4489062018494837,0.0006139497139891673,0.09623146057128906,ok
n,12040,12040,1000,0.6,binomial,0.1,653328058,-0.4082775834478474,0.008413001698166592,0.08207845687866211,-0.478942212783643,0.00044343040244936753,0.07005190849304199,ok
n,12040,12040,1000,0.6,binomial,0.1,2480112896,-0.3943183202344261,0.006298944541824276,0.06607675552368164,-0.4603668965318256,0.0001773508520278448,0.08963656425476074,ok
n,12040,12040,1000,0.6,binomial,0.1,4150775615,-0.3742741837833832,0.00492386548124128,0.07205438613891602,-0.41920734702412493,0.0006369110862026966,0.0803215503692627,ok
n,12040,12040,1000,0.6,binomial,0.1,3877955567,-0.41171203774218323,0.007794764279637678,0.07912540435791016,-0.4822180350792859,0.0003161982764415068,0.08283138275146484,ok
n,12040,12040,1000,0.6,binomial,0.1,2705022390,-0.3763978463279603,0.00946463665893507,0.06508779525756836,-0.4558779979690053,0.0003170612056361228,0.07525277137756348,ok
n,12040,12040,1000,0.6,binomial,0.1,2505444029,-0.3879263218469713,0.0073544154707388485,0.07153439521789551,-0.45204703409307834,0.00046816740400304745,0.09179139137268066,ok
n,12040,12040,1000,0.6,binomial,0.1,593412277,-0.4098281648215943,0.008130959859441567,0.07793569564819336,-0.4742793856215304,0.0006615500040059382,0.0856788158416748,ok
n,12040,12040,1000,0.6,binomial,0.1,879247699,-0.42158799206961456,0.010449241551253256,0.09633183479309082,-0.5061420781967362,0.00031213863448080595,0.08197355270385742,ok
n,12040,12040,1000,0.6,binomial,0.1,2629708436,-0.3910507156179831,0.006828294480765449,0.08418393135070801,-0.4544151384772362,0.00037129713763262175,0.091217041015625,ok
n,12040,12040,1000,0.6,binomial,0.1,3680982796,-0.3596361667521927,0.007192443965126085,0.10460042953491211,-0.42022013898380417,0.000586816975050405,0.10434341430664062,ok
n,12040,12040,1000,0.6,binomial,0.1,2951302783,-0.3799666774051325,0.00878297601432009,0.08911514282226562,-0.4455219108014802,0.0007931151257914774,0.08784842491149902,ok
n,12040,12040,1000,0.6,binomial,0.1,2260060097,-0.39451630545292027,0.0062675571937101686,0.08180522918701172,-0.459775734281504,0.00019344571145249527,0.08409595489501953,ok
n,12040,12040,1000,0.6,binomial,0.1,481137401,-0.38838349167586445,0.007276212636403751,0.0725858211517334,-0.44982709318051783,0.000569162048051175,0.07073163986206055,ok
n,12040,12040,1000,0.6,binomial,0.1,1041704611,-0.3937143502622933,0.0063951785506472895,0.06739234924316406,-0.4481536994505929,0.0006518069957876099,0.08922934532165527,ok
n,12040,12040,1000,0.6,binomial,0.1,3222230696,-0.38809292482050767,0.007325868188773278,0.06467318534851074,-0.4547691452183331,0.0003577796956052508,0.06518912315368652,ok
n,12040,12040,1000,0.6,binomial,0.1,3007561204,-0.385199961066287,0.007829462402504608,0.08181905746459961,-0.4517496226293806,0.0004811261462083761,0.0828857421875,ok
n,12040,12040,1000,0.6,binomial,0.1,4291021576,-0.35572042612126664,0.007871951427411586,0.08311128616333008,-0.4289908739569585,0.00023881284081169558,0.0912940502166748,ok
n,12040,12040,1000,0.6,binomial,0.1,4253131694,-0.41229523048098343,0.007692126596383818,0.10395288467407227,-0.47322319784991174,0.0007169971333849715,0.09896993637084961,ok
n,12040,12040,1000,0.6,binomial,0.1,327207776,-0.39355594029163454,0.006420539690802109,0.09655237197875977,-0.4496268543574769,0.0005787563858343719,0.08389019966125488,ok
n,12040,12040,1000,0.6,binomial,0.1,943495323,-0.37828282053389545,0.009101425212485886,0.07522368431091309,-0.45774957950078765,0.00025391246591972486,0.07518386840820312,ok
n,12040,12040,1000,0.6,binomial,0.1,1721215275,-0.3593091561350626,0.007248017315521566,0.07474946975708008,-0.4150254569033842,0.0008654768279410556,0.07256340980529785,ok
n,12040,12040,1000,0.6,binomial,0.1,2272924597,-0.3974734147831205,0.00580808538781104,0.056685686111450195,-0.4541928146547087,0.00037991451302370394,0.07848286628723145,ok
n,12040,12040,1000,0.6,binomial,0.1,2497900072,-0.39861778285125077,0.010278353953996143,0.07203459739685059,-0.474226512534459,0.000664272656136398,0.07014966011047363,ok
n,12040,12040,1000,0.6,binomial,0.1,1590702770,-0.3779763449197741,0.00915999553895985,0.0677177906036377,-0.4478622408032834,0.0006667741203772025,0.07636713981628418,ok
n,12040,12040,1000,0.6,binomial,0.1,1339990500,-0.3893225705783457,0.00711688629471095,0.07978272438049316,-0.4499315132078255,0.0005641906299038179,0.09704875946044922,ok
n,12040,12040,1000,0.6,binomial,0.1,1626347852,-0.3546943793748785,0.008055074179991312,0.09366369247436523,-0.4332945900207294,0.00012431925367003744,0.11684656143188477,ok
n,12040,12040,1000,0.6,binomial,0.1,1637223083,-0.3914189922172428,0.006767566143439443,0.0873255729675293,-0.4545790452022704,0.0003650073420591082,0.11543917655944824,ok
n,12040,12040,1000,0.6,binomial,0.1,3263705762,-0.4383039119490206,0.011481258260635303,0.10300993919372559,-0.5141106563784777,0.000982439382412834,0.12314271926879883,ok
n,12040,12040,1000,0.6,binomial,0.1,2587341888,-0.38504267792530544,0.007857321301855985,0.1179344654083252,-0.45718021412541615,0.0002723818972009092,0.09635686874389648,ok
n,12040,12040,1000,0.6,binomial,0.1,531375390,-0.38351456083591157,0.00813056572529022,0.05527758598327637,-0.45288019899021814,0.00043280689599408523,0.0786278247833252,ok
n,12040,12040,1000,0.6,binomial,0.1,3010924633,-0.3776829690191791,0.009216238370911593,0.07184982299804688,-0.458782705543476,0.00022205485075359996,0.08803367614746094,ok
n,12040,12040,1000,0.6,binomial,0.1,858210110,-0.3636573153746644,0.006526560223337297,0.10753250122070312,-0.42754452863898096,0.00028560715423175373,0.0891425609588623,ok
n,12040,12040,1000,0.6,binomial,0.1,3048116126,-0.40248449811622145,0.00950927310764522,0.07213211059570312,-0.4716546629455103,0.0008034581327326278,0.09616231918334961,ok
n,12040,12040,1000,0.6,binomial,0.1,282691399,-0.40807537941069827,0.008450135870487076,0.08175349235534668,-0.4813020648819187,0.00034961277767997875,0.08235430717468262,ok
n,12040,12040,1000,0.6,binomial,0.1,1632439216,-0.41553463570403404,0.007134397765650242,0.08579039573669434,-0.4758269051882034,0.0005843385127801068,0.0919194221496582,ok
n,12040,12040,1000,0.6,binomial,0.1,4116390946,-0.379157255763668,0.00893534517669967,0.06912374496459961,-0.45585579297877277,0.000317852472249541,0.0839698314666748,ok
n,12040,12040,1000,0.6,binomial,0.1,2480645529,-0.39573253119384905,0.010871705051241663,0.08113288879394531,-0.4852647272548838,0.0002171282628729647,0.08304405212402344,ok
n,12040,12040,1000,0.6,binomial,0.1,1634551372,-0.39103686487352773,0.006830583743451429,0.07560205459594727,-0.462790659716586,0.00011866944924416506,0.0737295150756836,ok
n,12040,12040,1000,0.6,binomial,0.1,2727163730,-0.3873985883756134,0.007445208589933785,0.0670313835144043,-0.446842502229113,0.0007204773043121277,0.08513808250427246,ok
n,12040,12040,1000,0.6,binomial,0.1,3860996669,-0.3836692773046112,0.008102688202907942,0.05830025672912598,-0.4592553410311293,0.00020819227490912392,0.0941002368927002,ok
n,12040,12040,1000,0.6,binomial,0.1,429908640,-0.3816281517316862,0.008474317960800308,0.06875014305114746,-0.45804408798798635,0.00024461343301396146,0.0756840705871582,ok
n,12040,12040,1000,0.6,binomial,0.1,2929636744,-0.38706779218285103,0.0075024039266501025,0.07650971412658691,-0.45478862644698814,0.0003570430976989415,0.07759857177734375,ok
n,12040,12040,1000,0.6,binomial,0.1,185112064,-0.37918085816664204,0.00893088360721666,0.09065485000610352,-0.4498946063115359,0.0005659452686958753,0.08032035827636719,ok
n,12040,12040,1000,0.6,binomial,0.1,802692228,-0.38464744113185867,0.00792754630420174,0.07660365104675293,-0.44768339137457674,0.0006760425965614414,0.07568502426147461,ok
n,12040,12040,1000,0.6,binomial,0.1,4077057923,-0.40449555869932036,0.009121098308154964,0.07561755180358887,-0.4772984224819313,0.0005153616218088835,0.08411741256713867,ok
n,13040,13040,1000,0.6,binomial,0.1,1273409177,-0.3838680655259975,0.008066939902718204,0.07104015350341797,-0.45160948982518173,0.0004872932940330778,0.09162497520446777,ok
n,13040,13040,1000,0.6,binomial,0.1,1548304997,-0.4057692336647897,0.008879437324121008,0.08915019035339355,-0.4787929677311272,0.0004497382176530134,0.08292293548583984,ok
n,13040,13040,1000,0.6,binomial,0.1,2349047107,-0.3544989925690486,0.008090184313069146,0.09439539909362793,-0.4314344297815648,0.00016926048152834217,0.09723734855651855,ok
n,13040,13040,1000,0.6,binomial,0.1,3504747436,-0.37622475635611874,0.009498345207152745,0.07949542999267578,-0.4497699756069312,0.0005718906317795139,0.08759784698486328,ok
n,13040,13040,1000,0.6,binomial,0.1,3996306628,-0.38089565850586005,0.008609715386052827,0.09722590446472168,-0.4560717671460776,0.00031019816182209666,0.10109400749206543,ok
n,13040,13040,1000,0.6,binomial,0.1,3875157589,-0.3840120621920819,0.008041094186876853,0.09300732612609863,-0.4528176139948553,0.0004354148508067594,0.09894824028015137,ok
n,13040,13040,1000,0.6,binomial,0.1,2751779740,-0.40746012941648674,0.008563627647613384,0.07820963859558105,-0.4746318051011934,0.0006435453124238369,0.07781004905700684,ok
n,13040,13040,1000,0.6,binomial,0.1,4106268225,-0.38443547272239403,0.007965337199593178,0.0663604736328125,-0.44717828961397554,0.0007025638434112376,0.06821489334106445,ok
n,13040,13040,1000,0.6,binomial,0.1,1819899361,-0.3769467571422703,0.009358134887230385,0.07887411117553711,-0.4522859035184092,0.00045788754280462577,0.07933664321899414,ok
n,13040,13040,1000,0.6,binomial,0.1,3615948290,-0.37369733325622656,0.00500515374147806,0.06989192962646484,-0.422639466995708,0.0004754570415399047,0.10153794288635254,ok
n,13040,13040,1000,0.6,binomial,0.1,3761395684,-0.40430315110103493,0.009157886889191353,0.06823968887329102,-0.47852445360622153,0.00046119909291133127,0.08098840713500977,ok
n,13040,13040,1000,0.6,binomial,0.1,3919628378,-0.3679076474492836,0.005857881294278456,0.08334541320800781,-0.4200785042957008,0.0005936990393321554,0.0942537784576416,ok
n,13040,13040,1000,0.6,binomial,0.1,2630878682,-0.3930138442004428,0.006507708003150552,0.07633161544799805,-0.452833193410664,0.00043476491475720404,0.09404659271240234,ok
n,13040,13040,1000,0.6,binomial,0.1,3064498969,-0.3985362091159313,0.010294900860566024,0.09601402282714844,-0.4782916439351662,0.00047125272303760594,0.09855055809020996,ok
n,13040,13040,1000,0.6,binomial,0.1,4183962123,-0.37806542099937457,0.009142952910597489,0.07277202606201172,-0.45489289208319134,0.00035311364883091034,0.09228205680847168,ok
n,13040,13040,1000,0.6,binomial,0.1,2286517031,-0.38724886410870035,0.007471069110333191,0.08130192756652832,-0.44848315504942116,0.0006350931971495225,0.08981871604919434,ok
n,13040,13040,1000,0.6,binomial,0.1,3333922188,-0.3936866368416187,0.011302531186045867,0.08257126808166504,-0.47437576898938133,0.0006566012148855516,0.07679629325866699,ok
n,13040,13040,1000,0.6,binomial,0.1,1664721977,-0.3873963361077262,0.007445597271678288,0.08221173286437988,-0.4531537258869949,0.00042150079952539327,0.08592653274536133,ok
n,13040,13040,1000,0.6,binomial,0.1,1141000209,-0.3959935284277207,0.010817346128915347,0.07882952690124512,-0.4808058206653676,0.0003684165203300299,0.06932377815246582,ok
n,13040,13040,1000,0.6,binomial,0.1,2778177708,-0.3738006404052421,0.004990547049129221,0.07625508308410645,-0.41906802629525003,0.0006439625980827624,0.0946204662322998,ok
n,13040,13040,1000,0.6,binomial,0.1,372699495,-0.4083969967305459,0.008391110207983617,0.09759116172790527,-0.48058719464635485,0.00037685701169851366,0.09068012237548828,ok
n,13040,13040,1000,0.6,binomial,0.1,3161840222,-0.3803837009014475,0.008704985096260142,0.09585237503051758,-0.46057965523689093,0.00017172936933359387,0.08354377746582031,ok
n,13040,13040,1000,0.6,binomial,0.1,3193308060,-0.38391302904117286,0.008058865025238475,0.087554931640625,-0.45021952210657706,0.000550591602635422,0.09716200828552246,ok
n,13040,13040,1000,0.6,binomial,0.1,2176985659,-0.36522626156940863,0.006275520498022614,0.08553314208984375,-0.4259695885471763,0.0003413203004248221,0.08094143867492676,ok
n,13040,13040,1000,0.6,binomial,0.1,1936361869,-0.3877195921779466,0.0073899156077807775,0.058244943618774414,-0.45225968503025094,0.00045901029273153426,0.08650565147399902,ok
n,13040,13040,1000,0.6,binomial,0.1,402762008,-0.41594334770879915,0.007065520794403841,0.06799912452697754,-0.47380709346424504,0.0006860683527907947,0.08354854583740234,ok
n,13040,13040,1000,0.6,binomial,0.1,368584701,-0.38454309640342954,0.007946138227069435,0.06225919723510742,-0.45465605070237286,0.00036207086628551693,0.08822274208068848,ok
n,13040,13040,1000,0.6,binomial,0.1,3866804770,-0.3809395489684891,0.008601572247475825,0.06859135627746582,-0.4526525002880293,0.0004423328355472468,0.0964508056640625,ok
n,13040,13040,1000,0.6,binomial,0.1,3120665742,-0.37977741145115945,0.008818486912541789,0.08962392807006836,-0.4507974268199412,0.0005238048684223735,0.10901284217834473,ok
n,13040,13040,1000,0.6,binomial,0.1,2323844010,-0.38168864300288546,0.008463184443958034,0.08414530754089355,-0.4531171191857765,0.00042300524621008667,0.0927734375,ok
n,13040,13040,1000,0.6,binomial,0.1,1032906391,-0.3571747649327103,0.00761599696208079,0.10002350807189941,-0.4268663886100472,0.0003089880469171854,0.10783648490905762,ok
n,13040,13040,1000,0.6,binomial,0.1,1625584030,-0.43292601893372273,0.008259811458509743,0.08806681632995605,-0.4940300418703245,0.0008868175445670922,0.07860207557678223,ok
n,13040,13040,1000,0.6,binomial,0.1,2667669763,-0.4025473928723841,0.009497010635969451,0.07728099822998047,-0.47900807439751636,0.00044066094050020815,0.07113003730773926,ok
n,13040,13040,1000,0.6,binomial,0.1,2236137389,-0.3584405345050658,0.007396672524860749,0.06022930145263672,-0.41562993806382004,0.0008302757779590433,0.07079148292541504,ok
n,13040,13040,1000,0.6,binomial,0.1,3315655125,-0.38446476746229674,0.007960109020653743,0.07008838653564453,-0.45491446779202677,0.0003523032423113967,0.09921908378601074,ok
n,13040,13040,1000,0.6,binomial,0.1,2205570475,-0.3801885896045451,0.008741431131547451,0.08600711822509766,-0.4496139465585004,0.0005793776074803133,0.07265710830688477,ok
n,13040,13040,1000,0.6,binomial,0.1,3885986222,-0.37785498479364027,0.009183240504524086,0.09789133071899414,-0.45307347533689074,0.0004248024050486052,0.12080526351928711,ok
n,13040,13040,1000,0.6,binomial,0.1,1636439691,-0.3765301099388536,0.009438919260958726,0.08783197402954102,-0.4480139488944187,0.0006589623322500492,0.09764409065246582,ok
n,13040,13040,1000,0.6,binomial,0.1,607838908,-0.3807120670012504,0.008643819471645367,0.09891414642333984,-0.44719385722251503,0.0007017388181601892,0.09124255180358887,ok
n,13040,13040,1000,0.6,binomial,0.1,4282615791,-0.39218430475329846,0.0066422346410107075,0.08656907081604004,-0.45164436411143927,0.0004857548299913468,0.06600475311279297,ok
n,13040,13040,1000,0.6,binomial,0.1,844598255,-0.38037743804586777,0.008706153790718098,0.07873296737670898,-0.4461824794652076,0.0007563452113575238,0.09210038185119629,ok
n,13040,13040,1000,0.6,binomial,0.1,1703569883,-0.3906966912226593,0.00688692836017476,0.08018016815185547,-0.44467055359797575,0.0008417922883554158,0.07784771919250488,ok
n,13040,13040,1000,0.6,binomial,0.1,3087626457,-0.36770485603509095,0.005888964429236977,0.05696749687194824,-0.4202552151894217,0.0005851188119520462,0.0676412582397461,ok
n,13040,13040,1000,0.6,binomial,0.1,533646470,-0.3638489549627079,0.0064956329248007,0.07414436340332031,-0.4231920063263633,0.00045166612596286826,0.0728604793548584,ok
n,13040,13040,1000,0.6,binomial,0.1,3359975563,-0.3843563041972442,0.007979474849135392,0.10241985321044922,-0.4538822311964778,0.000392118385379332,0.10734820365905762,ok
n,13040,13040,1000,0.6,binomial,0.1,523298135,-0.38879101749561634,0.007206854222947602,0.0884709358215332,-0.4470816348787412,0.0007076970310849303,0.09389615058898926,ok
n,13040,13040,1000,0.6,binomial,0.1,656589803,-0.3924177553694986,0.006604236733754988,0.10684442520141602,-0.4587213873679077,0.00022388607686979475,0.10173964500427246,ok
n,13040,13040,1000,0.6,binomial,0.1,4012559980,-0.3688588705092521,0.005713178987112426,0.08860230445861816,-0.4284082272684229,0.0002571602613165268,0.07581591606140137,ok
n,13040,13040,1000,0.6,binomial,0.1,332455103,-0.39631720003407644,0.010750123008773718,0.06559419631958008,-0.4707217313569331,0.0008572170147355929,0.06998658180236816,ok
n,13040,13040,1000,0.6,binomial,0.1,1338099747,-0.37185840839715906,0.00526873262905781,0.08278584480285645,-0.42773157987042765,0.0002793198422694248,0.08453917503356934,ok
n,14040,14040,1000,0.6,binomial,0.1,646397771,-0.3918323094491852,0.00669973370994038,0.07935070991516113,-0.4510726468408535,0.0005112828123017174,0.10362029075622559,ok
n,14040,14040,1000,0.6,binomial,0.1,150134081,-0.3782444300382769,0.009108751699605054,0.07976937294006348,-0.4514158954562584,0.0004958778560593474,0.09726929664611816,ok
n,14040,14040,1000,0.6,binomial,0.1,1838173148,-0.3923558399701481,0.006614303857321326,0.08145976066589355,-0.4533830327212917,0.0004121378202712034,0.10171771049499512,ok
n,14040,14040,1000,0.6,binomial,0.1,3729274638,-0.3632931275481214,0.006585536234007446,0.10666680335998535,-0.42470494622348387,0.0003896477900153047,0.11900973320007324,ok
n,14040,14040,1000,0.6,binomial,0.1,748282804,-0.3520352340881665,0.008539462158670822,0.10021400451660156,-0.4258880745493625,0.0003443388636831024,0.08169031143188477,ok
n,14040,14040,1000,0.6,binomial,0.1,1542033262,-0.3870827431109652,0.007499814158492037,0.11960053443908691,-0.45385608795389015,0.0003931544447471362,0.11751174926757812,ok
n,14040,14040,1000,0.6,binomial,0.1,3519267435,-0.38389364685419664,0.008062345324556889,0.08737373352050781,-0.4520013460361903,0.0004701466124971462,0.09397053718566895,ok
n,14040,14040,1000,0.6,binomial,0.1,3166772364,-0.3892941513628533,0.007121682085612708,0.08337593078613281,-0.4556397977576669,0.0003256008321653806,0.08731365203857422,ok
n,14040,14040,1000,0.6,binomial,0.1,4064018027,-0.38453467639950384,0.007947639435027614,0.0844259262084961,-0.45083509282093226,0.0005220821799144724,0.10061168670654297,ok
n,14040,14040,1000,0.6,binomial,0.1,1144338687,-0.3783680337930295,0.009085173547051068,0.09743285179138184,-0.4568808641591351,0.0002823524491354457,0.0995340347290039,ok
n,14040,14040,1000,0.6,binomial,0.1,904713768,-0.3922035412452606,0.006639099466488699,0.09963512420654297,-0.44822625462178245,0.0006481075188371655,0.100006103515625,ok
n,14040,14040,1000,0.6,binomial,0.1,3144836164,-0.38724003825164083,0.007472594920253688,0.10749578475952148,-0.4509598816023735,0.0005163951250435219,0.0803828239440918,ok
n,14040,14040,1000,0.6,binomial,0.1,4244452150,-0.38140043254185413,0.008516295679085416,0.10927963256835938,-0.45575520705154327,0.0003214491655984063,0.10883378982543945,ok
n,14040,14040,1000,0.6,binomial,0.1,1364987265,-0.3838471499605627,0.008070697451094797,0.09398293495178223,-0.45060872738367574,0.0005324779222662662,0.10311079025268555,ok
n,14040,14040,1000,0.6,binomial,0.1,983257073,-0.3967398015024882,0.005920442080026082,0.07726025581359863,-0.44138596831496385,0.001043176449943158,0.09850263595581055,ok
n,14040,14040,1000,0.6,binomial,0.1,3409133805,-0.39657002868130453,0.010697758966986166,0.08824539184570312,-0.47191241477815316,0.0007889124435945092,0.09695720672607422,ok
n,14040,14040,1000,0.6,binomial,0.1,200106878,-0.40324724128189426,0.009361096319563986,0.0688018798828125,-0.47423256975573863,0.0006639604613928755,0.07092595100402832,ok
n,14040,14040,1000,0.6,binomial,0.1,583796232,-0.3859402592546423,0.007699000984765814,0.09201979637145996,-0.44751861074119703,0.0006846386121150083,0.10184526443481445,ok
n,14040,14040,1000,0.6,binomial,0.1,3221967790,-0.38886379045168923,0.007194503661636117,0.10773110389709473,-0.45776692013609893,0.00025336013336649087,0.13231134414672852,ok
n,14040,14040,1000,0.6,binomial,0.1,1014287778,-0.364095215427102,0.006455998603681342,0.1214592456817627,-0.4283390281073047,0.00025938443539260775,0.12486886978149414,ok
n,14040,14040,1000,0.6,binomial,0.1,475520944,-0.36549328304517337,0.0062332858862937475,0.10027623176574707,-0.4253108577507364,0.00036609413976564044,0.08593058586120605,ok
n,14040,14040,1000,0.6,binomial,0.1,1582002519,-0.4028267276141843,0.00944264486616793,0.07178544998168945,-0.47232833178582273,0.0007657212217555086,0.09171199798583984,ok
n,14040,14040,1000,0.6,binomial,0.1,2501495164,-0.3807634118629575,0.008634274824236376,0.083709716796875,-0.4549034495519712,0.0003527169827754656,0.10396146774291992,ok
n,14040,14040,1000,0.6,binomial,0.1,3055630987,-0.37598557901486873,0.009545022599209523,0.08026647567749023,-0.45032115561299907,0.0005458323348826539,0.08728241920471191,ok
n,14040,14040,1000,0.6,binomial,0.1,1831260958,-0.3846118322436338,0.0079338885729332,0.06734466552734375,-0.4516258837703042,0.0004865697792749774,0.08332943916320801,ok
n,14040,14040,1000,0.6,binomial,0.1,1753277766,-0.3825841327494819,0.008299224170945191,0.07533740997314453,-0.4578516590216293,0.0002506696871485521,0.09846353530883789,ok
n,14040,14040,1000,0.6,binomial,0.1,4132142155,-0.3945096409866865,0.006268612461785598,0.09242820739746094,-0.4495115797989486,0.0005843160762816566,0.09529852867126465,ok
n,14040,14040,1000,0.6,binomial,0.1,991066759,-0.3896504298608308,0.007061676292934841,0.11053013801574707,-0.45070967239618276,0.0005278294022929378,0.11457347869873047,ok
n,14040,14040,1000,0.6,binomial,0.1,3451999487,-0.39543261548266084,0.006123312126876168,0.11400461196899414,-0.4591063270105628,0.00021251468779886332,0.12067413330078125,ok
n,14040,14040,1000,0.6,binomial,0.1,3131420146,-0.3855544034821378,0.007766862889644046,0.08843493461608887,-0.4541848306483399,0.0003802258156256113,0.10404539108276367,ok
n,14040,14040,1000,0.6,binomial,0.1,1642489830,-0.3846659534064932,0.007924250100650855,0.08973503112792969,-0.4486448565135089,0.0006269692493786708,0.1065206527709961,ok
n,14040,14040,1000,0.6,binomial,0.1,3784542855,-0.3968877053430824,0.0058977032083584015,0.0879354476928711,-0.45374110512162963,0.0003977274531824235,0.09163260459899902,ok
n,14040,14040,1000,0.6,binomial,0.1,834355118,-0.3735159910213528,0.005030845504991677,0.08648991584777832,-0.4210555921859374,0.0005470384099702685,0.07103490829467773,ok
n,14040,14040,1000,0.6,binomial,0.1,761462855,-0.4033331493527765,0.009344480014052619,0.09951376914978027,-0.47572362168947574,0.0005893425438756927,0.11578917503356934,ok
n,14040,14040,1000,0.6,binomial,0.1,854613098,-0.3822001404602345,0.00836933507585568,0.1041872501373291,-0.45874695835565077,0.00022312150241003773,0.11236715316772461,ok
n,14040,14040,1000,0.6,binomial,0.1,4253829335,-0.40049253010091695,0.009901736565716919,0.08570170402526855,-0.48016264472772924,0.0003935206641982886,0.10592031478881836,ok
n,14040,14040,1000,0.6,binomial,0.1,2880337009,-0.3672391147393484,0.005960662934872583,0.1012575626373291,-0.42944337899332535,0.0002250319646687581,0.09382939338684082,ok
n,14040,14040,1000,0.6,binomial,0.1,37537681,-0.40186143978768957,0.00963117700054528,0.09693717956542969,-0.4820161717514911,0.00032341807847186725,0.09432530403137207,ok
n,14040,14040,1000,0.6,binomial,0.1,127889041,-0.3897972150288954,0.007037028013584231,0.08315610885620117,-0.44556579798624074,0.0007906451237738514,0.08052206039428711,ok
n,14040,14040,1000,0.6,binomial,0.1,2985113763,-0.3930895145423129,0.006495505020753858,0.09638476371765137,-0.4432295089557249,0.000927488847753754,0.0900564193725586,ok
n,14040,14040,1000,0.6,binomial,0.1,1449141795,-0.399567194175944,0.010086748485692538,0.07808828353881836,-0.48232848446266113,0.000312282461386409,0.0847477912902832,ok
n,14040,14040,1000,0.6,binomial,0.1,525330096,-0.35218034053442976,0.008512664870317982,0.08070230484008789,-0.42427217341380885,0.000406920518533419,0.08806753158569336,ok
n,14040,14040,1000,0.6,binomial,0.1,3371994253,-0.36483056984610074,0.0063383690285607934,0.11621856689453125,-0.4298295546171425,0.00021359500466417296,0.11340928077697754,ok
n,14040,14040,1000,0.6,binomial,0.1,3728863279,-0.40289358750618004,0.009429655347419913,0.10165810585021973,-0.47648896271240293,0.0005527688743387798,0.11030435562133789,ok
n,14040,14040,1000,0.6,binomial,0.1,4205621426,-0.39948196173387124,0.010103876016870926,0.10555648803710938,-0.4774374631334258,0.000509068069855521,0.11198711395263672,ok
n,14040,14040,1000,0.6,binomial,0.1,2255409613,-0.37223018851798845,0.0052148987590116816,0.09940338134765625,-0.4248385335481359,0.0003843917420739896,0.08693790435791016,ok
n,14040,14040,1000,0.6,binomial,0.1,670116249,-0.43813896350846077,0.011516634128426809,0.09435129165649414,-0.5076030945694917,0.001432732334103633,0.08748483657836914,ok
n,14040,14040,1000,0.6,binomial,0.1,2598053075,-0.3839832077976629,0.008046269890525802,0.0844261646270752,-0.4402939252923306,0.0011149111480068927,0.08790469169616699,ok
n,14040,14040,1000,0.6,binomial,0.1,2864350075,-0.3534801848047953,0.008274496531789495,0.06732892990112305,-0.42454785097187075,0.00039587443181286097,0.0729827880859375,ok
n,14040,14040,1000,0.6,binomial,0.1,1395360292,-0.4364595867941571,0.01187990101337976,0.07334280014038086,-0.5197345109193837,0.0006615201764899103,0.08359122276306152,ok
n,15040,15040,1000,0.6,binomial,0.1,2235013842,-0.37910730919188024,0.008944790266023564,0.08821463584899902,-0.4448272749421068,0.00083272273131119,0.12293720245361328,ok
n,15040,15040,1000,0.6,binomial,0.1,2642598978,-0.38479601284234183,0.007901111687505239,0.1163482666015625,-0.45300815488560425,0.00042749927685780054,0.10985088348388672,ok
n,15040,15040,1000,0.6,binomial,0.1,348212053,-0.3706345797795096,0.005447896121855996,0.11998319625854492,-0.4202769709549827,0.0005840667748638362,0.1073918342590332,ok
n,15040,15040,1000,0.6,binomial,0.1,2073222979,-0.40151688796719603,0.009698923355665818,0.10577726364135742,-0.47219119385083624,0.000773329699441768,0.1263422966003418,ok
n,15040,15040,1000,0.6,binomial,0.1,2596236063,-0.3864855754489357,0.0076036019593581075,0.10270953178405762,-0.45368839116448473,0.0003998327919509791,0.0946359634399414,ok
n,15040,15040,1000,0.6,binomial,0.1,1081199296,-0.4283145635179886,0.009119287441081874,0.10177159309387207,-0.4931455332777388,0.0009402803153333954,0.1063985824584961,ok
n,15040,15040,1000,0.6,binomial,0.1,948933059,-0.38474255258988327,0.007910618516481374,0.08358979225158691,-0.4541770814118252,0.00038052808628940665,0.08623218536376953,ok
n,15040,15040,1000,0.6,binomial,0.1,2157296314,-0.38552241066966364,0.007772502953964396,0.06415462493896484,-0.44681720304030415,0.0007218360912534073,0.09768414497375488,ok
n,15040,15040,1000,0.6,binomial,0.1,2322937853,-0.38804523515242906,0.007334034103089183,0.10939693450927734,-0.45374281459074595,0.00039765927185916265,0.12802815437316895,ok
n,15040,15040,1000,0.6,binomial,0.1,1562136834,-0.40104853486949554,0.005275941378122794,0.09924912452697754,-0.4492656955461345,0.0005962638738373399,0.11282157897949219,ok
n,15040,15040,1000,0.6,binomial,0.1,1581060254,-0.38585276239212435,0.007714363281349166,0.10124349594116211,-0.4575925170900335,0.00025894259764729105,0.09357690811157227,ok
n,15040,15040,1000,0.6,binomial,0.1,3523742726,-0.38963243714633083,0.007064700608320353,0.1102137565612793,-0.45597692978225063,0.0003135477913491419,0.11882376670837402,ok
n,15040,15040,1000,0.6,binomial,0.1,529431540,-0.3562162403818511,0.007784215992110604,0.0921013355255127,-0.42677033790182545,0.0003123740420798468,0.09585833549499512,ok
n,15040,15040,1000,0.6,binomial,0.1,862409531,-0.3633159747395734,0.006581828596654177,0.09450984001159668,-0.430931644936119,0.00018259575055219922,0.1050271987915039,ok
n,15040,15040,1000,0.6,binomial,0.1,3862065641,-0.4107023769162346,0.007974065488410226,0.09113788604736328,-0.47419386851649886,0.0006659564221437487,0.09945058822631836,ok
n,15040,15040,1000,0.6,binomial,0.1,1121070805,-0.38413909387639955,0.008018327915847112,0.07659482955932617,-0.45919384391521,0.00020997072452425005,0.07123064994812012,ok
n,15040,15040,1000,0.6,binomial,0.1,935750472,-0.38508043847247436,0.007850628422169097,0.11484003067016602,-0.4515599359179954,0.0004894835269443705,0.1363081932067871,ok
n,15040,15040,1000,0.6,binomial,0.1,3912092607,-0.39797899090698086,0.010408286296357894,0.08684015274047852,-0.47806332376643446,0.00048121776417627937,0.08266353607177734,ok
n,15040,15040,1000,0.6,binomial,0.1,3897957152,-0.3806153182928479,0.008661818701564867,0.11157703399658203,-0.4513666274091021,0.0004980745161937425,0.12335610389709473,ok
n,15040,15040,1000,0.6,binomial,0.1,380192083,-0.3856398224316087,0.0077518142749714025,0.09725570678710938,-0.4555892727442426,0.0003274267733371008,0.11224102973937988,ok
n,15040,15040,1000,0.6,binomial,0.1,3146520954,-0.4160192750429438,0.0070527621643127255,0.1049959659576416,-0.4762126400087585,0.0005658384953529162,0.09217214584350586,ok
n,15040,15040,1000,0.6,binomial,0.1,2024016016,-0.3803597924421196,0.008709447010753851,0.11140108108520508,-0.45502811528994597,0.00034804988946850185,0.09339618682861328,ok
n,15040,15040,1000,0.6,binomial,0.1,2997708231,-0.38478234841762055,0.007903541086393469,0.07663822174072266,-0.4485643572648103,0.0006310070278795689,0.09504199028015137,ok
n,15040,15040,1000,0.6,binomial,0.1,3815883421,-0.3854259962540418,0.007789512386530637,0.08418941497802734,-0.45509116725970433,0.00034570125791408675,0.08835816383361816,ok
n,15040,15040,1000,0.6,binomial,0.1,2548760693,-0.4176128801629375,0.01127772712180002,0.1024324893951416,-0.4915153265745721,0.001042915175049958,0.10283660888671875,ok
n,15040,15040,1000,0.6,binomial,0.1,3869384197,-0.36001951416775513,0.007127568852223848,0.08205533027648926,-0.42769335999401925,0.00028059883026527587,0.13335442543029785,ok
n,15040,15040,1000,0.6,binomial,0.1,915786591,-0.37399983651921803,0.009936974421186953,0.10037708282470703,-0.4525199571506587,0.0004479256209490146,0.12096428871154785,ok
n,15040,15040,1000,0.6,binomial,0.1,3771063557,-0.3999359327035493,0.005438808481823952,0.11320090293884277,-0.4527124101470841,0.00043981641114634466,0.07951569557189941,ok
n,15040,15040,1000,0.6,binomial,0.1,2408851630,-0.38488723618799264,0.007884902651640824,0.0781397819519043,-0.44321875697088214,0.0009281438603382864,0.10198712348937988,ok
n,15040,15040,1000,0.6,binomial,0.1,2962807432,-0.4090415882942336,0.008273432660035704,0.11510372161865234,-0.4777338314555085,0.000495782261651702,0.11131548881530762,ok
n,15040,15040,1000,0.6,binomial,0.1,218193298,-0.3685370886525794,0.0057619266633127855,0.0726158618927002,-0.43011600657731897,0.00020530413171207464,0.09949183464050293,ok
n,15040,15040,1000,0.6,binomial,0.1,3781377586,-0.3861313747054852,0.007665499060269322,0.08021163940429688,-0.45095707580079186,0.0005165226528321169,0.08405590057373047,ok
n,15040,15040,1000,0.6,binomial,0.1,1167231131,-0.3846870737382823,0.007920490356467946,0.08516693115234375,-0.45327114775204846,0.00041669313182617963,0.10228896141052246,ok
n,15040,15040,1000,0.6,binomial,0.1,1098129949,-0.38204345070683354,0.008398028860292037,0.10549783706665039,-0.4489254903930595,0.0006129942226369111,0.12561964988708496,ok
n,15040,15040,1000,0.6,binomial,0.1,3887966540,-0.3908710816033142,0.006858014322017689,0.09068465232849121,-0.4488170393586361,0.0006183762018826818,0.12033295631408691,ok
n,15040,15040,1000,0.6,binomial,0.1,4220846490,-0.3803903056161596,0.00870375269338527,0.09075784683227539,-0.4558672918044006,0.0003174425927433327,0.10605931282043457,ok
n,15040,15040,1000,0.6,binomial,0.1,3400924432,-0.40526306820323876,0.00897508624626419,0.09060215950012207,-0.4784862405313373,0.00046284184647547334,0.09427738189697266,ok
n,15040,15040,1000,0.6,binomial,0.1,2103712417,-0.40688497994677375,0.008670406959512727,0.10605311393737793,-0.47961687250488166,0.0004154718864822491,0.11014533042907715,ok
n,15040,15040,1000,0.6,binomial,0.1,231848602,-0.3877059889254469,0.007392254589648125,0.09716153144836426,-0.4512382349177049,0.0005038218210223575,0.09846639633178711,ok
n,15040,15040,1000,0.6,binomial,0.1,2511571679,-0.3869252318176737,0.007527120386566619,0.07657933235168457,-0.44642905086212453,0.0007428437283205597,0.08209872245788574,ok
n,15040,15040,1000,0.6,binomial,0.1,879350528,-0.4001258926552217,0.0099748373179163,0.1042935848236084,-0.4711482891869207,0.000832421216841557,0.09211540222167969,ok
n,15040,15040,1000,0.6,binomial,0.1,1878844500,-0.4073228363837611,0.008589056655951116,0.10706281661987305,-0.47324257127583175,0.0007159599919289443,0.1193852424621582,ok
n,15040,15040,1000,0.6,binomial,0.1,3301112718,-0.44514669668775536,0.010061664524221225,0.07902693748474121,-0.5257968017953869,0.00038642688576918667,0.11918807029724121,ok
n,15040,15040,1000,0.6,binomial,0.1,1265509254,-0.38369678766304693,0.008097736273572768,0.08379602432250977,-0.45912271894756934,0.00021203703699790457,0.09820294380187988,ok
n,15040,15040,1000,0.6,binomial,0.1,2563612171,-0.4118168347223713,0.007776270638381581,0.08930325508117676,-0.47820140326834365,0.0004751788194693789,0.09541988372802734,ok
n,15040,15040,1000,0.6,binomial,0.1,3309141160,-0.39943335553711967,0.01011364997852338,0.10461735725402832,-0.47403336632726706,0.0006742660642939083,0.11168622970581055,ok
n,15040,15040,1000,0.6,binomial,0.1,1488530908,-0.43511400199742367,0.007866895589520716,0.08791732788085938,-0.497563806121023,0.0006888376969844787,0.08881258964538574,ok
n,15040,15040,1000,0.6,binomial,0.1,2142181601,-0.39042884672478295,0.006931455601725589,0.0813908576965332,-0.4497058535531588,0.0005749616031321485,0.08945059776306152,ok
n,15040,15040,1000,0.6,binomial,0.1,2967740014,-0.3885944505474299,0.007240267253264414,0.09421229362487793,-0.44826280756782294,0.0006462477283780705,0.09801816940307617,ok
n,15040,15040,1000,0.6,binomial,0.1,1853713147,-0.38839362281240686,0.007274484352583998,0.09492135047912598,-0.4518131841314985,0.00047834179556279524,0.1078188419342041,ok
n,16040,16040,1000,0.6,binomial,0.1,2893584588,-0.38838655892275864,0.007275689369081821,0.1117849349975586,-0.4545112054217871,0.00036760412473828513,0.14640355110168457,ok
n,16040,16040,1000,0.6,binomial,0.1,935972274,-0.3803134224410573,0.008718104067662252,0.1437368392944336,-0.4500480824063663,0.0005586665525026688,0.1319713592529297,ok
n,16040,16040,1000,0.6,binomial,0.1,2056858154,-0.4156439196108912,0.007115948298613786,0.11758637428283691,-0.483857351079458,0.00026058511417187624,0.13338947296142578,ok
n,16040,16040,1000,0.6,binomial,0.1,1938994459,-0.39884470089293,0.010232394537440796,0.10763096809387207,-0.4679313839590413,0.001028396134782432,0.11494565010070801,ok
n,16040,16040,1000,0.6,binomial,0.1,3422416041,-0.3771925138898623,0.009310647519781374,0.09661316871643066,-0.4525257329511753,0.0004476811732977234,0.0861964225769043,ok
n,16040,16040,1000,0.6,binomial,0.1,1950808285,-0.3614976091109803,0.0068801774918368155,0.09791445732116699,-0.430840940943749,0.00018505530749343327,0.08823227882385254,ok
n,16040,16040,1000,0.6,binomial,0.1,2231954617,-0.4106951961744549,0.007975347986319098,0.10067057609558105,-0.4728019437325859,0.0007397342647254243,0.12396001815795898,ok
n,16040,16040,1000,0.6,binomial,0.1,965676073,-0.39196563887196917,0.006677924953226588,0.10422492027282715,-0.44948279867651464,0.0005857083355236969,0.13579821586608887,ok
n,16040,16040,1000,0.6,binomial,0.1,1744255009,-0.376257869743716,0.009491891878287273,0.11495399475097656,-0.4513803933332768,0.0004974602613805035,0.13717246055603027,ok
n,16040,16040,1000,0.6,binomial,0.1,1455279388,-0.38937124478806473,0.007108676191579502,0.11521601676940918,-0.4515496627225485,0.0004899382064772614,0.1032419204711914,ok
n,16040,16040,1000,0.6,binomial,0.1,360542530,-0.38426962108905477,0.007994968804233955,0.10905885696411133,-0.45340313787741027,0.00041132190779018485,0.10442709922790527,ok
n,16040,16040,1000,0.6,binomial,0.1,2927445132,-0.3630932892821817,0.006618010446234543,0.09037923812866211,-0.4285297263243063,0.0002532782528434525,0.12162256240844727,ok
n,16040,16040,1000,0.6,binomial,0.1,347725038,-0.3645165045616842,0.006388475573902129,0.09910869598388672,-0.4243775709239418,0.0004026794128878495,0.11497139930725098,ok
n,16040,16040,1000,0.6,binomial,0.1,1484103815,-0.35743720040876775,0.007570260514683793,0.10658550262451172,-0.41953912972784485,0.000620274701132871,0.09019637107849121,ok
n,16040,16040,1000,0.6,binomial,0.1,1806323017,-0.39286707562393425,0.006531409293829741,0.08560466766357422,-0.45567896147569176,0.0003241889933749987,0.11026906967163086,ok
n,16040,16040,1000,0.6,binomial,0.1,634140832,-0.380711792977116,0.00864387042494276,0.08008170127868652,-0.4575389908082627,0.0002606681197442108,0.11916613578796387,ok
n,16040,16040,1000,0.6,binomial,0.1,3526958498,-0.3774406174961669,0.009262829199352925,0.10358858108520508,-0.4610564712149317,0.00015945980011627568,0.13492178916931152,ok
n,16040,16040,1000,0.6,binomial,0.1,548705476,-0.42311916135847827,0.010138549090522905,0.12850308418273926,-0.49850693752087905,0.0006402208728943097,0.10589933395385742,ok
n,16040,16040,1000,0.6,binomial,0.1,2159387378,-0.4112890161771129,0.007869638650824538,0.11242294311523438,-0.47663153374331385,0.0005460852151898791,0.10669636726379395,ok
n,16040,16040,1000,0.6,binomial,0.1,3652618712,-0.37767323972780026,0.009218106513673408,0.09609794616699219,-0.44866834829662616,0.0006257933630948136,0.11486315727233887,ok
n,16040,16040,1000,0.6,binomial,0.1,1604716227,-0.38972147131380264,0.0070497415760684985,0.09283447265625,-0.4539354649107658,0.0003900129533877058,0.10462713241577148,ok
n,16040,16040,1000,0.6,binomial,0.1,4053621251,-0.36866238546676594,0.00574292046289634,0.10195541381835938,-0.4255868732575628,0.00035560799106830856,0.10532712936401367,ok
n,16040,16040,1000,0.6,binomial,0.1,1302511439,-0.42262427396330937,0.010238454786440821,0.09778976440429688,-0.5039507807717324,0.00039436967504102594,0.08059930801391602,ok
n,16040,16040,1000,0.6,binomial,0.1,2840580115,-0.39048509246824814,0.006922093245640283,0.09534788131713867,-0.44951280534128824,0.0005842568286187783,0.1257617473602295,ok
n,16040,16040,1000,0.6,binomial,0.1,1028648192,-0.39921540978329606,0.010157533625148936,0.11991167068481445,-0.47438943558552804,0.0006559010096278174,0.11736369132995605,ok
n,16040,16040,1000,0.6,binomial,0.1,3872273980,-0.391783693389022,0.006707694707356155,0.11792469024658203,-0.45525043054594416,0.00033980424436475085,0.10107803344726562,ok
n,16040,16040,1000,0.6,binomial,0.1,697130855,-0.40822726137537263,0.008422235554664172,0.1014397144317627,-0.4758886471154402,0.0005813573379237697,0.12855076789855957,ok
n,16040,16040,1000,0.6,binomial,0.1,2813572786,-0.40339940919058564,0.009331674144727908,0.1083986759185791,-0.47860737692310995,0.0004576443221098887,0.09969115257263184,ok
n,16040,16040,1000,0.6,binomial,0.1,2927496353,-0.385473158614135,0.007781189679453459,0.10450887680053711,-0.4522491619415131,0.000459461307832853,0.10951852798461914,ok
n,16040,16040,1000,0.6,binomial,0.1,2941518253,-0.377148615670358,0.009319121074193627,0.0858464241027832,-0.4441649572359291,0.0008713863148220082,0.07452583312988281,ok
n,16040,16040,1000,0.6,binomial,0.1,457128479,-0.39862229305104857,0.010277439466227474,0.08585143089294434,-0.4733777010871706,0.0007087467994040381,0.11161231994628906,ok
n,16040,16040,1000,0.6,binomial,0.1,3459319322,-0.37815074358546646,0.009126643305738357,0.11895418167114258,-0.46026003463756276,0.00018020849829217885,0.127471923828125,ok
n,16040,16040,1000,0.6,binomial,0.1,226083293,-0.4109649770267497,0.007927235315847206,0.11004185676574707,-0.4768585069173643,0.0005355287020936755,0.09802031517028809,ok
n,16040,16040,1000,0.6,binomial,0.1,1546304478,-0.38162000715664934,0.008475817542091308,0.10401797294616699,-0.44738411952161794,0.0006916947868553903,0.10018706321716309,ok
n,16040,16040,1000,0.6,binomial,0.1,2692958289,-0.38116762467884724,0.008559318656872024,0.11556482315063477,-0.4527590325265853,0.0004378630743204069,0.1192176342010498,ok
n,16040,16040,1000,0.6,binomial,0.1,3570656722,-0.40430355671311463,0.009157809257760068,0.1254880428314209,-0.4760584380903806,0.0005731983866721376,0.13167834281921387,ok
n,16040,16040,1000,0.6,binomial,0.1,279402279,-0.36156137665296745,0.006869602926526567,0.09570622444152832,-0.42178280600898993,0.0005135498565792682,0.0903468132019043,ok
n,16040,16040,1000,0.6,binomial,0.1,1505147888,-0.4154451432197139,0.007149523805134698,0.08039665222167969,-0.47761687369305467,0.0005010043432726682,0.09914040565490723,ok
n,16040,16040,1000,0.6,binomial,0.1,979750019,-0.38731029178444804,0.007460453838826779,0.07223081588745117,-0.4511058570768871,0.0005097820444873294,0.08865475654602051,ok
n,16040,16040,1000,0.6,binomial,0.1,2945380207,-0.35255276724927515,0.008444080337741192,0.10584688186645508,-0.42247996175049285,0.000482438500012898,0.1162567138671875,ok
n,16040,16040,1000,0.6,binomial,0.1,865846511,-0.3882657572739859,0.007296312156020475,0.1084451675415039,-0.45004805213572197,0.0005586679834652402,0.1049509048461914,ok
n,16040,16040,1000,0.6,binomial,0.1,2488754364,-0.3875679736609203,0.0074160062518569105,0.11013531684875488,-0.4540119146317831,0.00038699922576204937,0.13119196891784668,ok
n,16040,16040,1000,0.6,binomial,0.1,646397793,-0.38042327161374945,0.008697602726853436,0.09536957740783691,-0.4590190790609592,0.0002150660808961934,0.1316053867340088,ok
n,16040,16040,1000,0.6,binomial,0.1,2923094979,-0.38940469184885435,0.0071030372685045775,0.10399794578552246,-0.452026225308,0.0004690683237167857,0.08820986747741699,ok
n,16040,16040,1000,0.6,binomial,0.1,3277871705,-0.441988239779522,0.01070527641003738,0.09444475173950195,-0.513963071857176,0.000991712909333812,0.0981607437133789,ok
n,16040,16040,1000,0.6,binomial,0.1,1614336560,-0.39584276064200374,0.0060592913200918684,0.07171010971069336,-0.45836039228695963,0.00023481940543282546,0.10551571846008301,ok
n,16040,16040,1000,0.6,binomial,0.1,208846441,-0.4269665913825692,0.009378553561051679,0.09375572204589844,-0.5027636020142576,0.0004429308242124566,0.0943303108215332,ok
n,16040,16040,1000,0.6,binomial,0.1,1223539889,-0.4107343649896708,0.00796835359379731,0.09219646453857422,-0.47994507434875583,0.0004022000428769314,0.11574578285217285,ok
n,16040,16040,1000,0.6,binomial,0.1,417239999,-0.40427526892882626,0.009163224138648535,0.11420249938964844,-0.4734859380616075,0.0007029954804729143,0.13531899452209473,ok
n,16040,16040,1000,0.6,binomial,0.1,2668125319,-0.3926234113912645,0.0065708531564131365,0.10719966888427734,-0.4578996790040992,0.0002491514353758493,0.13214945793151855,ok
n,17040,17040,1000,0.6,binomial,0.1,713749519,-0.3852709028076673,0.007816912981752435,0.11718869209289551,-0.45042040891987917,0.0005412044651836445,0.11770915985107422,ok
n,17040,17040,1000,0.6,binomial,0.1,3837893465,-0.3875596669113042,0.007417437012894035,0.0878288745880127,-0.4473211234012544,0.0006950123627635788,0.12096524238586426,ok
n,17040,17040,1000,0.6,binomial,0.1,2579313988,-0.40118716327208437,0.009763976702217712,0.10361051559448242,-0.4748726470923479,0.0006313838641456931,0.11882352828979492,ok
n,17040,17040,1000,0.6,binomial,0.1,55341023,-0.35463357851148963,0.00806599163962718,0.09923124313354492,-0.428082694415452,0.0002677068640112337,0.11287069320678711,ok
n,17040,17040,1000,0.6,binomial,0.1,3669532467,-0.4009256423522779,0.00981572834330875,0.08576226234436035,-0.47651729673541626,0.0005514373526124917,0.08486056327819824,ok
n,17040,17040,1000,0.6,binomial,0.1,2086336876,-0.4108087390447563,0.007955081030786381,0.09383034706115723,-0.4751574751786466,0.0006171510394995601,0.12728452682495117,ok
n,17040,17040,1000,0.6,binomial,0.1,2307427934,-0.4136641696092747,0.007453875609256084,0.0931084156036377,-0.4768626843912067,0.0005353353735809094,0.13538289070129395,ok
n,17040,17040,1000,0.6,binomial,0.1,3315716658,-0.3830664364301393,0.008211580982145675,0.11575508117675781,-0.44931730343691784,0.0005937461611033537,0.14470171928405762,ok
n,17040,17040,1000,0.6,binomial,0.1,3957073644,-0.38740890976960046,0.007443427520661689,0.1267244815826416,-0.45456534439108964,0.0003655310422966983,0.10142970085144043,ok
n,17040,17040,1000,0.6,binomial,0.1,3269167935,-0.40128951925808504,0.009743759008299964,0.11375761032104492,-0.4802259383864017,0.00039101351269838153,0.12008213996887207,ok
n,17040,17040,1000,0.6,binomial,0.1,3407202230,-0.38418197372799545,0.008010650391902612,0.10892462730407715,-0.45307057737405315,0.0004249218717360625,0.1105496883392334,ok
n,17040,17040,1000,0.6,binomial,0.1,2454870698,-0.3857641346792454,0.007729939736954612,0.09940481185913086,-0.4567176426909521,0.00028786442411199843,0.108184814453125,ok
n,17040,17040,1000,0.6,binomial,0.1,3384156749,-0.386358066610986,0.007625855411120898,0.08735060691833496,-0.44578840007298043,0.000778176240848416,0.1050722599029541,ok
n,17040,17040,1000,0.6,binomial,0.1,3082644643,-0.42277760635844525,0.010207448343841536,0.09339165687561035,-0.4924117436027682,0.0009858206019117302,0.11692285537719727,ok
n,17040,17040,1000,0.6,binomial,0.1,2771261136,-0.3754172927220121,0.009656387134757789,0.1052393913269043,-0.4543819832796251,0.00037257597668288994,0.11788105964660645,ok
n,17040,17040,1000,0.6,binomial,0.1,2736732000,-0.3764100956363174,0.009462253427632614,0.11303234100341797,-0.44950813580588167,0.0005844825888880151,0.1560673713684082,ok
n,17040,17040,1000,0.6,binomial,0.1,1120606650,-0.41036920855740106,0.008033678774626669,0.10926032066345215,-0.47525211891183206,0.0006124576183541006,0.11208629608154297,ok
n,17040,17040,1000,0.6,binomial,0.1,3543492260,-0.41101887830895983,0.0079176400173957,0.11349010467529297,-0.46814584566501716,0.0010146871483969063,0.11932754516601562,ok
n,17040,17040,1000,0.6,binomial,0.1,3122294870,-0.38625820896542706,0.0076433057489245235,0.09743118286132812,-0.4532387002834796,0.0004180188890899198,0.11210131645202637,ok
n,17040,17040,1000,0.6,binomial,0.1,1282027436,-0.3900012126631259,0.007002844131370653,0.11681747436523438,-0.4537000755970623,0.0003993656488706096,0.12441468238830566,ok
n,17040,17040,1000,0.6,binomial,0.1,1905937494,-0.43065343383986543,0.013179295227966212,0.1037755012512207,-0.521752801980886,0.0005617726436911554,0.09681010246276855,ok
n,17040,17040,1000,0.6,binomial,0.1,3879742522,-0.368873888243678,0.005710908964493195,0.11053824424743652,-0.4237112418425155,0.00042986569013263136,0.0866551399230957,ok
n,17040,17040,1000,0.6,binomial,0.1,3055837116,-0.40709626379310243,0.00863110420120081,0.10591316223144531,-0.476113100316406,0.000570583976494082,0.1406855583190918,ok
n,17040,17040,1000,0.6,binomial,0.1,2650556147,-0.3804900017129874,0.008685160556342258,0.11539793014526367,-0.4493056633380257,0.0005943135630116888,0.12809157371520996,ok
n,17040,17040,1000,0.6,binomial,0.1,3900186793,-0.425528911247582,0.009659078805550494,0.09510970115661621,-0.5023094618744278,0.00046225266321295983,0.1246333122253418,ok
n,17040,17040,1000,0.6,binomial,0.1,4265879195,-0.38924522386064236,0.007129942469125779,0.1036841869354248,-0.4599499560173886,0.0001886297469159881,0.12122178077697754,ok
n,17040,17040,1000,0.6,binomial,0.1,2999761462,-0.377357188357147,0.009278895199979544,0.10045242309570312,-0.45300989067960984,0.00042742750112390076,0.09708380699157715,ok
n,17040,17040,1000,0.6,binomial,0.1,311913004,-0.4075402964895464,0.00854879677324098,0.09810519218444824,-0.4715177124249916,0.0008112407055054793,0.11728811264038086,ok
n,17040,17040,1000,0.6,binomial,0.1,103668356,-0.3804202220202246,0.008698171552064319,0.07653641700744629,-0.44919575241973003,0.0005996845804380071,0.09647846221923828,ok
n,17040,17040,1000,0.6,binomial,0.1,1063313624,-0.38188640640531446,0.008426836841437734,0.10422396659851074,-0.45336245678931303,0.00041297367494738684,0.11995530128479004,ok
n,17040,17040,1000,0.6,binomial,0.1,1697227531,-0.3866556884770619,0.0075739636500774775,0.11157774925231934,-0.4498759041145964,0.0005668354541943208,0.13083457946777344,ok
n,17040,17040,1000,0.6,binomial,0.1,3666501177,-0.39256962666556816,0.006579575714902264,0.12037014961242676,-0.4524979242931763,0.00044885872435251656,0.13751482963562012,ok
n,17040,17040,1000,0.6,binomial,0.1,2769582788,-0.4098599210443787,0.008125233834125644,0.08745837211608887,-0.47640719066761217,0.0005566206521944064,0.12010335922241211,ok
n,17040,17040,1000,0.6,binomial,0.1,139431891,-0.3850980315231266,0.007847511110385081,0.08486032485961914,-0.4586934623417609,0.00022472253113273678,0.10710597038269043,ok
n,17040,17040,1000,0.6,binomial,0.1,3729569258,-0.38756234491425834,0.007416975736501289,0.11343646049499512,-0.4561535214687673,0.00030732505883245107,0.11978435516357422,ok
n,17040,17040,1000,0.6,binomial,0.1,187234168,-0.42081352379738174,0.010608176018501152,0.08466863632202148,-0.4951771598837194,0.0008198122639797004,0.10272216796875,ok
n,17040,17040,1000,0.6,binomial,0.1,546878224,-0.40361948295437106,0.009289204065982772,0.1013486385345459,-0.46849853555299736,0.000992342262305771,0.1064605712890625,ok
n,17040,17040,1000,0.6,binomial,0.1,3539198255,-0.3942525687192843,0.006309385720160553,0.11010408401489258,-0.45203931725288526,0.00046850140481819927,0.11425375938415527,ok
n,17040,17040,1000,0.6,binomial,0.1,2874772651,-0.3680702998606743,0.011154298126090107,0.12957191467285156,-0.4503515552776812,0.0005444128009516354,0.1655881404876709,ok
n,17040,17040,1000,0.6,binomial,0.1,659595274,-0.384179870654791,0.008011026855837431,0.1322324275970459,-0.4505520812801573,0.0005350954034609832,0.16181421279907227,ok
n,17040,17040,1000,0.6,binomial,0.1,1607586923,-0.4174097110764856,0.01132092014962558,0.0965118408203125,-0.4993173252909578,0.0005998677882728433,0.11231064796447754,ok
n,17040,17040,1000,0.6,binomial,0.1,1111779657,-0.3596820411326705,0.007184665015187823,0.1128387451171875,-0.4220863871022767,0.0004998827281156601,0.13462305068969727,ok
n,17040,17040,1000,0.6,binomial,0.1,2829513317,-0.3857547312046742,0.0077315933337750034,0.10954594612121582,-0.4528127302385036,0.0004356186894045339,0.1222381591796875,ok
n,17040,17040,1000,0.6,binomial,0.1,4223693063,-0.3814992874725779,0.008498060038423584,0.09788179397583008,-0.4546375376033364,0.0003627757494349567,0.12402558326721191,ok
n,17040,17040,1000,0.6,binomial,0.1,1218192117,-0.37960510283035476,0.00885087850486824,0.10263252258300781,-0.4524937240090582,0.0004490367188380776,0.10736632347106934,ok
n,17040,17040,1000,0.6,binomial,0.1,935199500,-0.38917976361131085,0.007141001548410893,0.07540702819824219,-0.44402702774532343,0.0008795484905051913,0.10942578315734863,ok
n,17040,17040,1000,0.6,binomial,0.1,903494354,-0.37602215208730644,0.009537877658544483,0.11391353607177734,-0.45111863170753347,0.0005092053474266787,0.13093090057373047,ok
n,17040,17040,1000,0.6,binomial,0.1,1177872355,-0.38306111986102676,0.008212544561729202,0.13737869262695312,-0.4511588522361107,0.0005073917661021131,0.13944363594055176,ok
n,17040,17040,1000,0.6,binomial,0.1,2477530263,-0.36330304879742054,0.006583926087546867,0.10177397727966309,-0.42377963766878174,0.0004270342390754742,0.1280217170715332,ok
n,17040,17040,1000,0.6,binomial,0.1,3486132925,-0.3885476269331472,0.007248237865916587,0.10000061988830566,-0.45654259433932115,0.0002938350055022376,0.14200448989868164,ok
n,18040,18040,1000,0.6,binomial,0.1,1250027667,-0.39123796835522395,0.006797382848134327,0.09849715232849121,-0.45050437155380724,0.0005373049347914277,0.12688374519348145,ok
n,18040,18040,1000,0.6,binomial,0.1,2584536647,-0.3598566177290685,0.007155100428430461,0.09511208534240723,-0.4242452727251002,0.000408006538147555,0.12210559844970703,ok
n,18040,18040,1000,0.6,binomial,0.1,754377388,-0.38712233718290967,0.007492957916719888,0.10349774360656738,-0.45381406700008564,0.000394822603752987,0.10164427757263184,ok
n,18040,18040,1000,0.6,binomial,0.1,1141053077,-0.38481033846103635,0.007898565135875663,0.08911824226379395,-0.45095599231243066,0.0005165719031779808,0.11581277847290039,ok
n,18040,18040,1000,0.6,binomial,0.1,2385651412,-0.3760827857792176,0.009526038112663475,0.10686707496643066,-0.44293907960225076,0.0009452630755379015,0.15168237686157227,ok
n,18040,18040,1000,0.6,binomial,0.1,654828855,-0.35680577697595384,0.00768053603565267,0.13984417915344238,-0.41987607349110095,0.0006036048513010909,0.13698148727416992,ok
n,18040,18040,1000,0.6,binomial,0.1,1823978178,-0.3808192347459727,0.008623903726683717,0.10532903671264648,-0.4539115909721834,0.0003909564840324589,0.1292250156402588,ok
n,18040,18040,1000,0.6,binomial,0.1,780549501,-0.39068327034860756,0.006889156070383505,0.09669971466064453,-0.4498645502460396,0.0005673762158677682,0.11897683143615723,ok
n,18040,18040,1000,0.6,binomial,0.1,2842105981,-0.3530721307271207,0.008348899714057029,0.11050605773925781,-0.4229773085182279,0.00046083792487465594,0.11316251754760742,ok
n,18040,18040,1000,0.6,binomial,0.1,388982695,-0.4091175979257943,0.008259611006777592,0.11229753494262695,-0.47751293658485194,0.0005056680210368901,0.11164188385009766,ok
n,18040,18040,1000,0.6,binomial,0.1,1847670441,-0.4028974905302218,0.009428897345328369,0.10792112350463867,-0.4778282902883666,0.000491584711536939,0.09599089622497559,ok
n,18040,18040,1000,0.6,binomial,0.1,2678931767,-0.38992038984731003,0.007016377654744637,0.0856626033782959,-0.45392727801936866,0.0003903363820840652,0.09708428382873535,ok
n,18040,18040,1000,0.6,binomial,0.1,1307605394,-0.37874802510068956,0.009012879303168892,0.15234804153442383,-0.4604179934734378,0.00017599251489407115,0.1724250316619873,ok
n,18040,18040,1000,0.6,binomial,0.1,3414069505,-0.3920533536138922,0.006663596800256578,0.1472609043121338,-0.45016888702176766,0.0005529704395235551,0.16434979438781738,ok
n,18040,18040,1000,0.6,binomial,0.1,1061434426,-0.40881821085789666,0.008314118671154995,0.11437487602233887,-0.4760770094275935,0.0005723094779274497,0.13800573348999023,ok
n,18040,18040,1000,0.6,binomial,0.1,2958452440,-0.40341392662327086,0.009328869570334906,0.12400937080383301,-0.47627080208451505,0.000563074833712255,0.15643811225891113,ok
n,18040,18040,1000,0.6,binomial,0.1,3603739857,-0.35265726458144836,0.008424886387201989,0.1236264705657959,-0.42914821440673667,0.00023397465336647276,0.13329815864562988,ok
n,18040,18040,1000,0.6,binomial,0.1,921199751,-0.42081934911300717,0.010606976084018999,0.09562158584594727,-0.49713465588396244,0.0007115485788461382,0.10240650177001953,ok
n,18040,18040,1000,0.6,binomial,0.1,979020940,-0.39818802906814466,0.010365677425028958,0.0851130485534668,-0.4738404724131247,0.0006843208835684892,0.10116314888000488,ok
n,18040,18040,1000,0.6,binomial,0.1,571815043,-0.3946548967637943,0.01109759077584684,0.09725403785705566,-0.4757776855750737,0.000586720516099992,0.0993356704711914,ok
n,18040,18040,1000,0.6,binomial,0.1,228024626,-0.3885037414335248,0.007255712314867929,0.11528587341308594,-0.4470930215360811,0.00070709133191438,0.13816094398498535,ok
n,18040,18040,1000,0.6,binomial,0.1,4083091461,-0.4094079149199959,0.008206925879142702,0.1271193027496338,-0.4735242057619291,0.000700967680536668,0.14017081260681152,ok
n,18040,18040,1000,0.6,binomial,0.1,1149987941,-0.38693512013024295,0.007525404684546023,0.1172783374786377,-0.44900531628226503,0.000609047821109043,0.13910531997680664,ok
n,18040,18040,1000,0.6,binomial,0.1,2235314756,-0.40676054940351253,0.008693595147534828,0.09768223762512207,-0.4737593040636075,0.0006885741232262059,0.11654257774353027,ok
n,18040,18040,1000,0.6,binomial,0.1,575712469,-0.3813861776452083,0.008518926873722,0.108917236328125,-0.4494053120999553,0.0005894649087975301,0.12709403038024902,ok
n,18040,18040,1000,0.6,binomial,0.1,396453377,-0.3735577693026025,0.010025304232125722,0.10738229751586914,-0.4531645954223406,0.0004210546040152875,0.12080168724060059,ok
n,18040,18040,1000,0.6,binomial,0.1,4043407446,-0.4004654655036957,0.009907123557395987,0.10201644897460938,-0.47043305440748684,0.0008742042716706334,0.10448288917541504,ok
n,18040,18040,1000,0.6,binomial,0.1,2714760672,-0.39896849192753825,0.010207365623395904,0.09820723533630371,-0.4777730032195614,0.000494039385877628,0.10351943969726562,ok
n,18040,18040,1000,0.6,binomial,0.1,1058454311,-0.3757267591626669,0.009595662277661643,0.12479019165039062,-0.4539581162735878,0.00038911879446750994,0.13491487503051758,ok
n,18040,18040,1000,0.6,binomial,0.1,3625203751,-0.37875688646541167,0.009011196853363912,0.13077402114868164,-0.44888527297658376,0.0006149873035955107,0.14844226837158203,ok
n,18040,18040,1000,0.6,binomial,0.1,787294906,-0.3804619347481107,0.008690392701267731,0.12326335906982422,-0.4508642652980705,0.0005207499002201164,0.12005400657653809,ok
n,18040,18040,1000,0.6,binomial,0.1,3231751365,-0.3900187825657065,0.006999903835831909,0.1027064323425293,-0.4427118404334412,0.0009592877091699944,0.1376206874847412,ok
n,18040,18040,1000,0.6,binomial,0.1,859446658,-0.39885267759709897,0.010230780829276405,0.12483596801757812,-0.4782860959634534,0.000471493628508355,0.11240434646606445,ok
n,18040,18040,1000,0.6,binomial,0.1,1296474101,-0.403900792103703,0.009235057758295712,0.10907864570617676,-0.4739922008990279,0.0006764056140765261,0.13618946075439453,ok
n,18040,18040,1000,0.6,binomial,0.1,3679232261,-0.3846120723262401,0.007933845803533386,0.11116242408752441,-0.4498248007184622,0.0005692714363791012,0.12094569206237793,ok
n,18040,18040,1000,0.6,binomial,0.1,3960061236,-0.4168143240367143,0.011447972774423396,0.1048729419708252,-0.500397568748016,0.0005481196398020573,0.09018445014953613,ok
n,18040,18040,1000,0.6,binomial,0.1,3281717585,-0.4593036049173815,0.011217730146823953,0.11843085289001465,-0.5259659452828904,0.0015406760147753894,0.1646862030029297,ok
n,18040,18040,1000,0.6,binomial,0.1,1198796242,-0.35538554331221756,0.00793148787087976,0.12288594245910645,-0.4189124212516219,0.0006518842083188258,0.13185858726501465,ok
n,18040,18040,1000,0.6,binomial,0.1,3187028374,-0.3845044665575565,0.007953026734333466,0.12174630165100098,-0.45605977650789553,0.0003106206744696503,0.13099455833435059,ok
n,18040,18040,1000,0.6,binomial,0.1,14189465,-0.38702479084141816,0.007509855020123227,0.10549235343933105,-0.4548635054678628,0.00035421893889727883,0.13193392753601074,ok
n,18040,18040,1000,0.6,binomial,0.1,2670706277,-0.38751858517005894,0.0074245149930348186,0.1134495735168457,-0.4558419267300794,0.00031834709106544085,0.14320993423461914,ok
n,18040,18040,1000,0.6,binomial,0.1,3436399828,-0.37236380476524067,0.010265824623588911,0.10171675682067871,-0.4527819576306221,0.0004369041761155355,0.12150335311889648,ok
n,18040,18040,1000,0.6,binomial,0.1,49308260,-0.40240166644913133,0.009525434711906616,0.11609673500061035,-0.4758036309090133,0.0005854642771872571,0.0964043140411377,ok
n,18040,18040,1000,0.6,binomial,0.1,704272530,-0.40505454677957203,0.009014639087232476,0.08465814590454102,-0.47534313084817803,0.0006079611963700699,0.08582043647766113,ok
n,18040,18040,1000,0.6,binomial,0.1,2973093835,-0.3836561083082664,0.008105059188983554,0.1142427921295166,-0.4519885786133418,0.00047070044410325683,0.16539955139160156,ok
n,18040,18040,1000,0.6,binomial,0.1,1768355758,-0.3827624718306321,0.008266762567446188,0.1279747486114502,-0.45483942537945177,0.00035512592723146796,0.11173844337463379,ok
n,18040,18040,1000,0.6,binomial,0.1,2785185320,-0.3843141048361667,0.007987015791068428,0.13581156730651855,-0.45067416952449674,0.0005294619869053952,0.12644171714782715,ok
n,18040,18040,1000,0.6,binomial,0.1,1632820083,-0.3967421200946932,0.010662189762538767,0.09505057334899902,-0.4773909595624382,0.0005111687095073041,0.10679388046264648,ok
n,18040,18040,1000,0.6,binomial,0.1,3375421500,-0.4060350132278789,0.008829418739084896,0.1318645477294922,-0.47306791650476515,0.0007253371213943013,0.15220069885253906,ok
n,18040,18040,1000,0.6,binomial,0.1,2191358377,-0.3850048379991689,0.007864031111808499,0.12069153785705566,-0.4530933008576524,0.0004239855609830556,0.1502547264099121,ok
n,19040,19040,1000,0.6,binomial,0.1,3513701802,-0.3847053036135656,0.007917245875387871,0.11719226837158203,-0.45758228121010736,0.0002592721277041735,0.11252045631408691,ok
n,19040,19040,1000,0.6,binomial,0.1,3199909715,-0.40468582232390604,0.009084792466070008,0.12305092811584473,-0.46732708032031417,0.0010675196803952016,0.11481547355651855,ok
n,19040,19040,1000,0.6,binomial,0.1,1101141922,-0.3907850364237145,0.006872273066893408,0.13785219192504883,-0.4507901662133527,0.0005241372650039182,0.12107110023498535,ok
n,19040,19040,1000,0.6,binomial,0.1,4080035545,-0.3897712895652734,0.007041378304214151,0.1482710838317871,-0.4495098360143552,0.0005844003830445322,0.13338971138000488,ok
n,19040,19040,1000,0.6,binomial,0.1,1550207208,-0.40937702793537717,0.00821252306582541,0.13922476768493652,-0.4747559625750204,0.0006372614255137709,0.13146710395812988,ok
n,19040,19040,1000,0.6,binomial,0.1,285458881,-0.3906616164116523,0.00689275113352816,0.13221216201782227,-0.45005009132577894,0.0005585715903851857,0.15559911727905273,ok
n,19040,19040,1000,0.6,binomial,0.1,829766870,-0.4136593556415329,0.012133059547436662,0.10522770881652832,-0.4967527796116589,0.0007320674065886906,0.12808847427368164,ok
n,19040,19040,1000,0.6,binomial,0.1,3761351299,-0.39992839421229237,0.01001432628493036,0.12253069877624512,-0.4767772962626151,0.0005392939688743499,0.13055944442749023,ok
n,19040,19040,1000,0.6,binomial,0.1,3598704158,-0.3919735120255517,0.006676638249482776,0.12781286239624023,-0.44674241155032235,0.0007258605320628427,0.11479997634887695,ok
n,19040,19040,1000,0.6,binomial,0.1,1153344788,-0.38226675765829643,0.008357150688876547,0.08628535270690918,-0.4503211923542766,0.0005458306181070353,0.1163177490234375,ok
n,19040,19040,1000,0.6,binomial,0.1,3477235786,-0.3750822363826703,0.00972234930502414,0.11708617210388184,-0.45349934227195793,0.00040742890644578496,0.13510560989379883,ok
n,19040,19040,1000,0.6,binomial,0.1,2811354858,-0.37999668605784137,0.008777352241030998,0.1103219985961914,-0.4558806671092752,0.00031696615820244974,0.12732958793640137,ok
n,19040,19040,1000,0.6,binomial,0.1,2321382970,-0.35792453340583397,0.0074856950061290665,0.1233365535736084,-0.42688436071371927,0.00030835654063007817,0.11090302467346191,ok
n,19040,19040,1000,0.6,binomial,0.1,773064435,-0.37916256596038606,0.00893434129144796,0.10847973823547363,-0.4459064766517952,0.0007716024992036888,0.11777424812316895,ok
n,19040,19040,1000,0.6,binomial,0.1,4212866785,-0.4008153920184067,0.009837586460462339,0.12097835540771484,-0.4762177509379221,0.000565595370450704,0.15482306480407715,ok
n,19040,19040,1000,0.6,binomial,0.1,1734420784,-0.3779422531305118,0.009166522405979956,0.13959527015686035,-0.45158350084329296,0.0004884413684932603,0.1150059700012207,ok
n,19040,19040,1000,0.6,binomial,0.1,1799606152,-0.3864655524070743,0.007607094324121133,0.14721107482910156,-0.44932511604774206,0.0005933654838160827,0.1392509937286377,ok
n,19040,19040,1000,0.6,binomial,0.1,4004294178,-0.4084333677104926,0.008384448148841858,0.09459090232849121,-0.47051357126458204,0.0008694494795688819,0.1357724666595459,ok
n,19040,19040,1000,0.6,binomial,0.1,2123079859,-0.3500779886507058,0.00890502797907163,0.1363520622253418,-0.42879519307776814,0.0002448990683374193,0.14462018013000488,ok
n,19040,19040,1000,0.6,binomial,0.1,2309461296,-0.38256036626996937,0.008303554992054884,0.1352996826171875,-0.4541306385150193,0.00038234217840095935,0.136641263961792,ok
n,19040,19040,1000,0.6,binomial,0.1,286519497,-0.3710460330578432,0.010534595474049675,0.13329601287841797,-0.44691488702778154,0.0007165966805691797,0.1375901699066162,ok
n,19040,19040,1000,0.6,binomial,0.1,3916705119,-0.4383706699802563,0.011466956386593055,0.12571048736572266,-0.5196972634809195,0.0006634375746688749,0.12998461723327637,ok
n,19040,19040,1000,0.6,binomial,0.1,4148136635,-0.3963440074101656,0.0107445647997838,0.11628985404968262,-0.47205371993271583,0.0007809945695990844,0.14371633529663086,ok
n,19040,19040,1000,0.6,binomial,0.1,2284074944,-0.3849187958901572,0.007879298835529161,0.10745000839233398,-0.4568921301428782,0.0002819739636038299,0.1311945915222168,ok
n,19040,19040,1000,0.6,binomial,0.1,3815538607,-0.4051342493595611,0.008999510644573933,0.12248992919921875,-0.4735359292943602,0.0007003470383131013,0.1289513111114502,ok
n,19040,19040,1000,0.6,binomial,0.1,3783369111,-0.40197892309054006,0.00960813151849026,0.09814596176147461,-0.47002990450854565,0.0008982066237668924,0.11864995956420898,ok
n,19040,19040,1000,0.6,binomial,0.1,4123137912,-0.38322848609806687,0.008182238081839315,0.11704254150390625,-0.450452960620869,0.0005396909721693237,0.13439297676086426,ok
n,19040,19040,1000,0.6,binomial,0.1,1351479489,-0.40536338490911134,0.008956088915861016,0.14651799201965332,-0.4725657468051401,0.000752638248359682,0.16050457954406738,ok
n,19040,19040,1000,0.6,binomial,0.1,2020737034,-0.3818250227966273,0.008438110370358161,0.11535358428955078,-0.4511409323931606,0.0005081993889887938,0.11524248123168945,ok
n,19040,19040,1000,0.6,binomial,0.1,2909316198,-0.353344760319752,0.00829915244761874,0.11879372596740723,-0.42381053289428255,0.00042575830585990325,0.1313788890838623,ok
n,19040,19040,1000,0.6,binomial,0.1,576974585,-0.35428216774488885,0.00812923613964722,0.11515474319458008,-0.4265055084846118,0.0003218054233709768,0.15503931045532227,ok
n,19040,19040,1000,0.6,binomial,0.1,2247026706,-0.38759685803692107,0.007411032258633301,0.10107040405273438,-0.457181679132235,0.0002723335424126227,0.1515200138092041,ok
n,19040,19040,1000,0.6,binomial,0.1,418442935,-0.3568230686858818,0.007677505489823222,0.11892032623291016,-0.4317597900654149,0.00016090045671543347,0.12534070014953613,ok
n,19040,19040,1000,0.6,binomial,0.1,4103501543,-0.3839849922860321,0.008045949752918046,0.09970331192016602,-0.4459393864288736,0.0007697752641980106,0.11287569999694824,ok
n,19040,19040,1000,0.6,binomial,0.1,536109145,-0.3971013512549523,0.010588131913556712,0.1250929832458496,-0.47998997730430787,0.0004004010082821142,0.12351155281066895,ok
n,19040,19040,1000,0.6,binomial,0.1,1280386062,-0.4110030885446662,0.007920450248588522,0.12732386589050293,-0.4732384387175957,0.0007161811622718815,0.15943026542663574,ok
n,19040,19040,1000,0.6,binomial,0.1,1612733685,-0.4001304920721153,0.00997391861375782,0.1294574737548828,-0.4703492829332684,0.0008791650225713694,0.14681506156921387,ok
n,19040,19040,1000,0.6,binomial,0.1,4104879991,-0.3879058104963421,0.007357933911702196,0.11940383911132812,-0.4485558557180778,0.0006314342153686976,0.15450763702392578,ok
n,19040,19040,1000,0.6,binomial,0.1,1329297062,-0.4024991777056883,0.009506410348066945,0.11630988121032715,-0.4728123081326994,0.000739170589071282,0.13831114768981934,ok
n,19040,19040,1000,0.6,binomial,0.1,1368052978,-0.38228741860766496,0.008353373573021163,0.12450957298278809,-0.4529526714506429,0.00042979671244615375,0.114166259765625,ok
n,19040,19040,1000,0.6,binomial,0.1,2119480000,-0.382365711228611,0.008339068313984913,0.10281634330749512,-0.45257110653936344,0.00044576315996386427,0.130079984664917,ok
n,19040,19040,1000,0.6,binomial,0.1,2237543495,-0.38561172900572926,0.00775676200119406,0.09010481834411621,-0.44662316117106887,0.0007323003922071112,0.11196517944335938,ok
n,19040,19040,1000,0.6,binomial,0.1,951434561,-0.40992272963573834,0.008113914636276292,0.13552403450012207,-0.47684656151291627,0.0005360817137751703,0.16424775123596191,ok
n,19040,19040,1000,0.6,binomial,0.1,902478459,-0.3812409028604808,0.008545765132200234,0.13826560974121094,-0.4595443196271992,0.00019993651463892054,0.15964627265930176,ok
n,19040,19040,1000,0.6,binomial,0.1,2531885820,-0.39170273104133146,0.006720962978546911,0.12111496925354004,-0.45320171153978517,0.00041953276473322913,0.1260225772857666,ok
n,19040,19040,1000,0.6,binomial,0.1,1632582590,-0.3947821384625817,0.01107079838650733,0.09521079063415527,-0.46892874646757615,0.0009654227960761614,0.12711167335510254,ok
n,19040,19040,1000,0.6,binomial,0.1,2336895311,-0.38080772566035476,0.008626041441057095,0.08864355087280273,-0.44910817928507174,0.000603981311570605,0.0857539176940918,ok
n,19040,19040,1000,0.6,binomial,0.1,826636711,-0.39419411400662985,0.006318675444708992,0.09674453735351562,-0.45877245537600947,0.00022236044166268793,0.08457064628601074,ok
n,19040,19040,1000,0.6,binomial,0.1,1921009375,-0.3810515073044199,0.008580817706195848,0.11727547645568848,-0.4491937636101124,0.0005997819901553789,0.12366461753845215,ok
n,19040,19040,1000,0.6,binomial,0.1,2072763088,-0.3797896142712047,0.008816195205910322,0.059303998947143555,-0.4581725029068613,0.0002406130732714437,0.06760978698730469,ok
