param_name,param_value,n,m,alpha,distribution,true_mean,seed,dame_estimate,dame_mse,dame_time,dame_backtrack_estimate,dame_backtrack_mse,dame_backtrack_time,status
n,40,40,1000,0.6,standard_t,0.1,781020512,,nan,nan,,nan,nan,error: IndexError('list index out of range')
n,40,40,1000,0.6,standard_t,0.1,2678185529,-0.193379947981948,0.047615965487818865,0.0006310939788818359,-0.4001914812666259,0.00012994392164570475,0.0011899471282958984,ok
n,40,40,1000,0.6,standard_t,0.1,727841268,0.10278935621562098,0.4712732827677903,0.00047659873962402344,-0.4336391834822054,0.022519482960153728,0.0019443035125732422,ok
n,40,40,1000,0.6,standard_t,0.1,4204554059,0.3612171302793912,0.006675923002292767,0.0004649162292480469,0.29208067179264735,0.00015800146066904304,0.0012824535369873047,ok
n,40,40,1000,0.6,standard_t,0.1,947380072,0.37718328964672726,0.179814435350155,0.0005090236663818359,0.15967855407712203,0.04265901395994339,0.0012803077697753906,ok
n,40,40,1000,0.6,standard_t,0.1,259495031,-0.1495441246616441,0.03548901182902373,0.001961946487426758,-0.19594307745363593,0.020160115688276015,0.0016644001007080078,ok
n,40,40,1000,0.6,standard_t,0.1,1369685350,-0.20126449532745677,0.3018269619277985,0.0008208751678466797,0.6164157449115164,0.07198083000308683,0.0014946460723876953,ok
n,40,40,1000,0.6,standard_t,0.1,2028053869,-0.30000000000000004,0.149078965102601,0.0004878044128417969,0.16289485413030202,0.005896305004075787,0.0013935565948486328,ok
n,40,40,1000,0.6,standard_t,0.1,1051880743,,nan,nan,,nan,nan,error: IndexError('list index out of range')
n,40,40,1000,0.6,standard_t,0.1,470475814,0.20939729375975596,0.0013599871697001526,0.00047016143798828125,0.042017314548261374,0.017030765567096352,0.0011682510375976562,ok
n,40,40,1000,0.6,standard_t,0.1,2690882795,-0.13141108331151874,0.000812044892959588,0.0003559589385986328,-0.13409254041486482,0.0009720588610840648,0.0006837844848632812,ok
n,40,40,1000,0.6,standard_t,0.1,4125618433,-0.24289689907006867,0.5074248828507715,0.00032901763916015625,0.15316260739538445,0.1000318442056483,0.00106048583984375,ok
n,40,40,1000,0.6,standard_t,0.1,2320123009,-0.2327350547874635,0.2288359450437094,0.00043487548828125,0.08211993181464089,0.026736506104100204,0.0012080669403076172,ok
n,40,40,1000,0.6,standard_t,0.1,2954173373,-0.13279189825809587,0.0010299289230341912,0.0003285408020019531,0.10808755690739072,0.04359199026105549,0.0007865428924560547,ok
n,40,40,1000,0.6,standard_t,0.1,3452587823,-0.07025037601945357,0.005673134010563089,0.0004050731658935547,-0.5566247408040734,0.3155007951643841,0.0011510848999023438,ok
n,40,40,1000,0.6,standard_t,0.1,1472501943,0.13793534840712898,0.0002599920568094375,0.0006034374237060547,0.15764054102220115,0.0012837503330141492,0.0017135143280029297,ok
n,40,40,1000,0.6,standard_t,0.1,2841777980,0.22656495939108498,0.022852150433906693,0.0005779266357421875,-0.42768183458380504,0.25308698766895343,0.0014662742614746094,ok
n,40,40,1000,0.6,standard_t,0.1,1346599503,,nan,nan,,nan,nan,error: IndexError('list index out of range')
n,40,40,1000,0.6,standard_t,0.1,1989427189,-0.07518437198667438,0.19056368533968865,0.0006363391876220703,0.20819018856563748,0.02345842865415457,0.0014243125915527344,ok
n,40,40,1000,0.6,standard_t,0.1,3926379781,,nan,nan,,nan,nan,error: IndexError('list index out of range')
n,40,40,1000,0.6,standard_t,0.1,2387800701,,nan,nan,,nan,nan,error: IndexError('list index out of range')
n,40,40,1000,0.6,standard_t,0.1,4243162185,,nan,nan,,nan,nan,error: IndexError('list index out of range')
n,40,40,1000,0.6,standard_t,0.1,2390268618,0.13687033469903195,0.17040096515003317,0.00045871734619140625,0.2996013923972161,0.06253273436151356,0.001222372055053711,ok
n,40,40,1000,0.6,standard_t,0.1,312743187,-0.2924291737077439,0.03606990681231981,0.0004487037658691406,-0.49272332645016237,0.00010760663611920619,0.001455068588256836,ok
n,40,40,1000,0.6,standard_t,0.1,1803210951,0.13848316432354155,0.07700871224616083,0.0004942417144775391,-0.2789912129719751,0.48299555154693313,0.0013093948364257812,ok
n,40,40,1000,0.6,standard_t,0.1,1863184316,0.39102591582033575,0.39351508442954836,0.00041222572326660156,-0.2173295080604385,0.0003591928170275696,0.0011603832244873047,ok
n,40,40,1000,0.6,standard_t,0.1,1139351029,-0.14262002212454264,0.004074205762571057,0.0004544258117675781,-0.39279657533612755,0.09859980485935561,0.002015829086303711,ok
n,40,40,1000,0.6,standard_t,0.1,3387436816,-0.21585920045793758,0.05761678463876977,0.00044226646423339844,-0.4840637277539531,0.2583073819871233,0.0012259483337402344,ok
n,40,40,1000,0.6,standard_t,0.1,3194031095,0.13770655726266387,0.07196763438880063,0.00046753883361816406,0.22038070377819247,0.03444501934522525,0.002093076705932617,ok
n,40,40,1000,0.6,standard_t,0.1,1100160589,,nan,nan,,nan,nan,error: IndexError('list index out of range')
n,40,40,1000,0.6,standard_t,0.1,1705053442,0.299198664034214,0.03340717647870584,0.00045752525329589844,0.22295724863489072,0.06709017779341887,0.0011723041534423828,ok
n,40,40,1000,0.6,standard_t,0.1,845025431,-0.0006877021297987507,0.13586319929695656,0.0004336833953857422,-0.44496849435338026,0.005728149154844569,0.001172780990600586,ok
n,40,40,1000,0.6,standard_t,0.1,2142071295,0.11242356998617149,0.17429635216217362,0.0018682479858398438,0.45054549412125433,0.006298997194337578,0.0019998550415039062,ok
n,40,40,1000,0.6,standard_t,0.1,4045147272,0.1371676579432531,0.14178906639145064,0.0004062652587890625,-0.04710562985590418,0.036969907115512526,0.0010437965393066406,ok
n,40,40,1000,0.6,standard_t,0.1,3329482216,-0.17357856667889804,0.03995921099058302,0.0007581710815429688,-0.3728791804286406,0.1593595343911292,0.0010724067687988281,ok
n,40,40,1000,0.6,standard_t,0.1,1974704002,,nan,nan,,nan,nan,error: IndexError('list index out of range')
n,40,40,1000,0.6,standard_t,0.1,378778862,-0.22665095185094752,0.012922223007953829,0.0004668235778808594,0.2321738291202443,0.11912771127138998,0.001173257827758789,ok
n,40,40,1000,0.6,standard_t,0.1,1972023672,0.05773091055030974,0.02948861366924001,0.00038170814514160156,0.0627197089033624,0.03122687953166641,0.0015337467193603516,ok
n,40,40,1000,0.6,standard_t,0.1,4214505796,-0.05996474783251533,0.006030222991811456,0.0004730224609375,-0.14104866476824615,1.1760828906981737e-05,0.0012235641479492188,ok
n,40,40,1000,0.6,standard_t,0.1,1531504262,0.34635748439851793,0.0601023706688618,0.0004239082336425781,0.14274406169476625,0.0017259393126578025,0.0011203289031982422,ok
n,40,40,1000,0.6,standard_t,0.1,3805239392,,nan,nan,,nan,nan,error: IndexError('list index out of range')
n,40,40,1000,0.6,standard_t,0.1,1402619146,-0.5487355848286714,0.16795845643256346,0.0008454322814941406,-0.3974541221339859,0.0668459756056283,0.001459360122680664,ok
n,40,40,1000,0.6,standard_t,0.1,1341160856,0.16604472054275576,5.098905159404711e-06,0.0003707408905029297,0.05895236967747191,0.011957515755746623,0.0009031295776367188,ok
n,40,40,1000,0.6,standard_t,0.1,1571121076,-0.21852748409342768,0.1423245318521494,0.00045228004455566406,0.183695193391944,0.0006231733641535671,0.0013003349304199219,ok
n,40,40,1000,0.6,standard_t,0.1,1203735892,,nan,nan,,nan,nan,error: IndexError('list index out of range')
n,40,40,1000,0.6,standard_t,0.1,192949088,0.05612661559867426,0.0001513320350713186,0.0004372596740722656,-0.10277996352012264,0.02931227779184153,0.001300811767578125,ok
n,40,40,1000,0.6,standard_t,0.1,4065730800,0.15830360784900155,0.09315707245840249,0.00035572052001953125,0.12581971543121379,0.07438304001952299,0.0006937980651855469,ok
n,40,40,1000,0.6,standard_t,0.1,749546756,-0.1526025570989084,0.07420371636481504,0.0015254020690917969,-0.008672481760310385,0.016505444214666248,0.0017008781433105469,ok
n,40,40,1000,0.6,standard_t,0.1,3116093383,,nan,nan,,nan,nan,error: IndexError('list index out of range')
n,40,40,1000,0.6,standard_t,0.1,1538947423,,nan,nan,,nan,nan,error: IndexError('list index out of range')
n,1040,1040,1000,0.6,standard_t,0.1,839291543,-0.142507233226284,0.007466000655498794,0.012078285217285156,-0.21317113748033142,0.00024781427434019006,0.009218931198120117,ok
n,1040,1040,1000,0.6,standard_t,0.1,3149462701,0.19217505294343143,0.042447516748310876,0.00912022590637207,0.3723216083343075,0.0006698466581537954,0.012137174606323242,ok
n,1040,1040,1000,0.6,standard_t,0.1,3607595641,0.06507066196619457,0.01605341604604851,0.008057117462158203,0.19307472817948737,1.6951786867213486e-06,0.012002229690551758,ok
n,1040,1040,1000,0.6,standard_t,0.1,2965783971,-0.024773591450726436,0.0006253166172108586,0.009118795394897461,0.01786307994194654,0.0003108288832344105,0.01210641860961914,ok
n,1040,1040,1000,0.6,standard_t,0.1,567857515,0.17614001010817737,0.04936057444742128,0.010878324508666992,0.3654162765959563,0.0010821554705942164,0.00895833969116211,ok
n,1040,1040,1000,0.6,standard_t,0.1,3935420626,-0.06777016097939566,0.000174953622435028,0.008164405822753906,0.0009473923979596778,0.006714910407067402,0.007843732833862305,ok
n,1040,1040,1000,0.6,standard_t,0.1,2878366397,-0.16445023049705124,0.025276823219606524,0.006186246871948242,-0.349132226902037,0.0006602397816240436,0.012907981872558594,ok
n,1040,1040,1000,0.6,standard_t,0.1,3722008050,-0.032442705779476354,0.009182195475749803,0.005951881408691406,-0.5563170298246557,0.18322727423313243,0.009142875671386719,ok
n,1040,1040,1000,0.6,standard_t,0.1,3668915175,0.07890980373688507,0.0022241087575575673,0.006368398666381836,0.1041255711841392,0.0004815694242789262,0.01097869873046875,ok
n,1040,1040,1000,0.6,standard_t,0.1,1297834098,0.007128463707438917,0.003171792320557203,0.008197546005249023,0.09215492354793882,0.000824137335161654,0.011849403381347656,ok
n,1040,1040,1000,0.6,standard_t,0.1,3690036118,-0.1070980688240882,0.000666664612447941,0.009326696395874023,-0.12617336832603965,4.5488950560799495e-05,0.009458065032958984,ok
n,1040,1040,1000,0.6,standard_t,0.1,4147998539,0.1639572071593006,0.005392387125418063,0.0070953369140625,0.18499171167844114,0.0027455892252336257,0.006498813629150391,ok
n,1040,1040,1000,0.6,standard_t,0.1,4158125581,-0.049187373138378,0.00044251950326267784,0.008441448211669922,-0.003026252267534599,0.0006312642849496077,0.010205745697021484,ok
n,1040,1040,1000,0.6,standard_t,0.1,1671550611,-0.08482860937534778,0.011029261575172021,0.006302595138549805,-0.17760333078190818,0.000149953980899836,0.006214618682861328,ok
n,1040,1040,1000,0.6,standard_t,0.1,3425846353,-0.1534903113053602,0.0032214175574768536,0.005672454833984375,-0.07160091210498964,0.0006316106963971793,0.009770870208740234,ok
n,1040,1040,1000,0.6,standard_t,0.1,1331297472,0.16145873242734626,0.027674552756737938,0.007336139678955078,0.3256165053426438,4.835295152598701e-06,0.009627342224121094,ok
n,1040,1040,1000,0.6,standard_t,0.1,2785251670,-0.18404102467539624,0.04426011607433509,0.007676362991333008,-0.4006460244170682,3.8739624998827814e-05,0.009269237518310547,ok
n,1040,1040,1000,0.6,standard_t,0.1,3366929965,0.15318551121141175,0.027489940680417484,0.007392168045043945,0.31990746853551894,8.483341528676459e-07,0.008136749267578125,ok
n,1040,1040,1000,0.6,standard_t,0.1,2118991218,0.21490392332331135,0.08888919333608751,0.007990837097167969,0.47918698069473825,0.001146489455673546,0.011832237243652344,ok
n,1040,1040,1000,0.6,standard_t,0.1,2769674521,-0.16009037031908768,0.07583301380209548,0.008067846298217773,-0.29385747231439774,0.020053631478563056,0.01089024543762207,ok
n,1040,1040,1000,0.6,standard_t,0.1,2932353902,-0.13028668118747477,0.020994748022324535,0.006325960159301758,-0.2380699207863835,0.0013773306557495954,0.0074651241302490234,ok
n,1040,1040,1000,0.6,standard_t,0.1,3126907547,-0.06561761825618707,0.0012973255784673977,0.008219480514526367,-0.5499574075384344,0.200992062612433,0.008459806442260742,ok
n,1040,1040,1000,0.6,standard_t,0.1,3350062007,-0.1023405407841808,0.0005044729503877393,0.005737781524658203,-0.07488860447116523,2.491468311427355e-05,0.009469032287597656,ok
n,1040,1040,1000,0.6,standard_t,0.1,2450129809,-0.08974624200515148,0.004232283206365719,0.007088184356689453,-0.17365831619711738,0.00035555151353786003,0.00791478157043457,ok
n,1040,1040,1000,0.6,standard_t,0.1,1823564740,0.08565325035133263,0.00015088759721678343,0.005494594573974609,0.10328250927405,2.857573498432359e-05,0.005993843078613281,ok
n,1040,1040,1000,0.6,standard_t,0.1,2950365321,-0.020041200953246394,0.00010637998194916215,0.008751153945922852,-0.04545168166919611,0.00022790170142064522,0.007720232009887695,ok
n,1040,1040,1000,0.6,standard_t,0.1,3644118693,0.2909123751479289,0.1260904218163956,0.008718013763427734,0.5154392720974623,0.017047280459680705,0.011394739151000977,ok
n,1040,1040,1000,0.6,standard_t,0.1,414085428,-0.48570231063428476,0.061108631084128014,0.004922628402709961,-0.6798676853605421,0.0028128412002054503,0.010169267654418945,ok
n,1040,1040,1000,0.6,standard_t,0.1,3363109461,-0.0930686194403095,0.002238378511493077,0.007527351379394531,-0.13234193547842257,6.461248282815228e-05,0.011848211288452148,ok
n,1040,1040,1000,0.6,standard_t,0.1,1281930966,0.01747865768845151,0.013765314212529788,0.006490230560302734,-0.11012542509640175,0.00010564564921738906,0.009522438049316406,ok
n,1040,1040,1000,0.6,standard_t,0.1,3104234836,0.2724218644377901,0.09735049659611662,0.007009983062744141,-0.7420821068678913,1.759640406564702,0.009919166564941406,ok
n,1040,1040,1000,0.6,standard_t,0.1,2410088788,-0.14914337496101643,0.003845688830167012,0.004900932312011719,-0.18525737945106102,0.0006707899852762797,0.005679607391357422,ok
n,1040,1040,1000,0.6,standard_t,0.1,454333241,-0.06898322702141048,7.054487044497946e-05,0.009192705154418945,-0.09004443743017011,0.0008679098530245843,0.011336326599121094,ok
n,1040,1040,1000,0.6,standard_t,0.1,3351659772,-0.16087166646624695,0.020057150182011357,0.008057355880737305,-0.29998273352689897,6.311156096487968e-06,0.010493040084838867,ok
n,1040,1040,1000,0.6,standard_t,0.1,2243273589,-0.10538767329485872,0.004136549635225943,0.008034706115722656,-0.15353058770928418,0.00026156914476771405,0.012481451034545898,ok
n,1040,1040,1000,0.6,standard_t,0.1,3363705510,0.1375731843338899,0.00836761605141831,0.006780385971069336,0.21147336279132198,0.00030886290664249537,0.009750604629516602,ok
n,1040,1040,1000,0.6,standard_t,0.1,3677776869,0.0494271153296727,0.01207381065135627,0.008060216903686523,0.16759004010508965,6.859204996128566e-05,0.007820844650268555,ok
n,1040,1040,1000,0.6,standard_t,0.1,2428095278,0.03570533235248532,0.0001237462035424248,0.009077787399291992,0.02520985099543529,0.00046740746945808317,0.010201215744018555,ok
n,1040,1040,1000,0.6,standard_t,0.1,436542514,0.00019584965503560982,0.0027508068014204467,0.006897449493408203,-0.5469979637517296,0.35957046556240263,0.009750843048095703,ok
n,1040,1040,1000,0.6,standard_t,0.1,2575611675,0.1855361206766331,0.04652604192525565,0.007044553756713867,0.39566589481810144,3.101584610653095e-05,0.008750200271606445,ok
n,1040,1040,1000,0.6,standard_t,0.1,2438470446,-0.08927641638087962,0.009707663333831074,0.007654905319213867,-0.1880322277202724,5.2137474720584465e-08,0.011038064956665039,ok
n,1040,1040,1000,0.6,standard_t,0.1,859614142,-0.09221056152057414,0.016519754731967085,0.00778961181640625,-0.22358268587645322,8.082230409966144e-06,0.009803533554077148,ok
n,1040,1040,1000,0.6,standard_t,0.1,2336080084,0.08725329961144729,0.017753977460665107,0.008102893829345703,0.17666510922764533,0.0019212654945270405,0.010186195373535156,ok
n,1040,1040,1000,0.6,standard_t,0.1,1587732028,-0.0610776726727789,0.008703420780295257,0.005880832672119141,-0.11141989107463446,0.0018446945657715707,0.0077512264251708984,ok
n,1040,1040,1000,0.6,standard_t,0.1,3570953663,-0.23144018076823344,0.04904412284398924,0.00552058219909668,-0.40021616797212367,0.0027755079643333644,0.005583524703979492,ok
n,1040,1040,1000,0.6,standard_t,0.1,970245105,-0.13197137090791008,0.009907617417082416,0.007233381271362305,-0.19930696893366937,0.001036931275197665,0.0083465576171875,ok
n,1040,1040,1000,0.6,standard_t,0.1,2102821587,0.07865605114674364,0.0002111856738070311,0.00453495979309082,0.07523922131806482,0.00032216870554641866,0.009554147720336914,ok
n,1040,1040,1000,0.6,standard_t,0.1,577716231,0.08958507582284328,0.0069355308248345154,0.005773782730102539,0.14588260759226457,0.0007280446575624656,0.008353710174560547,ok
n,1040,1040,1000,0.6,standard_t,0.1,2423443052,-0.06575293047672323,0.015462237322341626,0.009463310241699219,-0.1627057286509727,0.0007504557131991011,0.006354808807373047,ok
n,1040,1040,1000,0.6,standard_t,0.1,2444062403,-0.2680992917896506,0.03335737381258043,0.0067021846771240234,-0.446328941724666,1.94512894202941e-05,0.00832819938659668,ok
n,2040,2040,1000,0.6,standard_t,0.1,1820881438,0.026401291212081974,0.0002720284808828243,0.018149614334106445,0.010312680576254703,1.6376209651302897e-07,0.02154684066772461,ok
n,2040,2040,1000,0.6,standard_t,0.1,2165663450,0.1713478641689682,0.004260036015869006,0.017657995223999023,0.22473919740009923,0.0001410778131859128,0.02130913734436035,ok
n,2040,2040,1000,0.6,standard_t,0.1,3185495976,-0.26397142074083924,0.01347871523305008,0.014101982116699219,-0.378717560197801,1.827173301355156e-06,0.017571687698364258,ok
n,2040,2040,1000,0.6,standard_t,0.1,3689975065,0.26432361741066196,0.014592299199430501,0.013931512832641602,0.376539338984037,7.366562001568218e-05,0.018740177154541016,ok
n,2040,2040,1000,0.6,standard_t,0.1,1441505965,0.10887936212770348,0.0012630937533282165,0.01743006706237793,0.09442327320434542,0.002499611936838172,0.018644332885742188,ok
n,2040,2040,1000,0.6,standard_t,0.1,4198392232,-0.16640599096449013,0.005244206918025828,0.019051551818847656,-0.2315398859433573,5.3042113101264084e-05,0.013420820236206055,ok
n,2040,2040,1000,0.6,standard_t,0.1,3848499095,0.3040316507120584,0.006379092796435557,0.015114545822143555,0.3823737551640857,2.3320913236476004e-06,0.019436359405517578,ok
n,2040,2040,1000,0.6,standard_t,0.1,1167967466,-0.5662649443320162,0.07283668144082711,0.0131378173828125,-0.7849385345937031,0.002622374757221894,0.014816045761108398,ok
n,2040,2040,1000,0.6,standard_t,0.1,3708029225,-0.1892525992761365,0.0020457345878056974,0.018182992935180664,-0.2350506546044657,3.229168851464688e-07,0.020839929580688477,ok
n,2040,2040,1000,0.6,standard_t,0.1,3443082061,-0.2348491481885319,0.003867850478129717,0.01927018165588379,-0.2832526394042992,0.00019012421919596806,0.020763158798217773,ok
n,2040,2040,1000,0.6,standard_t,0.1,4099314454,0.20117977753076863,0.00532697870330603,0.020711183547973633,0.2840509115775959,9.771282678889907e-05,0.021007299423217773,ok
n,2040,2040,1000,0.6,standard_t,0.1,2252834183,-0.08379826805209191,3.453507192861365e-05,0.01618170738220215,-0.08448332668461149,2.6952671022612636e-05,0.020860671997070312,ok
n,2040,2040,1000,0.6,standard_t,0.1,1684010960,-0.16900207299127953,0.0042151699161017174,0.016736984252929688,-0.22215833876055163,0.00013848756958933687,0.01961684226989746,ok
n,2040,2040,1000,0.6,standard_t,0.1,1243093914,-0.010704115990119374,0.0019296696658186194,0.016263484954833984,-0.062190557014902365,5.7129947821369304e-05,0.013356924057006836,ok
n,2040,2040,1000,0.6,standard_t,0.1,17633407,-0.1753412864549493,0.006648656354549221,0.010619878768920898,-0.25847045602001156,2.5277064858398777e-06,0.020276308059692383,ok
n,2040,2040,1000,0.6,standard_t,0.1,3743994401,-0.20713823392228264,0.004031633972448748,0.0169525146484375,-0.24274678804484168,0.0007776621852408706,0.01662588119506836,ok
n,2040,2040,1000,0.6,standard_t,0.1,2986124634,0.09349333943627705,0.0010619679803189515,0.013214826583862305,0.14291620771717542,0.00028341783395914295,0.018462657928466797,ok
n,2040,2040,1000,0.6,standard_t,0.1,2857014511,0.2437232437606119,0.014081966560588566,0.0224764347076416,0.3400755816595506,0.0004979647679834834,0.02226400375366211,ok
n,2040,2040,1000,0.6,standard_t,0.1,886006139,0.030438846400761072,0.0027866896318230155,0.01969122886657715,-0.029221708550745205,4.721682116597748e-05,0.019250154495239258,ok
n,2040,2040,1000,0.6,standard_t,0.1,2260294147,0.3994964724905799,0.019693576662820844,0.019519567489624023,0.5236713316104421,0.0002611115131932742,0.014347553253173828,ok
n,2040,2040,1000,0.6,standard_t,0.1,694650268,-0.01250848730268898,9.346091629690518e-05,0.0156402587890625,0.0031976257248584623,3.646462240083746e-05,0.022092819213867188,ok
n,2040,2040,1000,0.6,standard_t,0.1,2483695673,0.24640113253836318,0.00698487046837473,0.016886234283447266,0.30715366856403065,0.0005208893962866867,0.017460346221923828,ok
n,2040,2040,1000,0.6,standard_t,0.1,3264952906,-0.42360431654753194,0.046528114663571526,0.012314558029174805,-0.6132589699760204,0.0006785562653996367,0.014954566955566406,ok
n,2040,2040,1000,0.6,standard_t,0.1,3317850090,0.2046337245271204,0.002587564552353887,0.01721811294555664,0.263175440455037,5.8884237383101146e-05,0.016846179962158203,ok
n,2040,2040,1000,0.6,standard_t,0.1,2831372508,-0.0008951269790603146,0.0009121702847413096,0.016172170639038086,0.02892030581657935,1.495555755207307e-07,0.01865553855895996,ok
n,2040,2040,1000,0.6,standard_t,0.1,255305064,-0.06655112701077805,0.0016442171242971677,0.013945579528808594,-0.11933138905354469,0.00014960506119359194,0.013570785522460938,ok
n,2040,2040,1000,0.6,standard_t,0.1,2044948565,0.2423799226721653,0.009847261178763469,0.021559715270996094,0.3295548211837292,0.00014540666867918607,0.021482467651367188,ok
n,2040,2040,1000,0.6,standard_t,0.1,1630128417,0.1322477342635383,0.000710714807576243,0.0201413631439209,0.15887102883986254,1.291709727835235e-09,0.02069997787475586,ok
n,2040,2040,1000,0.6,standard_t,0.1,71943399,0.03522605103784217,2.1510659367133298e-06,0.014543294906616211,0.01784491738490883,0.0002532707496369158,0.020105361938476562,ok
n,2040,2040,1000,0.6,standard_t,0.1,1487832142,-0.030225517709126685,6.226018732735123e-05,0.01582169532775879,-0.01723558147851686,2.6004122504064212e-05,0.016933441162109375,ok
n,2040,2040,1000,0.6,standard_t,0.1,224745834,-0.14260740949321954,0.005666555616874101,0.011032819747924805,-0.2275184227920675,9.282331348326992e-05,0.014928579330444336,ok
n,2040,2040,1000,0.6,standard_t,0.1,3751950896,0.061989272037234394,2.7136632279905687e-06,0.015400409698486328,0.07767189165355946,0.0001969896349315793,0.017243385314941406,ok
n,2040,2040,1000,0.6,standard_t,0.1,2262563793,-0.2626554303577132,0.009840803661822344,0.015184402465820312,-0.34578570398324515,0.00025826261842437246,0.01900649070739746,ok
n,2040,2040,1000,0.6,standard_t,0.1,3011018095,0.32371375441651296,0.018660874378044364,0.019206762313842773,0.22346944691535545,0.05609750491691458,0.020117759704589844,ok
n,2040,2040,1000,0.6,standard_t,0.1,2688266395,0.16244920980063135,0.010869400166599711,0.017696142196655273,0.26568419282501393,1.0433242404353884e-06,0.021209716796875,ok
n,2040,2040,1000,0.6,standard_t,0.1,2477701436,0.02519303347895621,9.264961992255312e-05,0.019347190856933594,0.017470322118713046,3.6204800040215254e-06,0.017398357391357422,ok
n,2040,2040,1000,0.6,standard_t,0.1,3671936948,0.3204049808078128,0.006619323435915804,0.016160964965820312,0.39170876909358876,0.00010111180050791411,0.01676201820373535,ok
n,2040,2040,1000,0.6,standard_t,0.1,677886635,-0.010629378910261717,0.0018798156883274538,0.012491941452026367,-0.0735451566240385,0.0003825519932709249,0.010581016540527344,ok
n,2040,2040,1000,0.6,standard_t,0.1,1155736471,0.12818262955555856,0.0003334593198846741,0.016149282455444336,0.134532557306367,0.00014187051051592228,0.01720452308654785,ok
n,2040,2040,1000,0.6,standard_t,0.1,2176805048,-0.3685716865720207,0.012959596340361519,0.010190963745117188,-0.6349182879071148,0.023258195476195433,0.009439229965209961,ok
n,2040,2040,1000,0.6,standard_t,0.1,1551260608,0.281189153098979,0.008640791212707558,0.015424251556396484,0.3458635899155799,0.000799838685635438,0.01762986183166504,ok
n,2040,2040,1000,0.6,standard_t,0.1,664360170,0.05338385969851554,1.4155578214906726e-05,0.02022266387939453,0.05865601545093471,2.279392746435057e-06,0.020887136459350586,ok
n,2040,2040,1000,0.6,standard_t,0.1,2356895101,0.15641023800987253,0.005234677444273785,0.01732945442199707,0.2304581367893109,2.879225230099128e-06,0.017597436904907227,ok
n,2040,2040,1000,0.6,standard_t,0.1,851611952,0.005959803358607085,0.00023447168484991708,0.012864351272583008,-0.013947812058694256,2.1115377206273243e-05,0.013898134231567383,ok
n,2040,2040,1000,0.6,standard_t,0.1,4124194038,-0.07288285553735413,0.0004112893767032173,0.013095617294311523,-0.08985108662016864,1.0969605942062007e-05,0.017207622528076172,ok
n,2040,2040,1000,0.6,standard_t,0.1,4101204663,0.03959997865142011,0.00036661963551576604,0.01084280014038086,0.045584400741693225,0.00017326172487161067,0.013338088989257812,ok
n,2040,2040,1000,0.6,standard_t,0.1,3751315827,-0.10743327767306202,4.664072473738557e-05,0.009742975234985352,-0.2787871145316141,0.02706828983272002,0.013875961303710938,ok
n,2040,2040,1000,0.6,standard_t,0.1,2580761093,-0.004851262394707495,0.0009325168629429325,0.014595508575439453,0.01661086388076815,8.23558573284822e-05,0.01158761978149414,ok
n,2040,2040,1000,0.6,standard_t,0.1,944677902,-0.1811281712300347,0.002513703258428587,0.009292840957641602,-0.28552696395976396,0.00294435893692677,0.008722543716430664,ok
n,2040,2040,1000,0.6,standard_t,0.1,2824350594,-0.22836434094768548,0.011868909058266795,0.01337289810180664,-0.30847816140459106,0.0008312094002813972,0.016357421875,ok
n,3040,3040,1000,0.6,standard_t,0.1,2769450498,0.1967031273885181,0.0006800228338300398,0.026463031768798828,0.22763710029866593,2.3587782332787568e-05,0.03016519546508789,ok
n,3040,3040,1000,0.6,standard_t,0.1,1714958982,0.19317265639492592,0.0008730625655867666,0.022111177444458008,0.21647033663000093,3.9061898920906554e-05,0.0238344669342041,ok
n,3040,3040,1000,0.6,standard_t,0.1,159265289,-0.12152308343411672,0.00014553439459107274,0.015948057174682617,-0.1309721960893212,6.836400082069943e-06,0.01955413818359375,ok
n,3040,3040,1000,0.6,standard_t,0.1,389491436,0.20038956914998118,0.0034535668484913422,0.023086071014404297,0.24890283741620303,0.00010514015897822894,0.020755290985107422,ok
n,3040,3040,1000,0.6,standard_t,0.1,2344340789,0.2482835137844324,0.0014783505991306503,0.023061752319335938,0.27957048825125225,5.129926631043126e-05,0.02713465690612793,ok
n,3040,3040,1000,0.6,standard_t,0.1,3309821526,-0.46796481785933963,0.012131600180608122,0.02402472496032715,-0.5496682829204196,0.0008088380631280598,0.02438831329345703,ok
n,3040,3040,1000,0.6,standard_t,0.1,2810882944,-0.3055193339720483,0.002711497410854313,0.019620180130004883,-0.2794824068039804,0.00610101084370244,0.023234844207763672,ok
n,3040,3040,1000,0.6,standard_t,0.1,3908954905,0.004049568377534846,0.0004129378402520317,0.0179598331451416,-0.03408121278750332,0.00031719286322969405,0.023867130279541016,ok
n,3040,3040,1000,0.6,standard_t,0.1,3875562183,-0.39776768112732197,0.00789431929177762,0.028308868408203125,-0.47253145573364097,0.00019842123721221724,0.032050371170043945,ok
n,3040,3040,1000,0.6,standard_t,0.1,736410639,-0.04228717805414202,3.618276869703748e-05,0.027856826782226562,-0.043356797750886786,5.019483227049873e-05,0.03197741508483887,ok
n,3040,3040,1000,0.6,standard_t,0.1,2231998619,0.15943989615441623,0.00028701644961332917,0.01770925521850586,0.17184627219844473,2.0567892009978602e-05,0.033926963806152344,ok
n,3040,3040,1000,0.6,standard_t,0.1,2782622965,-0.15984181074893136,0.0026445551527412583,0.028982877731323242,-0.21033747457477353,8.641090379488389e-07,0.057135820388793945,ok
n,3040,3040,1000,0.6,standard_t,0.1,3623886711,0.40787205624215417,0.011278518817973928,0.023696422576904297,0.4917321643384165,0.0004990873502760076,0.026147127151489258,ok
n,3040,3040,1000,0.6,standard_t,0.1,2048140797,0.3319321098831917,0.006338225707904943,0.04117989540100098,0.36966248109573896,0.0017541524576960802,0.0369420051574707,ok
n,3040,3040,1000,0.6,standard_t,0.1,913633422,0.14319972900794098,0.003256034011305388,0.020891666412353516,0.1972384225559089,9.138377523608466e-06,0.023148775100708008,ok
n,3040,3040,1000,0.6,standard_t,0.1,370243791,0.25112604686611417,0.0024626908977406466,0.013793468475341797,0.2784921612260189,0.0004954805395047058,0.016452789306640625,ok
n,3040,3040,1000,0.6,standard_t,0.1,2710776288,-0.38540738443991424,0.008353934819592694,0.024575233459472656,-0.46375002590764997,0.00017049101459589713,0.03375840187072754,ok
n,3040,3040,1000,0.6,standard_t,0.1,1954861691,-0.030990258534811185,3.6219458642731744e-05,0.026795387268066406,-0.033855918093726095,9.938892273020378e-06,0.03379988670349121,ok
n,3040,3040,1000,0.6,standard_t,0.1,2977201051,-0.2154833353218122,0.0004417560821137589,0.029582738876342773,-0.21761118616098482,0.000356837517920501,0.032533884048461914,ok
n,3040,3040,1000,0.6,standard_t,0.1,66254125,0.015629447801468962,0.000290061114143602,0.03095221519470215,0.02533872098122934,5.361032892135451e-05,0.024151325225830078,ok
n,3040,3040,1000,0.6,standard_t,0.1,1654726241,-0.5481017226742785,0.018079855663424012,0.01798415184020996,-0.6449347709918809,0.0014158893728316562,0.016445398330688477,ok
n,3040,3040,1000,0.6,standard_t,0.1,3562628228,-0.1163972959338404,1.220363867428876e-07,0.02224421501159668,-0.09873244042601242,0.00032451113414169215,0.0222628116607666,ok
n,3040,3040,1000,0.6,standard_t,0.1,3125658334,-0.15556092252144874,0.0005417606022270721,0.016498804092407227,-0.16953392217910343,8.654118957702343e-05,0.015917062759399414,ok
n,3040,3040,1000,0.6,standard_t,0.1,2734987911,0.2683730705896735,0.0038254483957104518,0.019881010055541992,0.3193620888923225,0.0001179654708040312,0.021672964096069336,ok
n,3040,3040,1000,0.6,standard_t,0.1,2384443122,0.0774140187200373,0.00028338290371307225,0.024057388305664062,0.07915794599366921,0.00022770971017420377,0.02736639976501465,ok
n,3040,3040,1000,0.6,standard_t,0.1,2790424227,-0.3006053531470022,0.0013987575394109803,0.027101755142211914,-0.3254434301957111,0.00015780108177153272,0.022921323776245117,ok
n,3040,3040,1000,0.6,standard_t,0.1,714782370,0.1744032523377678,1.8121869310995299e-06,0.01945781707763672,0.16497277233747878,0.000116136291397975,0.025250673294067383,ok
n,3040,3040,1000,0.6,standard_t,0.1,3342860453,-0.20255387991152493,0.0004503808427902442,0.026593446731567383,-0.2132313643036628,0.0001111905651353098,0.026570558547973633,ok
n,3040,3040,1000,0.6,standard_t,0.1,3423353788,0.5912798489468657,0.028141098735310326,0.021014690399169922,0.6886516057177604,0.004953531870236186,0.0254518985748291,ok
n,3040,3040,1000,0.6,standard_t,0.1,2958095239,-0.3351098082676223,0.006075751502398512,0.023053884506225586,-0.41123754973659876,3.310091232586036e-06,0.022866249084472656,ok
n,3040,3040,1000,0.6,standard_t,0.1,3969224228,-0.2444125077955767,0.004041885574953803,0.020850658416748047,-0.28427443134889147,0.0005623491406683391,0.017648935317993164,ok
n,3040,3040,1000,0.6,standard_t,0.1,3562245828,0.018201112760183685,0.0009458600496740592,0.019791603088378906,-0.007075175895046922,3.0014501011282768e-05,0.023778438568115234,ok
n,3040,3040,1000,0.6,standard_t,0.1,2771836536,0.48157526122070093,0.014740058858535174,0.02000117301940918,0.567641156689185,0.0012491098797635328,0.022037029266357422,ok
n,3040,3040,1000,0.6,standard_t,0.1,838089174,0.033058640276904756,6.31875258654647e-06,0.022552967071533203,0.0305686001074458,2.503754486555585e-05,0.022286176681518555,ok
n,3040,3040,1000,0.6,standard_t,0.1,3333209928,-0.09757127785774818,0.0005811543785516335,0.02392721176147461,-0.12932247170137182,5.8431502224329314e-05,0.020661592483520508,ok
n,3040,3040,1000,0.6,standard_t,0.1,517636502,-0.16324786926011753,0.0006874834869578544,0.025762319564819336,-0.1879543949839626,2.290320801591054e-06,0.02783370018005371,ok
n,3040,3040,1000,0.6,standard_t,0.1,674724751,-0.08076859410363946,0.0013678803714410079,0.023174285888671875,-0.11560546500670887,4.613886328351993e-06,0.024425506591796875,ok
n,3040,3040,1000,0.6,standard_t,0.1,1468509405,-0.22693872448051763,0.0016780055789700067,0.022003173828125,-0.24948490527011427,0.00033919640901511783,0.023138046264648438,ok
n,3040,3040,1000,0.6,standard_t,0.1,2940166135,0.10327048157983482,0.0004317346041158079,0.015925168991088867,0.12335301380672047,4.839874289437246e-07,0.01981663703918457,ok
n,3040,3040,1000,0.6,standard_t,0.1,2154284034,-0.35658909397845745,0.008699999993636093,0.019536972045898438,-0.42807259388873475,0.00047481676384396803,0.02124476432800293,ok
n,3040,3040,1000,0.6,standard_t,0.1,1166182655,-0.23702351257681153,0.002886801146655611,0.018426895141601562,-0.28250805885231367,6.79703582704789e-05,0.02269124984741211,ok
n,3040,3040,1000,0.6,standard_t,0.1,523775468,-0.5570608798018517,0.014150323211115298,0.025060653686523438,-0.6187170516311177,0.003283170731629272,0.02883601188659668,ok
n,3040,3040,1000,0.6,standard_t,0.1,1362663379,-0.09190378482014698,2.3341259139750764e-05,0.025315046310424805,-0.0837059298747163,1.133383194911141e-05,0.023129701614379883,ok
n,3040,3040,1000,0.6,standard_t,0.1,2361128748,-0.242514112601812,0.004777643895168085,0.024579763412475586,-0.3027832053524012,7.834745830604852e-05,0.03122997283935547,ok
n,3040,3040,1000,0.6,standard_t,0.1,1179075891,-0.46359967758629,0.009441862840296212,0.026848554611206055,-0.5296790719689741,0.0009665790246338597,0.028011560440063477,ok
n,3040,3040,1000,0.6,standard_t,0.1,1243484685,-0.2884504260132366,0.002916997786366018,0.025851964950561523,-0.3121154996944834,0.0009207683065322544,0.025413036346435547,ok
n,3040,3040,1000,0.6,standard_t,0.1,82573506,0.32504253677923395,0.004472473257336478,0.02542901039123535,0.37577267876754666,0.00026070656831987964,0.024990320205688477,ok
n,3040,3040,1000,0.6,standard_t,0.1,1518485986,0.26032004110491286,0.0005779798402183242,0.019826412200927734,0.26694839950106475,0.00030320744585057364,0.022540807723999023,ok
n,3040,3040,1000,0.6,standard_t,0.1,2146314306,-0.003961082000799932,0.00015640143090439989,0.025417327880859375,0.014247175090609245,3.251509991806514e-05,0.02861642837524414,ok
n,3040,3040,1000,0.6,standard_t,0.1,2982510237,0.0465520303739121,0.00037700911002634647,0.021497011184692383,0.02583150035781818,1.6999142146611244e-06,0.026866912841796875,ok
n,4040,4040,1000,0.6,standard_t,0.1,2003409182,-0.16320905137088085,4.7973956559700166e-05,0.03195071220397949,-0.16267351632365656,5.5679332260264075e-05,0.03776121139526367,ok
n,4040,4040,1000,0.6,standard_t,0.1,2556468550,0.18895049555268825,0.0014615820156511426,0.03278303146362305,0.20896606194947792,0.00033178899253272866,0.03341388702392578,ok
n,4040,4040,1000,0.6,standard_t,0.1,1626999094,0.09780795188137573,0.000414113538449696,0.027404069900512695,0.11031599262648588,6.149287161353791e-05,0.03215599060058594,ok
n,4040,4040,1000,0.6,standard_t,0.1,3890968778,0.478136598075062,0.009393197603611394,0.029130935668945312,0.5470739864295586,0.0007829431751782203,0.03486824035644531,ok
n,4040,4040,1000,0.6,standard_t,0.1,2607385473,-0.14451610336550672,0.00017661194954745628,0.032184600830078125,-0.1602498678050841,5.974219108060272e-06,0.03205251693725586,ok
n,4040,4040,1000,0.6,standard_t,0.1,1466082943,0.179814425606183,0.0007778133842358595,0.026943206787109375,0.2135719763927125,3.443629791107323e-05,0.025515079498291016,ok
n,4040,4040,1000,0.6,standard_t,0.1,4246959534,-0.02008987481924289,0.00014458964810413013,0.029555559158325195,-0.010028328986279249,3.853360121699358e-06,0.03167605400085449,ok
n,4040,4040,1000,0.6,standard_t,0.1,2137857281,-0.05315608704637324,2.590150013586838e-06,0.030350923538208008,-0.041227674635326374,0.00010648213477153309,0.03460288047790527,ok
n,4040,4040,1000,0.6,standard_t,0.1,164394434,-0.07741125380539027,0.0002925478236905248,0.03261232376098633,-0.07819610257966796,0.0002663156581788093,0.03941059112548828,ok
n,4040,4040,1000,0.6,standard_t,0.1,3672690052,-0.06598817558641457,8.002427975753694e-05,0.03437471389770508,-0.04884027482206239,6.727726067335127e-05,0.03658127784729004,ok
n,4040,4040,1000,0.6,standard_t,0.1,861671677,-0.08685869935797201,0.0002911370822425619,0.029354572296142578,-0.10226982955182405,2.727813590320847e-06,0.03441023826599121,ok
n,4040,4040,1000,0.6,standard_t,0.1,3592648294,0.1315551117973098,0.0006934885293573325,0.028761625289916992,0.14755644404372883,0.00010676754379844282,0.03230738639831543,ok
n,4040,4040,1000,0.6,standard_t,0.1,2404603284,0.30775003125501915,0.002201863806239891,0.029969215393066406,0.3524964481151604,4.741962547967038e-06,0.03652691841125488,ok
n,4040,4040,1000,0.6,standard_t,0.1,4219612204,0.03669702523532091,1.240874397786101e-05,0.02823185920715332,0.03681317706221707,1.1603921278600996e-05,0.03198409080505371,ok
n,4040,4040,1000,0.6,standard_t,0.1,336399281,-0.30345283129807726,0.005731424783766822,0.03635120391845703,-0.3620184336499397,0.00029379919688874725,0.03996109962463379,ok
n,4040,4040,1000,0.6,standard_t,0.1,2135266716,-0.2358824957842515,0.0036431675027563215,0.03291726112365723,-0.2823244876509599,0.00019367357486789209,0.036066532135009766,ok
n,4040,4040,1000,0.6,standard_t,0.1,1932948813,-0.2720930123726939,0.0022483191292357457,0.025178909301757812,-0.31116303080208924,6.966281410785842e-05,0.03097057342529297,ok
n,4040,4040,1000,0.6,standard_t,0.1,3779440239,-0.017694888632711032,2.8533835383404876e-05,0.03537774085998535,-0.0318516696327773,7.770552680547479e-05,0.03169751167297363,ok
n,4040,4040,1000,0.6,standard_t,0.1,3060553201,0.3034199492988657,0.005283420543757422,0.02274942398071289,0.3677080853853076,7.05432924357386e-05,0.02146768569946289,ok
n,4040,4040,1000,0.6,standard_t,0.1,3216837944,-0.31560452245328013,0.003060113575223043,0.027874469757080078,-0.35201147827373896,0.00035763868581147187,0.03138542175292969,ok
n,4040,4040,1000,0.6,standard_t,0.1,3288106415,-0.14997766922140934,0.0020203173669022514,0.026379108428955078,-0.19052625582560487,1.9354315846735208e-05,0.022751569747924805,ok
n,4040,4040,1000,0.6,standard_t,0.1,1177593651,0.07940074386980163,0.0007318306601840605,0.03073406219482422,0.09852088781714108,6.292019184411178e-05,0.03339695930480957,ok
n,4040,4040,1000,0.6,standard_t,0.1,3681984854,-0.043952384696298696,1.3104572149705824e-05,0.024962425231933594,-0.028453399177028924,0.0001411097320622972,0.031504154205322266,ok
n,4040,4040,1000,0.6,standard_t,0.1,149118367,-0.401035709861782,0.006410043030601384,0.03457903861999512,-0.46143422239478815,0.0003866820123993409,0.03429603576660156,ok
n,4040,4040,1000,0.6,standard_t,0.1,1849545639,-0.234050892391675,0.0023622800344015116,0.02960491180419922,-0.2718071754543223,0.00011765761207381432,0.0348820686340332,ok
n,4040,4040,1000,0.6,standard_t,0.1,1915087823,-0.06445659101764736,5.09545492166502e-06,0.03263068199157715,-0.06407297964059262,3.5107519130235876e-06,0.032453298568725586,ok
n,4040,4040,1000,0.6,standard_t,0.1,1149996483,0.2990634078411184,0.005374378456506661,0.033744096755981445,0.3549212943230855,0.00030458158843415026,0.034661293029785156,ok
n,4040,4040,1000,0.6,standard_t,0.1,4220707382,0.11724334530899568,0.0007750325449674153,0.03076171875,0.137080750325862,6.403202506154667e-05,0.030876636505126953,ok
n,4040,4040,1000,0.6,standard_t,0.1,884721174,-0.133768969595593,0.0018701929109742443,0.032949209213256836,-0.16804471766542348,8.046052350436068e-05,0.025102853775024414,ok
n,4040,4040,1000,0.6,standard_t,0.1,728423228,0.14633379085049308,0.00032846710581119367,0.02475285530090332,0.15211893703729967,0.00015223895989196118,0.030477046966552734,ok
n,4040,4040,1000,0.6,standard_t,0.1,1967315514,-0.07750583755209849,0.000483194717349856,0.022453784942626953,-0.10792905436381928,7.125936642843834e-05,0.021448612213134766,ok
n,4040,4040,1000,0.6,standard_t,0.1,694569576,0.14059451303431403,1.1224446382167621e-05,0.028517484664916992,0.1420850611981168,3.458641528055555e-06,0.03529238700866699,ok
n,4040,4040,1000,0.6,standard_t,0.1,1952394912,-0.17846548535939838,0.0011117612056497784,0.043007612228393555,-0.42713535169001654,0.04636562347934266,0.042021751403808594,ok
n,4040,4040,1000,0.6,standard_t,0.1,3309258835,0.2866081782074259,0.0031907240638218517,0.04895186424255371,0.33109174495467564,0.00014407027525892486,0.06121516227722168,ok
n,4040,4040,1000,0.6,standard_t,0.1,2955618638,0.23689345364360387,0.0022652551330457687,0.03675723075866699,0.2742781842810176,0.00010424340251159354,0.04448509216308594,ok
n,4040,4040,1000,0.6,standard_t,0.1,317533377,0.2457876855033655,0.0030308991732415826,0.035544395446777344,0.29457989567912674,3.9205036682896495e-05,0.03521013259887695,ok
n,4040,4040,1000,0.6,standard_t,0.1,1527507611,0.27860400049916506,0.0030618827619300908,0.03372645378112793,0.32066355445547917,0.00017621840402796762,0.03354692459106445,ok
n,4040,4040,1000,0.6,standard_t,0.1,1415955110,0.4170291584221007,0.009385531597585104,0.02825450897216797,0.47787544957006,0.0012983527436531016,0.02483963966369629,ok
n,4040,4040,1000,0.6,standard_t,0.1,3492580233,-0.042683102217870465,0.00016097071883665264,0.027462244033813477,-0.0564064464367466,1.073131428117353e-06,0.02967214584350586,ok
n,4040,4040,1000,0.6,standard_t,0.1,1563444596,0.4830657822908658,0.015813280616952974,0.021569013595581055,0.5760488480730872,0.0010737288137681036,0.03266763687133789,ok
n,4040,4040,1000,0.6,standard_t,0.1,2101676313,0.38050506131246586,0.006169185311958619,0.033998727798461914,0.44083140816740474,0.0003318887718846174,0.037674665451049805,ok
n,4040,4040,1000,0.6,standard_t,0.1,3694743232,0.09742423671812857,0.0005594643955676291,0.02899456024169922,0.12100043464333192,5.898515077796671e-09,0.027326345443725586,ok
n,4040,4040,1000,0.6,standard_t,0.1,2609699585,-0.3924632703766666,0.005246839826246134,0.026813030242919922,-0.4396884383047551,0.0006355393226899968,0.03564715385437012,ok
n,4040,4040,1000,0.6,standard_t,0.1,43991982,-0.031895934337260096,0.0002067206005904059,0.03227543830871582,-0.03990746043013512,4.052920778860452e-05,0.027792930603027344,ok
n,4040,4040,1000,0.6,standard_t,0.1,4262881764,-0.25995000042987276,0.0035477384356901276,0.03198719024658203,-0.3047885517743889,0.0002168062898821511,0.03378486633300781,ok
n,4040,4040,1000,0.6,standard_t,0.1,1861658710,0.2844357118941422,0.004329070697180882,0.026691436767578125,0.34079574374110394,8.903133998157903e-05,0.03137063980102539,ok
n,4040,4040,1000,0.6,standard_t,0.1,570706956,-0.02915978524959743,7.615093467396735e-05,0.019109725952148438,-0.02097147623527321,2.895960332104212e-07,0.027048349380493164,ok
n,4040,4040,1000,0.6,standard_t,0.1,1037791459,-0.07142630201067204,0.00011289544092774333,0.030570030212402344,-0.06974809734938656,0.00015137442152650903,0.030817270278930664,ok
n,4040,4040,1000,0.6,standard_t,0.1,925632437,0.10342687192556357,0.0003393151651273806,0.020707368850708008,0.1161720452042788,3.220943964956142e-05,0.02756214141845703,ok
n,4040,4040,1000,0.6,standard_t,0.1,1569431836,-0.06414889178712643,3.6972515872602615e-05,0.029963254928588867,-0.0672423714614585,8.416195681080354e-05,0.03623056411743164,ok
n,5040,5040,1000,0.6,standard_t,0.1,4143800568,-0.2479136209094708,0.002758190423384682,0.03020501136779785,-0.29395032925747844,4.201332448586209e-05,0.04187798500061035,ok
n,5040,5040,1000,0.6,standard_t,0.1,2834904991,-0.0306765705510665,0.000562563734894719,0.040337562561035156,-0.05503997293228323,4.1599445136710827e-07,0.03970074653625488,ok
n,5040,5040,1000,0.6,standard_t,0.1,3391528270,-0.07990521231206046,0.00045083408527654846,0.02776789665222168,-0.0830954884230218,0.00032553461373050884,0.02969956398010254,ok
n,5040,5040,1000,0.6,standard_t,0.1,1422135692,0.11649064610637176,2.2786542827348685e-05,0.027286529541015625,0.11780169961552237,1.1988710204358191e-05,0.026606082916259766,ok
n,5040,5040,1000,0.6,standard_t,0.1,2031126715,-0.09568499155990294,0.0011763172815017766,0.03762960433959961,-0.1339212628332716,1.5514059796011557e-05,0.034576416015625,ok
n,5040,5040,1000,0.6,standard_t,0.1,3149507297,-0.0651745108892261,9.364800366103814e-05,0.03382277488708496,-0.07808305354613013,1.0441640873165717e-05,0.04082822799682617,ok
n,5040,5040,1000,0.6,standard_t,0.1,2063672444,-0.2211977570456951,0.00025088780889652646,0.03782987594604492,-0.2344165785629443,6.867632857596419e-06,0.028267383575439453,ok
n,5040,5040,1000,0.6,standard_t,0.1,1247563642,-0.05489806511025514,2.770563762587527e-05,0.03616833686828613,-0.057535776677669084,6.895366221972711e-06,0.03744339942932129,ok
n,5040,5040,1000,0.6,standard_t,0.1,1488112041,-0.11933406218083083,0.00021350451219237363,0.03740048408508301,-0.13099007882965313,8.736617381749806e-06,0.038982391357421875,ok
n,5040,5040,1000,0.6,standard_t,0.1,3890530114,0.13039669129487577,1.884119848929241e-05,0.03881192207336426,0.11811926608051494,6.299248113418926e-05,0.04125571250915527,ok
n,5040,5040,1000,0.6,standard_t,0.1,2425126116,-0.06773144782628288,0.0001068764486093202,0.037918806076049805,-0.06976232524978376,6.901005702186975e-05,0.04260754585266113,ok
n,5040,5040,1000,0.6,standard_t,0.1,300097794,0.18864317894379362,0.0012936714777400983,0.03537321090698242,0.2115376040978093,0.00017090907383169183,0.03197956085205078,ok
n,5040,5040,1000,0.6,standard_t,0.1,202998311,-0.3002582967511479,0.0032976660528604034,0.032526254653930664,-0.3541387783995624,1.2565797194152131e-05,0.03936433792114258,ok
n,5040,5040,1000,0.6,standard_t,0.1,1098832502,-0.03907840497152104,5.534315777690017e-07,0.035715579986572266,-0.026041505701593845,0.0001511170978855445,0.0407567024230957,ok
n,5040,5040,1000,0.6,standard_t,0.1,2052178470,0.2652153301858559,0.004104559278788414,0.03936505317687988,0.32836145141365763,8.47712871226846e-07,0.03903961181640625,ok
n,5040,5040,1000,0.6,standard_t,0.1,3982048255,-0.41276172048450965,0.005423137730420247,0.03230023384094238,-0.4619464507939447,0.0005981559040599394,0.0371096134185791,ok
n,5040,5040,1000,0.6,standard_t,0.1,4002960246,0.48236290017027833,0.01467069849230673,0.029124021530151367,0.5641380920481058,0.001548223158884733,0.04167580604553223,ok
n,5040,5040,1000,0.6,standard_t,0.1,2344988326,-0.1815135646831822,0.000385790675336384,0.0372922420501709,-0.18960560128798554,0.00013339137076167287,0.040343523025512695,ok
n,5040,5040,1000,0.6,standard_t,0.1,44203601,-0.17135222787374318,0.0007683017340239669,0.03456830978393555,-0.19552891433388775,1.2542717149249607e-05,0.03977632522583008,ok
n,5040,5040,1000,0.6,standard_t,0.1,1751252760,0.38702775600225425,0.005575129398798632,0.0277254581451416,0.18750240403970245,0.07518133023623756,0.039205312728881836,ok
n,5040,5040,1000,0.6,standard_t,0.1,3740000321,0.24521995277883923,0.0014781323983363293,0.034637451171875,0.27995319096259785,1.3788220218837666e-05,0.03662228584289551,ok
n,5040,5040,1000,0.6,standard_t,0.1,3406653530,-0.049574041028121275,2.2336601902935855e-06,0.03041672706604004,-0.05248019226129777,1.9926364708510053e-06,0.028283357620239258,ok
n,5040,5040,1000,0.6,standard_t,0.1,2478145369,0.25826969953253803,0.0015567059959853049,0.031827449798583984,0.2671514183201986,0.0009347324756176486,0.0441737174987793,ok
n,5040,5040,1000,0.6,standard_t,0.1,3095712030,-0.017075103194720945,0.00032955607352625003,0.02785181999206543,-0.0313475752031655,1.5063770339125884e-05,0.04120898246765137,ok
n,5040,5040,1000,0.6,standard_t,0.1,1660672265,-0.228364390485369,0.002957577998840853,0.028705120086669922,-0.28075772775048424,3.9612207731797405e-06,0.037132978439331055,ok
n,5040,5040,1000,0.6,standard_t,0.1,3525450229,-0.004539203595314582,6.374011049692037e-05,0.030872106552124023,-0.02223384978196648,9.430169153497138e-05,0.0363459587097168,ok
n,5040,5040,1000,0.6,standard_t,0.1,2207359444,-0.06998127400506975,0.00019038388985369103,0.038433074951171875,-0.08146336689178402,5.363272324598939e-06,0.04448962211608887,ok
n,5040,5040,1000,0.6,standard_t,0.1,1671548641,0.21757514527192645,0.0003656027342226047,0.03891801834106445,0.23391951570486108,7.708233211090115e-06,0.03832554817199707,ok
n,5040,5040,1000,0.6,standard_t,0.1,242687526,-0.19203799337362804,0.000804341827647152,0.031215190887451172,-0.21497036402938355,2.9469156481623207e-05,0.023797273635864258,ok
n,5040,5040,1000,0.6,standard_t,0.1,554184772,-0.18693398857485144,0.002067306729429236,0.031017541885375977,-0.22201406106737437,0.00010790165976134448,0.04397320747375488,ok
n,5040,5040,1000,0.6,standard_t,0.1,2664845411,0.06561336712624447,0.0003390612871373472,0.03334617614746094,0.07604338779916507,6.373780862918701e-05,0.035773515701293945,ok
n,5040,5040,1000,0.6,standard_t,0.1,1425630028,0.23554078273726048,0.0014200960069801986,0.0269775390625,0.2688088301610144,1.9502061076072098e-05,0.031693220138549805,ok
n,5040,5040,1000,0.6,standard_t,0.1,608095043,0.20590089308494897,0.002464394513098429,0.036611318588256836,0.2496365503060002,3.489277954824798e-05,0.04112720489501953,ok
n,5040,5040,1000,0.6,standard_t,0.1,4158229905,-0.2912691520760664,0.005050805239423258,0.030648469924926758,-0.34782705219617865,0.00021057252577685295,0.029637575149536133,ok
n,5040,5040,1000,0.6,standard_t,0.1,3389019639,-0.21597671573565472,0.00342917589564255,0.03747081756591797,-0.26464661925902827,9.779750777650715e-05,0.04263949394226074,ok
n,5040,5040,1000,0.6,standard_t,0.1,1117608069,-0.17611304858190718,4.7227734190276385e-05,0.03480935096740723,-0.18026113053256274,7.421057521241423e-06,0.043825387954711914,ok
n,5040,5040,1000,0.6,standard_t,0.1,2823306203,-0.43027085532708564,0.014970746418276731,0.036901235580444336,-0.5258938979337467,0.0007145976320018644,0.03936767578125,ok
n,5040,5040,1000,0.6,standard_t,0.1,926179998,-0.3448383489943511,0.005895190596636723,0.03963589668273926,-0.40312590297276835,0.0003419759059320605,0.03258466720581055,ok
n,5040,5040,1000,0.6,standard_t,0.1,1301272021,-0.07425792711219005,0.0001682744923533328,0.02618122100830078,-0.09902530782770141,0.0001391294528342052,0.03171205520629883,ok
n,5040,5040,1000,0.6,standard_t,0.1,4178603270,0.1439076723585357,0.00047962437176822076,0.029429912567138672,0.1550352139745443,0.00011605292906282082,0.04456281661987305,ok
n,5040,5040,1000,0.6,standard_t,0.1,376488434,-0.11112826171792488,7.72081181424241e-05,0.029946327209472656,-0.10937823548036185,0.00011102502362319867,0.0297698974609375,ok
n,5040,5040,1000,0.6,standard_t,0.1,4077693986,0.6675279208436643,0.050350486501699494,0.03416156768798828,0.8193229921303156,0.005269898926159281,0.035114288330078125,ok
n,5040,5040,1000,0.6,standard_t,0.1,2607227223,0.04454945214420184,0.0005728592280803742,0.040425777435302734,0.022370257188981724,3.081017903437106e-06,0.04422926902770996,ok
n,5040,5040,1000,0.6,standard_t,0.1,1471142916,0.3509040261349242,0.00653637575207123,0.03825998306274414,0.42520695089736577,4.2836119421739825e-05,0.04327797889709473,ok
n,5040,5040,1000,0.6,standard_t,0.1,3400210458,0.019002133027204448,7.146604582416716e-10,0.023832321166992188,0.003924457477969051,0.00022814316167289744,0.030400991439819336,ok
n,5040,5040,1000,0.6,standard_t,0.1,273747260,-0.417573404482429,0.007966870681391647,0.03555417060852051,-0.48461133100024606,0.0004937018220646933,0.0355379581451416,ok
n,5040,5040,1000,0.6,standard_t,0.1,3133159902,-0.3422843788483851,0.00335709084272857,0.02945423126220703,-0.38423545278877674,0.0002556587936032495,0.03260159492492676,ok
n,5040,5040,1000,0.6,standard_t,0.1,4141030569,-0.24611506078484577,0.0015947889039542263,0.028195619583129883,-0.2613464593483454,0.0006102584464213088,0.03158307075500488,ok
n,5040,5040,1000,0.6,standard_t,0.1,2004155231,-0.10894556919125464,0.0026404668681214763,0.03541684150695801,-0.13711757761338011,0.0005388649524749746,0.030689716339111328,ok
n,5040,5040,1000,0.6,standard_t,0.1,4140692821,-0.07592138128747596,0.0005310511283866603,0.03273510932922363,-0.09268605991810294,3.9436741818242663e-05,0.03944730758666992,ok
n,6040,6040,1000,0.6,standard_t,0.1,3061428546,-0.11595802194747921,0.0001827359022554831,0.047025442123413086,-0.12178592090294248,5.9137414153855565e-05,0.04162311553955078,ok
n,6040,6040,1000,0.6,standard_t,0.1,2267512913,-0.2164136138631893,0.0005524967047455418,0.04459714889526367,-0.23552525222229648,1.9303809640013143e-05,0.044579267501831055,ok
n,6040,6040,1000,0.6,standard_t,0.1,1000073880,0.061866328425498954,1.0583527501055354e-08,0.04272055625915527,0.06550266385285607,1.2485333597066507e-05,0.047603607177734375,ok
n,6040,6040,1000,0.6,standard_t,0.1,2395104275,0.3365884360042673,0.004189215431907379,0.03227519989013672,0.3822217641765906,0.0003644594304751224,0.03311777114868164,ok
n,6040,6040,1000,0.6,standard_t,0.1,2608765024,-0.14646313294545085,0.0021746409354202467,0.045327186584472656,-0.18001110129393796,0.00017121924485097382,0.04747509956359863,ok
n,6040,6040,1000,0.6,standard_t,0.1,3790104586,0.33722509449910254,0.006007046285449344,0.027112960815429688,0.39721201053487637,0.0003068880711897828,0.0463871955871582,ok
n,6040,6040,1000,0.6,standard_t,0.1,1814733653,-0.1292083925779046,0.0005451733898034541,0.02687978744506836,-0.14236225259517965,0.00010393982644062998,0.03779125213623047,ok
n,6040,6040,1000,0.6,standard_t,0.1,1406957998,-0.023018519287989217,0.00012880091055532766,0.0434417724609375,-0.031150092993584896,1.0352146519085249e-05,0.04523134231567383,ok
n,6040,6040,1000,0.6,standard_t,0.1,4205173290,0.17293129300348306,0.0009697638603228296,0.04329991340637207,0.18840713918546115,0.0002453980398204026,0.04375624656677246,ok
n,6040,6040,1000,0.6,standard_t,0.1,3389141757,-0.012973454487695166,0.00047183310455880634,0.04791116714477539,-0.030191758694366435,2.0280750656374824e-05,0.04652667045593262,ok
n,6040,6040,1000,0.6,standard_t,0.1,1222897894,0.21446163357226608,0.0010455280369440101,0.04342317581176758,0.2417750564081712,2.521248096419059e-05,0.03837752342224121,ok
n,6040,6040,1000,0.6,standard_t,0.1,2690101446,-0.1299347118280243,0.0005711999595795641,0.03814339637756348,-0.14010732418080257,0.00018843540474284323,0.04223203659057617,ok
n,6040,6040,1000,0.6,standard_t,0.1,3345600729,-0.009924274171853579,5.318769915503302e-05,0.03237628936767578,-0.02006011452980741,8.08179971112086e-06,0.04710531234741211,ok
n,6040,6040,1000,0.6,standard_t,0.1,617762685,-0.009732077475200324,0.00012432118744129967,0.04279351234436035,-0.010303076434404845,0.0001373804368257866,0.05476737022399902,ok
n,6040,6040,1000,0.6,standard_t,0.1,4101303619,0.1968709956167462,0.002522352983393949,0.04128742218017578,0.2399228303601013,5.142607582245881e-05,0.033663034439086914,ok
n,6040,6040,1000,0.6,standard_t,0.1,3125136315,0.2431754277821724,0.0013990426340845276,0.04492759704589844,0.2761241549000748,1.9847481388735147e-05,0.04623985290527344,ok
n,6040,6040,1000,0.6,standard_t,0.1,3800968107,0.1958553609835157,0.0006648210227113042,0.051714420318603516,0.2318897076072764,0.0001050670748628563,0.054950714111328125,ok
n,6040,6040,1000,0.6,standard_t,0.1,285778481,-0.5609931782378775,0.018749466503231133,0.05154919624328613,-0.6464704288789386,0.002647250746669564,0.057192325592041016,ok
n,6040,6040,1000,0.6,standard_t,0.1,4253698565,-0.1239949035942331,0.0007347854258009816,0.04599571228027344,-0.1271797275900182,0.0005722669542672658,0.050408124923706055,ok
n,6040,6040,1000,0.6,standard_t,0.1,1635216484,-0.02065499500358215,2.4293041593316105e-05,0.04238605499267578,-0.024642320913578968,8.863681430230796e-07,0.04293346405029297,ok
n,6040,6040,1000,0.6,standard_t,0.1,3062697723,0.0663714294932515,1.3451207968978982e-06,0.04958176612854004,0.08368470784429122,0.00026093507514123986,0.040889739990234375,ok
n,6040,6040,1000,0.6,standard_t,0.1,772787564,-0.10958831052446426,0.0009215312309716016,0.03285670280456543,-0.1440468525900664,1.682483861888083e-05,0.04712104797363281,ok
n,6040,6040,1000,0.6,standard_t,0.1,1560797097,0.09523096748347493,0.0003701025656041227,0.046025991439819336,0.11555489002367723,1.1791192976506294e-06,0.04380202293395996,ok
n,6040,6040,1000,0.6,standard_t,0.1,964132313,0.08075855592386987,0.00015139727945504838,0.039121150970458984,0.09103824918441623,4.099276137342686e-06,0.034760236740112305,ok
n,6040,6040,1000,0.6,standard_t,0.1,1207998608,0.07031088934577889,7.43757044854529e-05,0.03528118133544922,0.0745881738810865,1.8895108955958884e-05,0.052764892578125,ok
n,6040,6040,1000,0.6,standard_t,0.1,1216467615,0.02021610984472863,1.9909234466478258e-05,0.0482790470123291,0.022048274911121095,6.915908282378184e-06,0.04623007774353027,ok
n,6040,6040,1000,0.6,standard_t,0.1,3813362239,0.010582977561284367,0.0002953434862777261,0.03765535354614258,0.03027471135424496,6.280905073297296e-06,0.05352592468261719,ok
n,6040,6040,1000,0.6,standard_t,0.1,1017673930,-0.28028094848734525,0.0033691561237179377,0.03433346748352051,-0.32498537643772124,0.00017795571666590478,0.05158281326293945,ok
n,6040,6040,1000,0.6,standard_t,0.1,42960713,-0.0005246936582405667,1.7977684383040332e-05,0.04221510887145996,-0.005885479150074242,1.2561378133377444e-06,0.042053937911987305,ok
n,6040,6040,1000,0.6,standard_t,0.1,3272761664,-0.3595432786165407,0.00817143564981584,0.05107760429382324,-0.43445545399983704,0.0002397486250065575,0.06284904479980469,ok
n,6040,6040,1000,0.6,standard_t,0.1,4208803674,-0.5508583512356519,0.02168959394422745,0.05710792541503906,-0.661358966924411,0.001352272522145892,0.08370232582092285,ok
n,6040,6040,1000,0.6,standard_t,0.1,2341723761,0.18492336041238563,0.0011917407768066675,0.043567657470703125,0.22069340131303844,1.5586079282686254e-06,0.049560546875,ok
n,6040,6040,1000,0.6,standard_t,0.1,1474383026,-0.22430074638677241,0.00109549363305306,0.04445981979370117,-0.24579843517876687,0.0001345728380833126,0.0418858528137207,ok
n,6040,6040,1000,0.6,standard_t,0.1,2030841677,-0.05400250580886958,9.520615135017118e-05,0.046364784240722656,-0.06585380979174563,4.384584840376313e-06,0.05231046676635742,ok
n,6040,6040,1000,0.6,standard_t,0.1,858822619,0.07488313533234175,0.00033117784414134346,0.037832021713256836,0.09402625381861696,8.926964441287465e-07,0.0598149299621582,ok
n,6040,6040,1000,0.6,standard_t,0.1,1613632718,0.16174716249176824,0.00019774839229674167,0.044274330139160156,0.164005307575602,0.00013933816646596777,0.05416059494018555,ok
n,6040,6040,1000,0.6,standard_t,0.1,3900794659,0.07689274800522113,0.0003410242925707953,0.050331830978393555,0.10733619985225189,0.0001434391580582548,0.04555463790893555,ok
n,6040,6040,1000,0.6,standard_t,0.1,4222406786,0.405827203021271,0.008761194496992643,0.04652714729309082,0.4801676312643195,0.00037097935670033,0.03674793243408203,ok
n,6040,6040,1000,0.6,standard_t,0.1,2445025697,-0.10102758802416419,0.0002309501561664733,0.04798555374145508,-0.1030304791420041,0.00017408567881100077,0.047896385192871094,ok
n,6040,6040,1000,0.6,standard_t,0.1,702983664,0.3964524879145284,0.003729843543173087,0.04768037796020508,0.4401430016013219,0.0003021315375702205,0.034379005432128906,ok
n,6040,6040,1000,0.6,standard_t,0.1,1501027944,-0.3160287891586924,0.006189773921527898,0.04314112663269043,-0.37508096935532914,0.0003850596204959388,0.047118425369262695,ok
n,6040,6040,1000,0.6,standard_t,0.1,3113484211,0.359333277948329,0.008120917812467751,0.044190406799316406,0.4225649255978488,0.0007227756675950594,0.05017352104187012,ok
n,6040,6040,1000,0.6,standard_t,0.1,87275351,-0.2692852167282207,0.004331991088554457,0.042001962661743164,-0.3107113667894912,0.0005949556595916378,0.05072975158691406,ok
n,6040,6040,1000,0.6,standard_t,0.1,2798904886,-0.32578131627780577,0.005026933139538842,0.04543185234069824,-0.3818114079172117,0.0002211400013931039,0.06737875938415527,ok
n,6040,6040,1000,0.6,standard_t,0.1,2832465702,0.07733838733374263,0.0003896885782499398,0.06221628189086914,0.09379574917503299,1.0779202067760692e-05,0.05441451072692871,ok
n,6040,6040,1000,0.6,standard_t,0.1,728497418,-0.1849346736292191,0.0032157129745332036,0.04278826713562012,-0.23281103723301902,7.798467475980886e-05,0.05112338066101074,ok
n,6040,6040,1000,0.6,standard_t,0.1,35713661,-0.02271038731498793,8.814291133343245e-05,0.04974031448364258,-0.020166479471669597,0.00014238105939437586,0.05418229103088379,ok
n,6040,6040,1000,0.6,standard_t,0.1,1210009376,0.3498676116894049,0.006011901519414226,0.04702448844909668,0.41174165997137074,0.00024531091662127486,0.05235886573791504,ok
n,6040,6040,1000,0.6,standard_t,0.1,916636769,-0.17517929033931795,0.0004948494776879644,0.03642868995666504,-0.19819006769372546,5.860895973133561e-07,0.04408073425292969,ok
n,6040,6040,1000,0.6,standard_t,0.1,1311646717,0.22136584336229076,0.0035506459111388743,0.03937411308288574,0.2672196202465754,0.0001886095626393514,0.04758620262145996,ok
n,7040,7040,1000,0.6,standard_t,0.1,316088587,-0.09314451124554612,7.857069479850962e-05,0.0561373233795166,-0.09336065934086922,7.47855365160472e-05,0.05987429618835449,ok
n,7040,7040,1000,0.6,standard_t,0.1,783200138,0.03175580688707445,2.3032283986157017e-07,0.05499887466430664,0.030252172865153554,3.9344850429406775e-06,0.06066608428955078,ok
n,7040,7040,1000,0.6,standard_t,0.1,2132000252,0.03339334320067213,5.880579823074367e-05,0.06099891662597656,0.03754473053655642,1.2370038370721533e-05,0.05510854721069336,ok
n,7040,7040,1000,0.6,standard_t,0.1,384316860,0.4344421176382781,0.009606389126835337,0.03821849822998047,0.5213631438737633,0.00012301388403016244,0.04167938232421875,ok
n,7040,7040,1000,0.6,standard_t,0.1,4279644526,0.045416449367386584,0.00036769769917032456,0.033651113510131836,0.060398784558336756,1.7582171668726708e-05,0.045554161071777344,ok
n,7040,7040,1000,0.6,standard_t,0.1,2546740465,-0.03672400814700858,0.0009102638228868312,0.05024003982543945,-0.0683508109310617,2.1205883998567823e-06,0.0418241024017334,ok
n,7040,7040,1000,0.6,standard_t,0.1,3327421938,-0.4762225337794314,0.007539523863295945,0.04791569709777832,-0.5337979447575433,0.0008558562354460844,0.05533099174499512,ok
n,7040,7040,1000,0.6,standard_t,0.1,2552346084,-0.06447093469112318,0.0003664660439877072,0.05117607116699219,-0.07839937361269429,2.7194805786822724e-05,0.04983377456665039,ok
n,7040,7040,1000,0.6,standard_t,0.1,610180238,-0.03947385949587563,5.870593486955351e-05,0.039092063903808594,-0.03758207814481758,3.32951904519123e-05,0.05972862243652344,ok
n,7040,7040,1000,0.6,standard_t,0.1,2909289209,0.10864936059506701,0.0008900160521159969,0.05319476127624512,0.13250218459486324,3.576414134633933e-05,0.06638860702514648,ok
n,7040,7040,1000,0.6,standard_t,0.1,1551034745,-0.0137506869387493,0.00011078401088010593,0.05167889595031738,-0.006083015255271552,8.166601823796025e-06,0.06181645393371582,ok
n,7040,7040,1000,0.6,standard_t,0.1,1262367782,-0.09824999534960774,0.0010385414215405271,0.04619169235229492,-0.1335234038849477,9.284207633387486e-06,0.04311871528625488,ok
n,7040,7040,1000,0.6,standard_t,0.1,1781338105,-0.3755012487023416,0.009117994244160231,0.05351543426513672,-0.4525439874657648,0.00034023463552347133,0.04820132255554199,ok
n,7040,7040,1000,0.6,standard_t,0.1,1762075334,0.1578091950526657,0.0006258186977637002,0.04833626747131348,0.1782886217439149,2.0583841853025905e-05,0.05940699577331543,ok
n,7040,7040,1000,0.6,standard_t,0.1,81623018,0.022533004585115476,0.000873076202520962,0.04713320732116699,0.0420657472064037,0.00010030263438814976,0.05345439910888672,ok
n,7040,7040,1000,0.6,standard_t,0.1,3144770083,-0.1469921999989793,0.0012723115871345596,0.050821542739868164,-0.17918196775495618,1.2108376196714688e-05,0.038095712661743164,ok
n,7040,7040,1000,0.6,standard_t,0.1,2652987808,0.2542975132250426,0.004171064781074186,0.050127506256103516,0.3015750071227814,0.0002995075767007475,0.050965309143066406,ok
n,7040,7040,1000,0.6,standard_t,0.1,794145471,-0.24388128166590953,0.0034390663731535273,0.05147719383239746,-0.3011346680398357,1.932564781742991e-06,0.06299734115600586,ok
n,7040,7040,1000,0.6,standard_t,0.1,2385111280,0.05687643194175662,0.00012062762477542383,0.044675350189208984,0.07390643191113487,3.656547318661486e-05,0.056160688400268555,ok
n,7040,7040,1000,0.6,standard_t,0.1,3291900336,-0.036937552935031794,0.00020774265223126037,0.05635380744934082,-0.052250215018289456,8.088873908240141e-07,0.055711984634399414,ok
n,7040,7040,1000,0.6,standard_t,0.1,355925020,0.3020360833725775,0.005569409771218892,0.04441213607788086,0.35802383401769317,0.0003474767269653723,0.062591552734375,ok
n,7040,7040,1000,0.6,standard_t,0.1,1007521043,0.3563043845571538,0.008269999665169335,0.056130170822143555,0.43131621424716726,0.00025369190838696093,0.05275130271911621,ok
n,7040,7040,1000,0.6,standard_t,0.1,1308034584,-0.05003264122489613,3.183301360640503e-05,0.03776097297668457,-0.052120230982018935,1.2634367421310344e-05,0.059256553649902344,ok
n,7040,7040,1000,0.6,standard_t,0.1,1292212573,0.1827313027722587,0.002349232596238235,0.056064605712890625,0.22886044794533064,5.474371987057584e-06,0.05315661430358887,ok
n,7040,7040,1000,0.6,standard_t,0.1,323678775,0.10811523242527354,0.0016928851864165585,0.0492250919342041,0.13804274257090046,0.00012582503425097349,0.04675889015197754,ok
n,7040,7040,1000,0.6,standard_t,0.1,2168168455,-0.3690675329946734,0.00499137017883391,0.039476871490478516,-0.42279919556483886,0.0002862176123058695,0.05866813659667969,ok
n,7040,7040,1000,0.6,standard_t,0.1,1973125613,0.47137322558105477,0.009601735263607882,0.05224251747131348,0.5391219590784612,0.0009144401240133839,0.05131673812866211,ok
n,7040,7040,1000,0.6,standard_t,0.1,2646630561,0.1477751556278418,0.0005354016245953581,0.050631046295166016,0.16311887555255153,6.0762451101730804e-05,0.05752444267272949,ok
n,7040,7040,1000,0.6,standard_t,0.1,486611800,-0.10152980144350683,0.000681200382213482,0.04691433906555176,-0.12345848383191778,1.739835352488115e-05,0.05698585510253906,ok
n,7040,7040,1000,0.6,standard_t,0.1,3799030368,0.07588747961532163,0.0012580814343303047,0.053124427795410156,0.11171306070563593,1.268338614352155e-07,0.049967050552368164,ok
n,7040,7040,1000,0.6,standard_t,0.1,1860341684,-0.16376687449710006,0.0004925370782346793,0.047974348068237305,-0.18489886216019008,1.1261215120659752e-06,0.05576610565185547,ok
n,7040,7040,1000,0.6,standard_t,0.1,1083363903,0.00855410452737541,3.040536320891452e-05,0.033387184143066406,0.016175901452270536,4.442361711566262e-06,0.054802894592285156,ok
n,7040,7040,1000,0.6,standard_t,0.1,3042432617,-0.12147082267035138,5.081134263632267e-07,0.04708719253540039,-0.1208782338280529,1.7040942123319303e-06,0.05211186408996582,ok
n,7040,7040,1000,0.6,standard_t,0.1,2445822241,0.09523769462061793,0.00014773277146187488,0.043758392333984375,0.10310151008645109,1.8410291911247478e-05,0.038002967834472656,ok
n,7040,7040,1000,0.6,standard_t,0.1,1114122542,0.3089990612418973,0.004262264976399505,0.05021238327026367,0.3606120841595586,0.0001869509683720349,0.06168627738952637,ok
n,7040,7040,1000,0.6,standard_t,0.1,257609021,-0.2418469180262794,0.0033883446216204493,0.05140042304992676,-0.29493385197487665,2.6240571308857342e-05,0.05745267868041992,ok
n,7040,7040,1000,0.6,standard_t,0.1,3675304712,-0.4698316271705851,0.016757141871100265,0.056795597076416016,-0.5666414755976522,0.0010653389932411576,0.06343865394592285,ok
n,7040,7040,1000,0.6,standard_t,0.1,218545861,0.05687925558185209,8.02533914359342e-06,0.050908803939819336,0.05568943634808813,1.6182293795400794e-05,0.04076743125915527,ok
n,7040,7040,1000,0.6,standard_t,0.1,47315238,0.30663968148509874,0.002329620032103899,0.037941932678222656,0.3421025855712973,0.00016392278662682728,0.03970503807067871,ok
n,7040,7040,1000,0.6,standard_t,0.1,405568960,0.30865414079837367,0.0026816282415778486,0.04139256477355957,0.34558865920545145,0.00022052017575052967,0.05006289482116699,ok
n,7040,7040,1000,0.6,standard_t,0.1,2077636716,0.2158689027894808,0.0018258123762585348,0.0373835563659668,0.25750356080724995,1.1987354904352556e-06,0.057003021240234375,ok
n,7040,7040,1000,0.6,standard_t,0.1,3491851556,-0.19311096952875098,0.0023202936914465504,0.0481867790222168,-0.23965059490752125,2.6562531194641713e-06,0.04205036163330078,ok
n,7040,7040,1000,0.6,standard_t,0.1,2386045776,-0.17822414810311216,0.0023401408136101928,0.05795431137084961,-0.22309197586216944,1.230027080182213e-05,0.05462837219238281,ok
n,7040,7040,1000,0.6,standard_t,0.1,747088105,-0.06513133984491547,0.0007088940795823427,0.05827522277832031,-0.08529958358694983,4.169053913932456e-05,0.0535128116607666,ok
n,7040,7040,1000,0.6,standard_t,0.1,1566607104,-0.3114435927971702,0.0023684185490597297,0.05047440528869629,-0.3411943384486405,0.0003578020027926116,0.05292510986328125,ok
n,7040,7040,1000,0.6,standard_t,0.1,2822830091,-0.0015137179642444971,2.274698863641648e-05,0.04167294502258301,0.0007643169313929117,6.206802023290357e-06,0.05595803260803223,ok
n,7040,7040,1000,0.6,standard_t,0.1,4053985930,-0.21360637084262976,0.0020386252817809415,0.04658079147338867,-0.23401921836964737,0.000611983025982807,0.06055426597595215,ok
n,7040,7040,1000,0.6,standard_t,0.1,693211193,-0.11748875752746625,0.0006672529907128226,0.053682565689086914,-0.1381289873203802,2.69465931546179e-05,0.04599785804748535,ok
n,7040,7040,1000,0.6,standard_t,0.1,2976612033,0.07016087739251292,0.00039883122887786137,0.03523540496826172,0.09024834413601099,1.3620616502117945e-08,0.040959835052490234,ok
n,7040,7040,1000,0.6,standard_t,0.1,141577416,0.027907758286372854,0.0001267612806200742,0.03947901725769043,0.041163296148720434,3.9868373837387596e-06,0.05611014366149902,ok
n,8040,8040,1000,0.6,standard_t,0.1,1299537539,0.10517938730696237,0.0003158639388639033,0.053224802017211914,0.1197733716966907,1.0103351836542048e-05,0.07132196426391602,ok
n,8040,8040,1000,0.6,standard_t,0.1,292484253,-0.24510711861601156,0.002106253780026346,0.0489346981048584,-0.2751570046649212,0.0002510340633164084,0.0667731761932373,ok
n,8040,8040,1000,0.6,standard_t,0.1,2244544455,0.11765018134730544,0.0006210462435654467,0.06479263305664062,0.14310363338428694,2.8371881393439596e-07,0.04433178901672363,ok
n,8040,8040,1000,0.6,standard_t,0.1,700997805,-0.3542534366270479,0.0038807558233918387,0.055808305740356445,-0.3987169715720647,0.00031798656422696276,0.04892301559448242,ok
n,8040,8040,1000,0.6,standard_t,0.1,1198973423,0.024910314351199853,2.699692925065014e-05,0.05171465873718262,0.01689364084314432,7.957006159638065e-06,0.05229043960571289,ok
n,8040,8040,1000,0.6,standard_t,0.1,2646006507,0.45670626934619274,0.011236922599011887,0.06075334548950195,0.5285882268757707,0.00116433779025483,0.06340837478637695,ok
n,8040,8040,1000,0.6,standard_t,0.1,3689525694,-0.45473644372481975,0.01425510580859735,0.07784605026245117,-0.550253118166319,0.0005701623885882429,0.07757997512817383,ok
n,8040,8040,1000,0.6,standard_t,0.1,402868865,0.14723452553645133,0.00011099812242772896,0.07570600509643555,0.15377265195832512,1.5979512362414967e-05,0.07588005065917969,ok
n,8040,8040,1000,0.6,standard_t,0.1,825153116,0.45793107927680804,0.010895001018933516,0.05234932899475098,0.533148251354566,0.0008504192979669915,0.0782773494720459,ok
n,8040,8040,1000,0.6,standard_t,0.1,387289652,0.17173536450364071,0.0004708249523402254,0.06297850608825684,0.18989665775889986,1.2511839720558905e-05,0.06531906127929688,ok
n,8040,8040,1000,0.6,standard_t,0.1,2072859852,-0.33250407351459976,0.005348185898829038,0.05900931358337402,-0.4019592547320659,1.3513791955265575e-05,0.06951212882995605,ok
n,8040,8040,1000,0.6,standard_t,0.1,2451855548,-0.27004306140820855,0.004050596583854592,0.04906725883483887,-0.32381730641107553,9.741793313034152e-05,0.06120133399963379,ok
n,8040,8040,1000,0.6,standard_t,0.1,416750430,-0.23406691304958574,0.002940797088630408,0.0644686222076416,-0.2825245599103121,3.330986310184103e-05,0.0738670825958252,ok
n,8040,8040,1000,0.6,standard_t,0.1,144617178,-0.27790722057905165,0.004877996531433772,0.05310845375061035,-0.34561164131562355,4.572048030342649e-06,0.06659865379333496,ok
n,8040,8040,1000,0.6,standard_t,0.1,602143314,0.2809588359064454,0.0031209715305850956,0.05035042762756348,0.3175984211569898,0.0003696417999991136,0.06927680969238281,ok
n,8040,8040,1000,0.6,standard_t,0.1,3383657820,-0.15371741075017395,0.0011538474265032855,0.04983639717102051,-0.19007959735559724,5.730550609122609e-06,0.04605841636657715,ok
n,8040,8040,1000,0.6,standard_t,0.1,2388021675,0.2527583467050993,0.0014707233246048152,0.06078195571899414,0.2807398865359579,0.00010750518922262879,0.08150601387023926,ok
n,8040,8040,1000,0.6,standard_t,0.1,592142153,0.2765022167935668,0.003844877120317582,0.0657804012298584,0.3235494894503889,0.0002237956307204436,0.08393216133117676,ok
n,8040,8040,1000,0.6,standard_t,0.1,2581486151,0.011479434077666694,1.346148455702741e-05,0.05370664596557617,0.015332701927740073,5.6584356883000026e-05,0.08999776840209961,ok
n,8040,8040,1000,0.6,standard_t,0.1,3574014583,-0.2861709176529323,0.0021517135268614815,0.07529830932617188,-0.31626493371909503,0.0002654471909294204,0.05480480194091797,ok
n,8040,8040,1000,0.6,standard_t,0.1,677708735,0.53462038719547,0.021359717771029,0.06862854957580566,0.6413300462468078,0.0015555122318639668,0.06575322151184082,ok
n,8040,8040,1000,0.6,standard_t,0.1,1738508688,0.10691526248189208,5.792399558929043e-05,0.06867074966430664,0.09927790804250015,0.00023250565072518726,0.04715895652770996,ok
n,8040,8040,1000,0.6,standard_t,0.1,3681152078,-0.23096757578677488,0.0021685559379685934,0.05662727355957031,-0.2704362147962737,5.0397468004443574e-05,0.06822371482849121,ok
n,8040,8040,1000,0.6,standard_t,0.1,3932955265,-0.2477486998083344,0.0018763672907144084,0.06520915031433105,-0.281801024581842,8.583523404938418e-05,0.05982065200805664,ok
n,8040,8040,1000,0.6,standard_t,0.1,4130983892,0.08011341486434648,2.6169388622723933e-05,0.05174374580383301,0.07729046442440915,5.256253327210005e-06,0.06770753860473633,ok
n,8040,8040,1000,0.6,standard_t,0.1,3365433654,-0.12452848554323905,0.00025178991332884223,0.06136775016784668,-0.13610954678539267,1.837689547071392e-05,0.06898665428161621,ok
n,8040,8040,1000,0.6,standard_t,0.1,2315641142,-0.07014435213892037,6.51293172625152e-05,0.05611062049865723,-0.07595783134865794,5.093121278885837e-06,0.0682523250579834,ok
n,8040,8040,1000,0.6,standard_t,0.1,3032117763,0.10039673604207378,0.0008540142174886091,0.05737495422363281,0.1284174573111692,1.4467287505663124e-06,0.05258297920227051,ok
n,8040,8040,1000,0.6,standard_t,0.1,2618635675,-0.0879717572498368,6.744055099044511e-05,0.04073452949523926,-0.0928721956624595,1.0967894726553795e-05,0.06786847114562988,ok
n,8040,8040,1000,0.6,standard_t,0.1,2337308173,0.1365132077460377,0.00026194673677157045,0.055388450622558594,0.1515233609791811,1.3797214150784287e-06,0.06458210945129395,ok
n,8040,8040,1000,0.6,standard_t,0.1,3679740235,0.21812260761312183,0.0019009674478391804,0.0406947135925293,0.2507563228047851,0.00012026127578571561,0.06139993667602539,ok
n,8040,8040,1000,0.6,standard_t,0.1,337406568,0.1160024577464172,0.0010321554654804355,0.047130584716796875,0.1381760801780781,9.907323723381852e-05,0.06392979621887207,ok
n,8040,8040,1000,0.6,standard_t,0.1,3424457933,0.04137664575099939,4.665259694087905e-06,0.06187868118286133,0.03584682742295393,1.1356206491538465e-05,0.06552600860595703,ok
n,8040,8040,1000,0.6,standard_t,0.1,4158472018,-0.1647162782089887,0.0014945525902277219,0.05244159698486328,-0.20474985776732266,1.8882492493077927e-06,0.051657915115356445,ok
n,8040,8040,1000,0.6,standard_t,0.1,4039339415,-0.26889719662837097,0.0076426836042474515,0.05075502395629883,-0.3389255183026487,0.0003025554694594658,0.07096743583679199,ok
n,8040,8040,1000,0.6,standard_t,0.1,2072362620,0.004420296100141104,9.920642001564901e-07,0.048130035400390625,0.011001390376296216,5.7412724349739334e-05,0.061452627182006836,ok
n,8040,8040,1000,0.6,standard_t,0.1,1294388276,-0.1835356863146438,0.0009036650078329109,0.057301998138427734,-0.20519890435280055,7.052310136610613e-05,0.06854677200317383,ok
n,8040,8040,1000,0.6,standard_t,0.1,1949284224,0.10089819474049824,0.00047189121774292503,0.054388999938964844,0.11634329366197817,3.941276119546085e-05,0.06295418739318848,ok
n,8040,8040,1000,0.6,standard_t,0.1,2099156396,0.1927227439571429,0.0010673848078577288,0.05144143104553223,0.21550333871484137,9.781726020131854e-05,0.0574188232421875,ok
n,8040,8040,1000,0.6,standard_t,0.1,911242799,0.24178456107845564,0.0027077570932186267,0.049636125564575195,0.2884257775072549,2.910491285720857e-05,0.06451821327209473,ok
n,8040,8040,1000,0.6,standard_t,0.1,3756464819,0.024998065531866235,7.096094478638052e-05,0.09036803245544434,0.02934940609146909,1.6585186156060515e-05,0.07991242408752441,ok
n,8040,8040,1000,0.6,standard_t,0.1,3296186110,-0.08877471775019138,0.0005741853393290887,0.060875654220581055,-0.11425279466438946,2.2979897007646223e-06,0.06258177757263184,ok
n,8040,8040,1000,0.6,standard_t,0.1,3284619634,0.16228380918085866,0.002601034882756692,0.0522770881652832,0.21425290564626384,9.384852400809223e-07,0.060225725173950195,ok
n,8040,8040,1000,0.6,standard_t,0.1,4161884342,0.15136799096725567,0.001154506683452955,0.06009650230407715,0.19205218236539184,4.497256896666769e-05,0.045196533203125,ok
n,8040,8040,1000,0.6,standard_t,0.1,2580794063,0.04469727796117959,1.3973968083567833e-05,0.051195621490478516,0.046507242631008965,3.7180032029982006e-06,0.052367448806762695,ok
n,8040,8040,1000,0.6,standard_t,0.1,1644991604,-0.1785123102415291,0.0033854107958169767,0.05545973777770996,-0.2277142744159868,8.068205265585961e-05,0.05514717102050781,ok
n,8040,8040,1000,0.6,standard_t,0.1,177536276,-0.1213818727426497,2.882781501381457e-05,0.04942464828491211,-0.11761573148234251,8.345362006824535e-05,0.05908393859863281,ok
n,8040,8040,1000,0.6,standard_t,0.1,2557155077,-0.6012477388175972,0.04090861586930054,0.04463005065917969,-0.729006849842877,0.005550201333800007,0.04746222496032715,ok
n,8040,8040,1000,0.6,standard_t,0.1,3989185666,0.06986756682903005,7.27956634003961e-05,0.05446314811706543,0.07838259571156973,2.8929206914831805e-10,0.06010103225708008,ok
n,8040,8040,1000,0.6,standard_t,0.1,1891608276,0.14840410845236884,0.0013000277971713082,0.050104379653930664,0.18435732034655025,1.0544483561544498e-08,0.051424264907836914,ok
n,9040,9040,1000,0.6,standard_t,0.1,731682681,0.3164286982301284,0.005229417055002075,0.06464052200317383,0.3734729938520843,0.0002331855072618054,0.07813453674316406,ok
n,9040,9040,1000,0.6,standard_t,0.1,3668784928,-0.053047901492306676,0.00013751419227248744,0.04977154731750488,-0.04248019960938601,1.3431480927728338e-06,0.07658672332763672,ok
n,9040,9040,1000,0.6,standard_t,0.1,68160041,-0.04705944980430569,6.0306344150782235e-05,0.04433441162109375,-0.0317046420982124,5.759431374622001e-05,0.06266903877258301,ok
n,9040,9040,1000,0.6,standard_t,0.1,4049208799,0.08432750455671068,0.0007753827360684422,0.05359339714050293,0.10461278464949975,5.715987520785994e-05,0.0563352108001709,ok
n,9040,9040,1000,0.6,standard_t,0.1,195428936,-0.08393830272311786,0.0008924578348443297,0.05790972709655762,-0.10912685907339817,2.1953689421109514e-05,0.0591893196105957,ok
n,9040,9040,1000,0.6,standard_t,0.1,1653229771,-0.024196846498013614,6.204072065587975e-05,0.0648195743560791,-0.019644643698180073,1.10515716245563e-05,0.07197833061218262,ok
n,9040,9040,1000,0.6,standard_t,0.1,3835752925,0.34934547593154947,0.003845051862182899,0.05438351631164551,0.40687108695039126,2.0096133841436583e-05,0.062713623046875,ok
n,9040,9040,1000,0.6,standard_t,0.1,348997891,0.2684002478435754,0.0034081274043854504,0.05674409866333008,0.30764752677592666,0.0003660292278033791,0.05469250679016113,ok
n,9040,9040,1000,0.6,standard_t,0.1,1864751005,0.033779659589405826,0.00038039326791014413,0.06484842300415039,0.04661066045748696,4.452455591837726e-05,0.06279993057250977,ok
n,9040,9040,1000,0.6,standard_t,0.1,891381198,0.07910746825042574,5.2936408496157395e-05,0.06385231018066406,0.08470333086618405,2.821991708410088e-06,0.07467532157897949,ok
n,9040,9040,1000,0.6,standard_t,0.1,3872694805,-0.3705724187952851,0.008134308953746111,0.06889176368713379,-0.4409831836431578,0.00039123412061596347,0.06165766716003418,ok
n,9040,9040,1000,0.6,standard_t,0.1,3816716879,0.3447080560850116,0.005910149330876396,0.05478096008300781,0.4037470345684642,0.00031821269318382063,0.05511331558227539,ok
n,9040,9040,1000,0.6,standard_t,0.1,4275389826,0.12904722902753596,0.0003033824688633322,0.06099677085876465,0.14853075235898552,4.266891247228185e-06,0.06436681747436523,ok
n,9040,9040,1000,0.6,standard_t,0.1,3959675334,0.1943518839456469,0.0008007736104384692,0.0528409481048584,0.20547177511816117,0.00029508548426034325,0.06503605842590332,ok
n,9040,9040,1000,0.6,standard_t,0.1,2509293977,0.10074708637041721,0.0011428006740225078,0.07024908065795898,0.12968149316706884,2.3725941498816796e-05,0.07025957107543945,ok
n,9040,9040,1000,0.6,standard_t,0.1,3894894854,-0.051015594371588834,0.0004638741040762426,0.06392693519592285,-0.06462117399210754,6.291911663984288e-05,0.07009673118591309,ok
n,9040,9040,1000,0.6,standard_t,0.1,3880290940,0.09769218610290702,0.0008149683183453386,0.0670320987701416,0.12562064576925322,3.8339662206829683e-07,0.07007217407226562,ok
n,9040,9040,1000,0.6,standard_t,0.1,440163363,-0.01434089694794554,2.6578870506549693e-06,0.07407975196838379,-0.01481561265142839,4.4311026817528815e-06,0.0833444595336914,ok
n,9040,9040,1000,0.6,standard_t,0.1,508729448,0.1440505487647874,0.0007693087716400962,0.05798459053039551,0.15881335656570986,0.00016831450928923532,0.0688331127166748,ok
n,9040,9040,1000,0.6,standard_t,0.1,1679235767,-0.10968406078069178,0.0018546153522076662,0.06497073173522949,-0.1450616607024282,5.90998913652721e-05,0.06266379356384277,ok
n,9040,9040,1000,0.6,standard_t,0.1,2492571066,-0.0793934401042145,1.4443650359019541e-05,0.0645897388458252,-0.0663352950785352,8.570435654253918e-05,0.07611346244812012,ok
n,9040,9040,1000,0.6,standard_t,0.1,436501957,-0.19779638560786028,0.001242340908835207,0.06282687187194824,-0.23405306705558088,1.0197459751292748e-06,0.06020164489746094,ok
n,9040,9040,1000,0.6,standard_t,0.1,1786053875,-0.07232948240482698,0.001352384005451505,0.05890822410583496,-0.1059001077472644,1.0266568855045725e-05,0.06670737266540527,ok
n,9040,9040,1000,0.6,standard_t,0.1,2880590537,-0.05323084591607449,5.1774144819659536e-05,0.053835391998291016,-0.07228594705660091,0.0001406519117481695,0.07030034065246582,ok
n,9040,9040,1000,0.6,standard_t,0.1,3177572194,0.3498873720966266,0.00558784731772408,0.06580710411071777,0.3983395035422534,0.0006916780948499059,0.07105517387390137,ok
n,9040,9040,1000,0.6,standard_t,0.1,724993673,0.4842654896356928,0.01379350670525081,0.06873464584350586,0.5735687147680238,0.0007920023079017441,0.059546470642089844,ok
n,9040,9040,1000,0.6,standard_t,0.1,2226816222,0.16995220306396658,0.001293711609089639,0.06692147254943848,0.20394631634769972,3.897029222172167e-06,0.06287097930908203,ok
n,9040,9040,1000,0.6,standard_t,0.1,1752380818,0.2923479596023367,0.0030196797947676275,0.07051491737365723,0.3352905891706744,0.00014421568819010858,0.06632637977600098,ok
n,9040,9040,1000,0.6,standard_t,0.1,2249456830,-0.05355325014142387,6.421627495381402e-06,0.05756044387817383,-0.05823603772407342,4.616888271524327e-06,0.0705258846282959,ok
n,9040,9040,1000,0.6,standard_t,0.1,398544342,0.11469429979415184,0.0018301134261332855,0.062253713607788086,0.1521637838351801,2.8199720989144583e-05,0.09638738632202148,ok
n,9040,9040,1000,0.6,standard_t,0.1,1313426725,-0.23230825772090416,0.0020160826107755107,0.06691670417785645,-0.26731358093597996,9.792063052758542e-05,0.07821798324584961,ok
n,9040,9040,1000,0.6,standard_t,0.1,4178908020,0.16747043301698755,0.0004591592185088398,0.06292891502380371,0.17859765496813068,0.00010610604500075627,0.05820751190185547,ok
n,9040,9040,1000,0.6,standard_t,0.1,2148333446,0.19104486016828173,0.0019454124299647909,0.06389188766479492,0.22350973707438895,0.00013553506585295207,0.08443951606750488,ok
n,9040,9040,1000,0.6,standard_t,0.1,243897745,0.006218296493446111,1.68098977965696e-05,0.05488991737365723,0.004360157127023899,5.025883216103221e-06,0.07496833801269531,ok
n,9040,9040,1000,0.6,standard_t,0.1,1982109810,0.023574587353366382,9.372116772926645e-05,0.06741547584533691,0.026295822969882542,4.84378937658149e-05,0.06511092185974121,ok
n,9040,9040,1000,0.6,standard_t,0.1,1264806741,0.18936903007468925,0.0011961448646855997,0.06470155715942383,0.20723085496768776,0.00027967553287181385,0.07259917259216309,ok
n,9040,9040,1000,0.6,standard_t,0.1,2234843385,-0.2716843500216586,0.0033479524865751885,0.05378150939941406,-0.31197438348117273,0.00030875622511987547,0.07734370231628418,ok
n,9040,9040,1000,0.6,standard_t,0.1,784987714,-0.06247513989197708,0.0001321483784711758,0.05893588066101074,-0.04124307552933054,9.479911170675459e-05,0.06524109840393066,ok
n,9040,9040,1000,0.6,standard_t,0.1,253820438,0.27710998302409573,0.004176122306965508,0.05182695388793945,0.3327188735436892,8.125279967735611e-05,0.06771111488342285,ok
n,9040,9040,1000,0.6,standard_t,0.1,2243520159,0.10152895996461028,0.0012704070123330305,0.05924654006958008,0.12809244343504333,8.243343345735886e-05,0.06938791275024414,ok
n,9040,9040,1000,0.6,standard_t,0.1,471244397,-0.2039754892480841,0.0028660233310005946,0.06661152839660645,-0.25091135598682196,4.3551901148887374e-05,0.0774073600769043,ok
n,9040,9040,1000,0.6,standard_t,0.1,4249645313,0.3753660691367273,0.005842715883113487,0.0652930736541748,0.4336243766585564,0.000330488860530174,0.0803384780883789,ok
n,9040,9040,1000,0.6,standard_t,0.1,1605649521,-0.02339998539039061,6.048227433199161e-06,0.06603026390075684,-0.03233896481402855,4.1986058515161304e-05,0.06675505638122559,ok
n,9040,9040,1000,0.6,standard_t,0.1,2431031588,0.46144057728415677,0.017663582036803106,0.054982662200927734,0.5627974177477715,0.0009952491055207032,0.06609487533569336,ok
n,9040,9040,1000,0.6,standard_t,0.1,3625143144,-0.005389287673703652,2.3161280248753837e-07,0.05369281768798828,-0.0001961105007042322,2.220214763420716e-05,0.06482458114624023,ok
n,9040,9040,1000,0.6,standard_t,0.1,1467973937,-0.22381580572708343,0.002090211252371943,0.056484222412109375,-0.2592186689957963,0.00010641913255173153,0.06658506393432617,ok
n,9040,9040,1000,0.6,standard_t,0.1,2907402838,-0.3484701715887509,0.004269719641591144,0.052310943603515625,-0.3954094981355265,0.00033869857425876626,0.0689852237701416,ok
n,9040,9040,1000,0.6,standard_t,0.1,1844424547,-0.4047803007423433,0.009441082719074257,0.06249547004699707,-0.4783829819303052,0.0005551939000639585,0.05970597267150879,ok
n,9040,9040,1000,0.6,standard_t,0.1,2492180858,0.245802008042109,0.004145587470494753,0.06271958351135254,0.3022600088463677,6.285692369279953e-05,0.07112312316894531,ok
n,9040,9040,1000,0.6,standard_t,0.1,2727782583,0.1691178037046749,0.0005525090819338216,0.044589996337890625,0.188174541144578,1.979159273053185e-05,0.05295372009277344,ok
n,10040,10040,1000,0.6,standard_t,0.1,1782322949,0.3538291956147475,0.006033119974572955,0.06045389175415039,0.41808898700109587,0.00017991849040912782,0.08426165580749512,ok
n,10040,10040,1000,0.6,standard_t,0.1,3267313666,-0.4832558062502701,0.016198987492148827,0.06450271606445312,-0.5648112135365692,0.002090303381797202,0.06142687797546387,ok
n,10040,10040,1000,0.6,standard_t,0.1,3201122094,0.20183756141719852,0.0034347350148128666,0.059610605239868164,0.24363499952015016,0.000282548339920152,0.0774996280670166,ok
n,10040,10040,1000,0.6,standard_t,0.1,2936368754,-0.2657262678163518,0.003051153521458591,0.06392621994018555,-0.30780368413014303,0.00017318115925154788,0.06291818618774414,ok
n,10040,10040,1000,0.6,standard_t,0.1,1804903420,-0.09399201310931553,0.0008458906539251969,0.06694412231445312,-0.11459114091896927,7.199643965589252e-05,0.06437349319458008,ok
n,10040,10040,1000,0.6,standard_t,0.1,360414428,0.029335507621107457,0.00023157631934443647,0.0710136890411377,0.033714838568415485,0.00011746876661562156,0.0915677547454834,ok
n,10040,10040,1000,0.6,standard_t,0.1,2034401684,0.26176225006484183,0.0024386050351668594,0.06876111030578613,0.2998284421479935,0.00012805280474088767,0.08431863784790039,ok
n,10040,10040,1000,0.6,standard_t,0.1,2838118950,-0.16580284944740545,0.0012275150302703819,0.07580232620239258,-0.19168316956119172,8.382483681131935e-05,0.07604289054870605,ok
n,10040,10040,1000,0.6,standard_t,0.1,3219066722,0.14260112667570307,0.0002850835262915693,0.06672787666320801,0.15215169185574834,5.378537767905477e-05,0.06713032722473145,ok
n,10040,10040,1000,0.6,standard_t,0.1,4136975193,0.148734403789433,0.0006869255733288742,0.0726463794708252,0.16935752164788276,3.120504020433526e-05,0.0722043514251709,ok
n,10040,10040,1000,0.6,standard_t,0.1,2852803971,-0.17412582382984138,0.00020727987020908537,0.056139469146728516,-0.18502740319105423,1.221948562507786e-05,0.06344151496887207,ok
n,10040,10040,1000,0.6,standard_t,0.1,840590188,-0.5801178395324239,0.027543310229945907,0.06427383422851562,-0.6959341141566325,0.002514571047434509,0.07601141929626465,ok
n,10040,10040,1000,0.6,standard_t,0.1,379094718,0.4654025137101217,0.01128683008571883,0.06350994110107422,0.5431468779974309,0.0008119724174350179,0.06442070007324219,ok
n,10040,10040,1000,0.6,standard_t,0.1,2486570497,-0.03795846149605691,1.6305486345879094e-05,0.06289219856262207,-0.04906792941177905,5.000558432577712e-05,0.07880520820617676,ok
n,10040,10040,1000,0.6,standard_t,0.1,939424304,0.09068730990641,0.00038204649413081486,0.07095980644226074,0.1090981951580518,1.28850745160402e-06,0.07221102714538574,ok
n,10040,10040,1000,0.6,standard_t,0.1,1945567774,-0.03469702948694748,1.6383731848582782e-05,0.06567215919494629,-0.03167141954190076,5.0031462916208786e-05,0.07708406448364258,ok
n,10040,10040,1000,0.6,standard_t,0.1,1629979154,0.3276684604479353,0.005003255996117775,0.06814837455749512,0.3833282833530814,0.00022722170256754928,0.07817482948303223,ok
n,10040,10040,1000,0.6,standard_t,0.1,3261229062,-0.44253636159822035,0.010386048709231073,0.0662834644317627,-0.5212573570479092,0.0005378210912276797,0.08485960960388184,ok
n,10040,10040,1000,0.6,standard_t,0.1,3810380059,-0.4200819965024479,0.011518180208840356,0.060123443603515625,-0.5011594872888454,0.0006888154753731274,0.07362604141235352,ok
n,10040,10040,1000,0.6,standard_t,0.1,315551706,0.09721470996725809,0.0005349593553875177,0.08988428115844727,0.1172091494920822,9.82665042161893e-06,0.08344531059265137,ok
n,10040,10040,1000,0.6,standard_t,0.1,1661335758,-0.09908160776027944,0.00014869932812118728,0.06992244720458984,-0.11104703097290088,5.235410011278128e-08,0.06730008125305176,ok
n,10040,10040,1000,0.6,standard_t,0.1,705137838,0.20327173436636614,0.0028190805566017346,0.07392597198486328,0.25249336976376674,1.5003065077642689e-05,0.07177591323852539,ok
n,10040,10040,1000,0.6,standard_t,0.1,2238733422,-0.3760145668172714,0.008836243828291833,0.07703661918640137,-0.4565964538728586,0.00018008056191565756,0.07848858833312988,ok
n,10040,10040,1000,0.6,standard_t,0.1,4226428896,-0.5712660309115416,0.025692803926919434,0.08242368698120117,-0.6788394530163709,0.0027790112174954154,0.0684061050415039,ok
n,10040,10040,1000,0.6,standard_t,0.1,4019671904,-0.22454379608257083,0.002087023535942158,0.07913422584533691,-0.266032378766748,1.7601129720854436e-05,0.07432389259338379,ok
n,10040,10040,1000,0.6,standard_t,0.1,1183892242,-0.2951847995871946,0.0016892109462417137,0.06639313697814941,-0.31814272197940385,0.0003291353976106471,0.07699394226074219,ok
n,10040,10040,1000,0.6,standard_t,0.1,955760583,-0.17310120031538057,0.00228480780440122,0.06667733192443848,-0.22027555313612254,3.910131013829475e-07,0.07893776893615723,ok
n,10040,10040,1000,0.6,standard_t,0.1,913592208,-0.088285948491534,0.0002998668242378119,0.07223868370056152,-0.0978110589751203,6.0708293667671536e-05,0.07771825790405273,ok
n,10040,10040,1000,0.6,standard_t,0.1,230892138,0.2634836419720032,0.0024144016331167774,0.06796455383300781,0.30487175058757726,6.003851533299331e-05,0.07683873176574707,ok
n,10040,10040,1000,0.6,standard_t,0.1,1850721787,0.3155574412350109,0.0031355299412072803,0.0690312385559082,0.3539356474613752,0.0003103797121747191,0.08430099487304688,ok
n,10040,10040,1000,0.6,standard_t,0.1,2136136033,-0.18534249778712103,0.0038434475780413316,0.0713338851928711,-0.23593235620149577,0.0001300896824777897,0.09237790107727051,ok
n,10040,10040,1000,0.6,standard_t,0.1,3288771273,0.13965077847692955,0.0004911356509910419,0.06403303146362305,0.16125814631434152,3.0715169370519193e-07,0.07986617088317871,ok
n,10040,10040,1000,0.6,standard_t,0.1,2093097233,0.24715549415289678,0.0025500589026080118,0.06668853759765625,0.2841629030137438,0.00018199896086634295,0.07792830467224121,ok
n,10040,10040,1000,0.6,standard_t,0.1,1062107271,0.01123851749539886,1.949729634587263e-06,0.07279276847839355,0.01298315355517026,1.2131906550516346e-07,0.07683110237121582,ok
n,10040,10040,1000,0.6,standard_t,0.1,3862595890,0.0340203313479702,1.2586426838606712e-05,0.0652303695678711,0.025547236593246713,2.4259164259218483e-05,0.08891177177429199,ok
n,10040,10040,1000,0.6,standard_t,0.1,3417173326,0.03780018051847293,0.0004921312886268748,0.06232094764709473,0.05508802886005282,2.3972617253039456e-05,0.062476396560668945,ok
n,10040,10040,1000,0.6,standard_t,0.1,4235191094,-0.06999541110616617,0.00020695415151868816,0.06899595260620117,-0.07693519658111762,5.54446384500944e-05,0.0668325424194336,ok
n,10040,10040,1000,0.6,standard_t,0.1,1564779756,-0.11327263668989976,0.0006102211031923004,0.06993508338928223,-0.13693352103804815,1.0852835245856491e-06,0.08127832412719727,ok
n,10040,10040,1000,0.6,standard_t,0.1,2566364472,0.12947467118678146,0.0008029587348876467,0.07671642303466797,0.15246974692477824,2.853109639416601e-05,0.06621336936950684,ok
n,10040,10040,1000,0.6,standard_t,0.1,1204544033,-0.5381814791180246,0.020051911861223796,0.06823253631591797,-0.6438473486131122,0.0012916048168200294,0.07503533363342285,ok
n,10040,10040,1000,0.6,standard_t,0.1,854034906,-0.004812652038545827,4.6626731937605445e-05,0.04915285110473633,-5.0427670942341463e-05,4.268986544067663e-06,0.11845231056213379,ok
n,10040,10040,1000,0.6,standard_t,0.1,2813338848,-0.03866139828792486,1.4209998207212301e-08,0.07490348815917969,-0.03652310188899124,4.076727262466157e-06,0.08005237579345703,ok
n,10040,10040,1000,0.6,standard_t,0.1,3515602152,0.010193828124056677,0.0001860262706954211,0.0554661750793457,0.019556809766297305,1.828557129536171e-05,0.06694316864013672,ok
n,10040,10040,1000,0.6,standard_t,0.1,2629690941,-0.07331176043139158,0.0005278544072950742,0.06664299964904785,-0.09279585193722473,1.218701681662736e-05,0.0751798152923584,ok
n,10040,10040,1000,0.6,standard_t,0.1,811329192,-0.539677915782439,0.019142728385496244,0.06460332870483398,-0.6364415987970015,0.0017300247418010504,0.07956480979919434,ok
n,10040,10040,1000,0.6,standard_t,0.1,2092684969,-0.06443216444157254,0.00048465274197704835,0.061916351318359375,-0.08070798207813398,3.293626344162931e-05,0.08471155166625977,ok
n,10040,10040,1000,0.6,standard_t,0.1,1159970677,-0.5961820185541754,0.03248361276299168,0.06562256813049316,-0.7157450489210997,0.003680736983833288,0.07503366470336914,ok
n,10040,10040,1000,0.6,standard_t,0.1,4092812832,-0.4447055745765692,0.015438640453317776,0.07523703575134277,-0.5435573085908739,0.000645190060325924,0.07015132904052734,ok
n,10040,10040,1000,0.6,standard_t,0.1,1011975993,-0.0505829048802311,6.949494320203513e-05,0.05714893341064453,-0.05467150537013985,1.804348386282031e-05,0.06301069259643555,ok
n,10040,10040,1000,0.6,standard_t,0.1,3731647404,-0.32121666306143115,0.005810831370426229,0.06742978096008301,-0.3817623103026236,0.00024596157280687626,0.07573866844177246,ok
n,11040,11040,1000,0.6,standard_t,0.1,2933360059,0.0484429487228173,0.0005786099638436984,0.0783233642578125,0.07130219361499916,1.4281872826083424e-06,0.07681798934936523,ok
n,11040,11040,1000,0.6,standard_t,0.1,53170217,0.06106859845137135,4.633794042105671e-05,0.08045649528503418,0.07159010168404997,1.3796065647831729e-05,0.07246875762939453,ok
n,11040,11040,1000,0.6,standard_t,0.1,514027789,-0.17530212261631958,0.0018550682198888921,0.07372212409973145,-0.22372444667376962,2.8641989722455568e-05,0.06388640403747559,ok
n,11040,11040,1000,0.6,standard_t,0.1,1919984157,0.02601170142785079,0.00010798554731428178,0.07744789123535156,0.010812278002828864,2.311507505511807e-05,0.09065675735473633,ok
n,11040,11040,1000,0.6,standard_t,0.1,3255710565,0.3499050192509767,0.0075240961470428415,0.06086230278015137,0.4140390401754981,0.0005111002798446894,0.08060598373413086,ok
n,11040,11040,1000,0.6,standard_t,0.1,1333218208,0.3531455491821146,0.005074542474694788,0.07442283630371094,0.4114001098837313,0.00016851317016831462,0.09304285049438477,ok
n,11040,11040,1000,0.6,standard_t,0.1,2998596691,0.10179786918543439,0.00032747473859528613,0.06350493431091309,0.12137892710842733,2.204615632675297e-06,0.08374524116516113,ok
n,11040,11040,1000,0.6,standard_t,0.1,2682515406,0.012948138648416518,9.366178594188952e-06,0.07818722724914551,0.009308705903142657,3.352542422749844e-07,0.08706283569335938,ok
n,11040,11040,1000,0.6,standard_t,0.1,2136895200,0.028384555382950476,1.4591402249658783e-05,0.07885408401489258,0.033900120307776116,2.875383305543647e-06,0.0912466049194336,ok
n,11040,11040,1000,0.6,standard_t,0.1,3885469625,-0.17873217144421313,0.0021429678714794216,0.07660865783691406,-0.22190266858645294,9.745034844395651e-06,0.08562278747558594,ok
n,11040,11040,1000,0.6,standard_t,0.1,973247062,0.3013470632179029,0.004826654719000794,0.08935928344726562,0.35866437726466754,0.00014778817057635622,0.07374191284179688,ok
n,11040,11040,1000,0.6,standard_t,0.1,4270102141,0.21856740020615437,0.0010969011416989665,0.07232928276062012,0.25186593528837087,3.2054309638177816e-08,0.09333682060241699,ok
n,11040,11040,1000,0.6,standard_t,0.1,268980558,-0.023503424955321265,5.769410781826373e-07,0.07709789276123047,-0.018917367857129008,1.4642031253910687e-05,0.07194805145263672,ok
n,11040,11040,1000,0.6,standard_t,0.1,1638299767,0.2424140307281222,0.000822639122864385,0.07297968864440918,0.2582105538609322,0.00016602742708348765,0.08782339096069336,ok
n,11040,11040,1000,0.6,standard_t,0.1,1582234959,-0.29285893451280226,0.0023222181440911735,0.07766866683959961,-0.32433340659724647,0.00027938877073102847,0.06867837905883789,ok
n,11040,11040,1000,0.6,standard_t,0.1,396906662,-0.1781185787724717,0.0020256236116772608,0.08689999580383301,-0.21480583057275432,6.92170201425474e-05,0.09231257438659668,ok
n,11040,11040,1000,0.6,standard_t,0.1,2186292471,-0.22146103024129346,0.00160064160003025,0.07659578323364258,-0.2536921607674788,6.04799973910006e-05,0.09219956398010254,ok
n,11040,11040,1000,0.6,standard_t,0.1,3157912102,-0.061345787158095584,0.00023213028982025242,0.07672595977783203,-0.08010998252534936,1.2449414495492087e-05,0.06965231895446777,ok
n,11040,11040,1000,0.6,standard_t,0.1,2780719163,-0.42505005035389504,0.013093761166398763,0.06809306144714355,-0.5153135002395018,0.0005839242114532015,0.059188127517700195,ok
n,11040,11040,1000,0.6,standard_t,0.1,3841969846,0.028564946543306283,0.00015729293090379,0.0745244026184082,0.011222659135968491,2.304614011722545e-05,0.08630990982055664,ok
n,11040,11040,1000,0.6,standard_t,0.1,3612021925,0.15402956622662892,0.0005756186202125013,0.06699514389038086,0.17119278273779512,4.6633011507827215e-05,0.06315207481384277,ok
n,11040,11040,1000,0.6,standard_t,0.1,2235841317,0.014765826201264778,2.06899599273243e-05,0.06864356994628906,0.019109520947077,4.199508167458238e-08,0.08373045921325684,ok
n,11040,11040,1000,0.6,standard_t,0.1,1167538314,-0.0732491976432391,0.00024535919396866834,0.07129120826721191,-0.08888305435466264,9.053454588674477e-10,0.0947713851928711,ok
n,11040,11040,1000,0.6,standard_t,0.1,1005840860,-0.16764097101750042,0.0011990950132756701,0.11732983589172363,-0.20096001148105533,1.7132476548927063e-06,0.10771393775939941,ok
n,11040,11040,1000,0.6,standard_t,0.1,2974066273,-0.06328985812402395,0.0007180832151153635,0.10699248313903809,-0.08620993621574104,1.5031103082300226e-05,0.11590266227722168,ok
n,11040,11040,1000,0.6,standard_t,0.1,376828154,-0.12821817136691083,0.0001497866693999942,0.08086395263671875,-0.14131916834128735,7.434932466009173e-07,0.10369086265563965,ok
n,11040,11040,1000,0.6,standard_t,0.1,2652310996,-0.3464186933624439,0.004646854782677098,0.09287452697753906,-0.3937768417859129,0.0004330433771969291,0.11087512969970703,ok
n,11040,11040,1000,0.6,standard_t,0.1,1551218136,0.0809573597769062,3.86271649818612e-05,0.10224580764770508,0.08519349033347608,3.916223570297087e-06,0.09392952919006348,ok
n,11040,11040,1000,0.6,standard_t,0.1,801631225,-0.03699455689329024,0.0001545386857108566,0.0721898078918457,-0.05162693399934928,4.844480858303079e-06,0.09550333023071289,ok
n,11040,11040,1000,0.6,standard_t,0.1,2021288505,0.02715795892623615,2.5317115761565655e-06,0.0858159065246582,0.018004205664711705,0.00011545263042411831,0.08912539482116699,ok
n,11040,11040,1000,0.6,standard_t,0.1,7976562,-0.041193932329880355,0.0005084101841915517,0.08461689949035645,-0.061413465149029345,5.421540507753329e-06,0.09322214126586914,ok
n,11040,11040,1000,0.6,standard_t,0.1,2571092219,0.0936661023208162,0.00013082766391079784,0.08740353584289551,0.10191821549342117,1.0149824715812847e-05,0.12617921829223633,ok
n,11040,11040,1000,0.6,standard_t,0.1,4201806330,-0.26152879508179244,0.0035323448634611908,0.12297940254211426,-0.3095221018393513,0.0001308787800583379,0.18222308158874512,ok
n,11040,11040,1000,0.6,standard_t,0.1,1994382349,-0.0260639376233688,4.891205667912844e-06,0.09327554702758789,-0.02631886289604743,3.828603510730008e-06,0.10457706451416016,ok
n,11040,11040,1000,0.6,standard_t,0.1,1631161152,0.01877732839217137,0.0005680879507918439,0.07654595375061035,0.0328674754144697,9.495427946382807e-05,0.07879257202148438,ok
n,11040,11040,1000,0.6,standard_t,0.1,2189402024,-0.08113112754536826,8.14383536547601e-05,0.08598899841308594,-0.09482970927488084,2.1848721580425028e-05,0.11234831809997559,ok
n,11040,11040,1000,0.6,standard_t,0.1,242260817,0.07484622248480527,6.650536974413781e-05,0.08456206321716309,0.08020404870577091,7.824642403270387e-06,0.06839704513549805,ok
n,11040,11040,1000,0.6,standard_t,0.1,1858761362,-0.2560386164596116,0.0021656559664721387,0.07732081413269043,-0.29481621186107304,6.0202290230510446e-05,0.08587765693664551,ok
n,11040,11040,1000,0.6,standard_t,0.1,1488350186,0.22544994935773147,0.0024128252943545784,0.07210707664489746,0.25785790882472753,0.0002793096146809687,0.07954001426696777,ok
n,11040,11040,1000,0.6,standard_t,0.1,622473148,-0.0003312662943101341,5.1043942566630824e-05,0.08138346672058105,-0.0025840321069059554,2.392910602750642e-05,0.07459616661071777,ok
n,11040,11040,1000,0.6,standard_t,0.1,1782079470,-0.13559676291905695,0.0011441236995979476,0.06659388542175293,-0.16817479187874776,1.5546814779747161e-06,0.09664225578308105,ok
n,11040,11040,1000,0.6,standard_t,0.1,3656226422,0.20634881153786586,0.002300455691134429,0.08807516098022461,0.2473362648089645,4.865917163672272e-05,0.0981740951538086,ok
n,11040,11040,1000,0.6,standard_t,0.1,2124628728,-0.0849375118947089,0.00038791723698544797,0.07253551483154297,-0.1031576385326478,2.177064914501018e-06,0.08904743194580078,ok
n,11040,11040,1000,0.6,standard_t,0.1,1217052542,0.00972210330435059,3.914021126242753e-06,0.07252907752990723,0.011771566570985815,5.051619962231678e-09,0.07661008834838867,ok
n,11040,11040,1000,0.6,standard_t,0.1,1356203877,-0.05266339973356136,0.0007411105523724203,0.0757451057434082,-0.07792097827694902,3.86424060577242e-06,0.08581209182739258,ok
n,11040,11040,1000,0.6,standard_t,0.1,3120093812,0.09949041739910468,0.0012209537059694468,0.08459949493408203,0.13194739950682643,6.176049449238481e-06,0.07670474052429199,ok
n,11040,11040,1000,0.6,standard_t,0.1,2551855106,-0.2249723242874084,0.003538498747673829,0.08012652397155762,-0.27537104461600964,8.256559889209448e-05,0.0810389518737793,ok
n,11040,11040,1000,0.6,standard_t,0.1,1920709490,-0.31941228245050957,0.005175389603595438,0.07390618324279785,-0.3817215127927896,9.275520538817728e-05,0.07407212257385254,ok
n,11040,11040,1000,0.6,standard_t,0.1,1523381094,0.1512374140673463,0.0010332101161015883,0.09738779067993164,0.1812395453456933,4.5858280025878095e-06,0.08560919761657715,ok
n,11040,11040,1000,0.6,standard_t,0.1,2429318060,-0.29704055832794934,0.002894868618824268,0.07719302177429199,-0.33660050863996743,0.00020289247573030986,0.08317208290100098,ok
n,12040,12040,1000,0.6,standard_t,0.1,3031521641,-0.060390478844023286,0.00018412490863121863,0.08491277694702148,-0.07076343039970148,1.0216409267795876e-05,0.12966299057006836,ok
n,12040,12040,1000,0.6,standard_t,0.1,3437786620,-0.09626218241700689,0.0006204776881065326,0.0969994068145752,-0.11534304548364858,3.3971721049780014e-05,0.11877274513244629,ok
n,12040,12040,1000,0.6,standard_t,0.1,2747561990,-0.08320221369186862,0.00011883037913532964,0.08521556854248047,-0.09056801519012403,1.249716733835047e-05,0.09691286087036133,ok
n,12040,12040,1000,0.6,standard_t,0.1,3029965517,-0.0038880104488209434,5.4584022911020416e-05,0.08605003356933594,0.0010752908196029595,5.879649315652238e-06,0.08086848258972168,ok
n,12040,12040,1000,0.6,standard_t,0.1,653328058,-0.31005530493029493,0.0049183006587563615,0.08171629905700684,-0.3661298590729162,0.0001975723454543493,0.10065793991088867,ok
n,12040,12040,1000,0.6,standard_t,0.1,3797856279,-0.062480544062901065,0.0003559087993484168,0.07702207565307617,-0.06952921136774051,0.00013963860547863815,0.09993624687194824,ok
n,12040,12040,1000,0.6,standard_t,0.1,2480112896,0.03956453924651835,0.0006026719889519171,0.06780624389648438,0.06271729053140168,1.950567817835398e-06,0.09081459045410156,ok
n,12040,12040,1000,0.6,standard_t,0.1,3877955567,0.13220952206265774,0.0006976952049488833,0.07990813255310059,0.15474944050727638,1.5007893211141793e-05,0.07892394065856934,ok
n,12040,12040,1000,0.6,standard_t,0.1,2705022390,-0.2660779274868003,0.003498105814571537,0.09036660194396973,-0.31641823402273106,7.751887405331814e-05,0.0908501148223877,ok
n,12040,12040,1000,0.6,standard_t,0.1,4150775615,-0.10536686451368861,0.0009335570780173148,0.09868431091308594,-0.13875786587849973,8.04763321007912e-06,0.08402299880981445,ok
n,12040,12040,1000,0.6,standard_t,0.1,2505444029,-0.26090336432332695,0.003722346828221622,0.08455729484558105,-0.29542378932653307,0.0007017526075062769,0.10255265235900879,ok
n,12040,12040,1000,0.6,standard_t,0.1,593412277,-0.170232972774369,0.00036534477022697983,0.08166074752807617,-0.1838259048800202,3.0482125479626886e-05,0.07726025581359863,ok
n,12040,12040,1000,0.6,standard_t,0.1,2629708436,-0.17437190941066938,0.000839792423593715,0.12648677825927734,-0.19243290755477746,0.00011920652554228905,0.11858057975769043,ok
n,12040,12040,1000,0.6,standard_t,0.1,879247699,0.11046345550632662,0.001073029669296871,0.10629034042358398,0.1338341090413432,8.810597007389397e-05,0.11293959617614746,ok
n,12040,12040,1000,0.6,standard_t,0.1,3680982796,-0.06495935474659625,0.0006516556811409692,0.09064722061157227,-0.08344312504828212,4.961479715774087e-05,0.08958315849304199,ok
n,12040,12040,1000,0.6,standard_t,0.1,2260060097,-0.24170709186194966,0.0016569564194086938,0.10375595092773438,-0.27514892618189757,5.276417412926645e-05,0.08806991577148438,ok
n,12040,12040,1000,0.6,standard_t,0.1,2951302783,0.11896765867718605,0.0006950745545218973,0.08441329002380371,0.14495191577898062,1.4440723553315844e-07,0.08919692039489746,ok
n,12040,12040,1000,0.6,standard_t,0.1,481137401,0.12276449319468069,0.0007814343712249668,0.07717275619506836,0.1410520929833591,9.344214768903389e-05,0.10906767845153809,ok
n,12040,12040,1000,0.6,standard_t,0.1,1041704611,-0.07283879940831944,0.00018166758440275817,0.0818181037902832,-0.059884430208059995,2.7462063671529316e-07,0.08894801139831543,ok
n,12040,12040,1000,0.6,standard_t,0.1,3222230696,0.5045410445871843,0.015334570454560523,0.07486462593078613,0.5921474060895142,0.001312357215451515,0.07048559188842773,ok
n,12040,12040,1000,0.6,standard_t,0.1,3007561204,-0.2632712793715081,0.0023219583563876415,0.09711456298828125,-0.3033264296980997,6.61221506316175e-05,0.10219359397888184,ok
n,12040,12040,1000,0.6,standard_t,0.1,4291021576,-0.45163212096290456,0.01434807417786309,0.09089255332946777,-0.5489185267232299,0.000506116865039447,0.08045220375061035,ok
n,12040,12040,1000,0.6,standard_t,0.1,4253131694,0.01743456698557194,4.6251586617085065e-08,0.08721065521240234,0.020332611111651782,7.198394052300163e-06,0.0886528491973877,ok
n,12040,12040,1000,0.6,standard_t,0.1,327207776,-0.13900928819333344,0.0012393311060588446,0.07757401466369629,-0.16986283478322434,1.8927617655582835e-05,0.0664827823638916,ok
n,12040,12040,1000,0.6,standard_t,0.1,1721215275,-0.05657442364204451,0.0006450648333426242,0.07629132270812988,-0.08636157148890417,1.926350775544046e-05,0.08174967765808105,ok
n,12040,12040,1000,0.6,standard_t,0.1,943495323,-0.23597999351394092,0.0026732048557093365,0.06001734733581543,-0.27687234306436337,0.00011687113473131076,0.1024634838104248,ok
n,12040,12040,1000,0.6,standard_t,0.1,2272924597,0.2663531172592961,0.0029328582764926014,0.06816959381103516,0.30834358251359184,0.00014799707735219805,0.07892322540283203,ok
n,12040,12040,1000,0.6,standard_t,0.1,2497900072,-0.052338882612186076,6.947688311512569e-05,0.08161544799804688,-0.06065060722503287,5.548292385833175e-10,0.07848167419433594,ok
n,12040,12040,1000,0.6,standard_t,0.1,1339990500,0.19272916507757823,0.0015073879459486929,0.0995943546295166,0.2250382643063507,4.2458191524035935e-05,0.09710264205932617,ok
n,12040,12040,1000,0.6,standard_t,0.1,1590702770,0.048450605820811676,5.95328461104223e-05,0.09439492225646973,0.053665648122599725,6.25355456444095e-06,0.07230877876281738,ok
n,12040,12040,1000,0.6,standard_t,0.1,1626347852,-0.43122947301443687,0.01497129079863594,0.05700826644897461,-0.5257154831234858,0.0007768046853128795,0.09294009208679199,ok
n,12040,12040,1000,0.6,standard_t,0.1,1637223083,-0.13401669891628648,0.001840011714988025,0.08010196685791016,-0.1661175289535002,0.0001165218281615034,0.1008462905883789,ok
n,12040,12040,1000,0.6,standard_t,0.1,3263705762,0.3770653242274175,0.01145212144756014,0.06900143623352051,0.4573692545957322,0.0007134590820446385,0.08128118515014648,ok
n,12040,12040,1000,0.6,standard_t,0.1,2587341888,0.20506787001803667,0.0026436469092367054,0.09189462661743164,0.24695914919817843,9.072806006745652e-05,0.10704684257507324,ok
n,12040,12040,1000,0.6,standard_t,0.1,531375390,-0.19836342170016427,0.002565201440412029,0.08423995971679688,-0.24085570496884687,6.651274228544301e-05,0.09245157241821289,ok
n,12040,12040,1000,0.6,standard_t,0.1,3010924633,0.03641309288342585,2.2273022315439784e-05,0.08017611503601074,0.03455337162001446,4.328523523701723e-05,0.09748458862304688,ok
n,12040,12040,1000,0.6,standard_t,0.1,3048116126,0.11994331348674958,0.0006658030291899877,0.08324599266052246,0.15144672932883388,3.249292479384923e-05,0.0932610034942627,ok
n,12040,12040,1000,0.6,standard_t,0.1,858210110,-0.5608420170871005,0.01721126974830248,0.0754709243774414,-0.6394113756499068,0.0027691138665356715,0.0897989273071289,ok
n,12040,12040,1000,0.6,standard_t,0.1,1632439216,-0.17615411253757415,0.001494307659962167,0.058370351791381836,-0.2090987215432102,3.26231377525395e-05,0.07956767082214355,ok
n,12040,12040,1000,0.6,standard_t,0.1,282691399,-0.11641667088476053,0.0005934912495092373,0.07547807693481445,-0.1369400078900894,1.4732844974451547e-05,0.11640429496765137,ok
n,12040,12040,1000,0.6,standard_t,0.1,4116390946,-0.09933873338527359,0.0005366802371042778,0.11290621757507324,-0.11485329971283278,5.854994688608178e-05,0.12381434440612793,ok
n,12040,12040,1000,0.6,standard_t,0.1,2480645529,-0.04574562342263476,9.867143746010601e-05,0.09088945388793945,-0.04394985915463002,6.622029764413076e-05,0.1210930347442627,ok
n,12040,12040,1000,0.6,standard_t,0.1,1634551372,0.08469553680832949,0.0010347671472918263,0.09937334060668945,0.11043091739538478,4.137597760183169e-05,0.10796451568603516,ok
n,12040,12040,1000,0.6,standard_t,0.1,2727163730,0.12466617922540904,0.00030903027522576266,0.08324933052062988,0.1415809787578341,4.415036715496472e-07,0.09285235404968262,ok
n,12040,12040,1000,0.6,standard_t,0.1,3860996669,0.2939084735866736,0.0038681583604067422,0.0786752700805664,0.34470136278562935,0.00012999719269184167,0.09068703651428223,ok
n,12040,12040,1000,0.6,standard_t,0.1,429908640,0.019459008470427665,1.0668468226695485e-06,0.10166764259338379,0.02694605402699411,4.16562172373404e-05,0.10325241088867188,ok
n,12040,12040,1000,0.6,standard_t,0.1,185112064,0.2641386862093856,0.0021386501082565194,0.0942995548248291,0.2973753933331583,0.00016922977172355216,0.11277484893798828,ok
n,12040,12040,1000,0.6,standard_t,0.1,2929636744,0.08054259679754126,0.0008322858369803457,0.09627676010131836,0.10410291585082729,2.797400264059404e-05,0.10410857200622559,ok
n,12040,12040,1000,0.6,standard_t,0.1,802692228,0.2807630235774619,0.0030449955143027744,0.08626699447631836,0.32025782003543374,0.00024607197781189243,0.08384251594543457,ok
n,12040,12040,1000,0.6,standard_t,0.1,4077057923,0.16713349985729048,0.0021871495799053314,0.09858584403991699,0.21443817744693336,2.8912833756296986e-07,0.11008429527282715,ok
n,13040,13040,1000,0.6,standard_t,0.1,1273409177,-0.16096066341283274,0.0005483875139154814,0.1150369644165039,-0.17774434209710452,4.400991037772447e-05,0.08928489685058594,ok
n,13040,13040,1000,0.6,standard_t,0.1,1548304997,-0.1612377389914086,0.0019911790284875227,0.09140825271606445,-0.1990561541149116,4.629732794337777e-05,0.08617091178894043,ok
n,13040,13040,1000,0.6,standard_t,0.1,2349047107,-0.4604909208311805,0.009598574410802994,0.07572674751281738,-0.5344799676831217,0.0005751971276453933,0.10594964027404785,ok
n,13040,13040,1000,0.6,standard_t,0.1,3504747436,-0.20613757502213015,0.002641301171025807,0.0939171314239502,-0.2462777078395884,0.00012664031562502134,0.09406733512878418,ok
n,13040,13040,1000,0.6,standard_t,0.1,3875157589,0.06913646720809283,9.961001185597566e-05,0.08754205703735352,0.07124609565360816,6.195032850253992e-05,0.08993864059448242,ok
n,13040,13040,1000,0.6,standard_t,0.1,3996306628,0.3493872336309584,0.0076242935977800935,0.10160684585571289,0.4182202849971732,0.0003416637892307028,0.09847331047058105,ok
n,13040,13040,1000,0.6,standard_t,0.1,4106268225,-0.08732153792421234,1.2946312418812541e-06,0.09096026420593262,-0.08200011565426316,4.172179304391709e-05,0.08827948570251465,ok
n,13040,13040,1000,0.6,standard_t,0.1,2751779740,0.34326571144435425,0.004657194257386448,0.09629058837890625,0.3996955488894911,0.00013956590603932356,0.10253572463989258,ok
n,13040,13040,1000,0.6,standard_t,0.1,1819899361,-0.05456833424988029,0.0002602080758949688,0.0754079818725586,-0.07752834483421582,4.663584493854504e-05,0.08201050758361816,ok
n,13040,13040,1000,0.6,standard_t,0.1,3615948290,0.06876742903287406,5.58525318142181e-05,0.06284427642822266,0.0680258645250602,6.748654790699054e-05,0.08600282669067383,ok
n,13040,13040,1000,0.6,standard_t,0.1,3761395684,-0.2816381150876489,0.003057622153432746,0.09443235397338867,-0.3178696377278606,0.0003634455182725648,0.09769630432128906,ok
n,13040,13040,1000,0.6,standard_t,0.1,3919628378,0.13953122996956543,0.00047964588995555517,0.0904378890991211,0.16389870169283688,6.084373732990727e-06,0.10247540473937988,ok
n,13040,13040,1000,0.6,standard_t,0.1,2630878682,0.00346179536834417,0.00011576350229875674,0.08273053169250488,0.016255541219102946,4.1387872999967925e-06,0.10321402549743652,ok
n,13040,13040,1000,0.6,standard_t,0.1,3064498969,-0.014798980798746671,6.476050362703314e-05,0.0960538387298584,-0.004416153563048131,5.454261911807813e-06,0.10793304443359375,ok
n,13040,13040,1000,0.6,standard_t,0.1,4183962123,-0.19419910666260543,0.0013930721130648947,0.10119771957397461,-0.2263612805492155,2.664322311282595e-05,0.10384583473205566,ok
n,13040,13040,1000,0.6,standard_t,0.1,2286517031,0.19515074284708317,0.0032960184902013447,0.09060978889465332,0.2408723516935948,0.00013664096339035167,0.12727999687194824,ok
n,13040,13040,1000,0.6,standard_t,0.1,3333922188,-0.3131852438769866,0.005740633023768509,0.09488320350646973,-0.37446428232786605,0.00020990002304639596,0.0856928825378418,ok
n,13040,13040,1000,0.6,standard_t,0.1,1664721977,-0.10872063194882857,0.0007533291321374935,0.0935506820678711,-0.13104511065294003,2.6238605056583675e-05,0.10138821601867676,ok
n,13040,13040,1000,0.6,standard_t,0.1,2778177708,0.070223497082941,0.0007212187690454928,0.09578680992126465,0.08910138245240021,6.36425992165458e-05,0.09664082527160645,ok
n,13040,13040,1000,0.6,standard_t,0.1,1141000209,0.02394981507635475,1.9605457977585623e-05,0.0929408073425293,0.031341340739238346,8.78363959226223e-06,0.08041787147521973,ok
n,13040,13040,1000,0.6,standard_t,0.1,372699495,0.00014966545637912974,5.369960819580171e-05,0.08968758583068848,0.020197136119521467,0.000161784891953031,0.08639287948608398,ok
n,13040,13040,1000,0.6,standard_t,0.1,3161840222,0.13770220187068158,0.0009736146106096624,0.09189701080322266,0.16882869528982794,5.8224075978010595e-09,0.10725092887878418,ok
n,13040,13040,1000,0.6,standard_t,0.1,3193308060,0.5074632438907872,0.01866703408288481,0.10230040550231934,0.6026383886040659,0.0017182857220565987,0.09671306610107422,ok
n,13040,13040,1000,0.6,standard_t,0.1,2176985659,0.13911928371223156,0.0014787381912226573,0.08103728294372559,0.1722985766518769,2.7826385745297843e-05,0.09654569625854492,ok
n,13040,13040,1000,0.6,standard_t,0.1,1936361869,0.041384980369058126,0.00027011625825647863,0.10615944862365723,0.05548529084615054,5.451774323578141e-06,0.13582515716552734,ok
n,13040,13040,1000,0.6,standard_t,0.1,402762008,0.018417715633331517,3.628362468466907e-05,0.0898749828338623,0.020311052454099848,1.7058983231181035e-05,0.1013803482055664,ok
n,13040,13040,1000,0.6,standard_t,0.1,368584701,0.21434463927384168,0.0018481819413688522,0.09784817695617676,0.23705139006985038,0.0004114299397061706,0.1020514965057373,ok
n,13040,13040,1000,0.6,standard_t,0.1,3866804770,-0.2005151058149796,0.0011512792347392637,0.09298539161682129,-0.22771421560898297,4.5311694351067156e-05,0.11706709861755371,ok
n,13040,13040,1000,0.6,standard_t,0.1,3120665742,-0.23312929677171657,0.0020078689890380406,0.09103250503540039,-0.28277029580281215,2.3345787541801908e-05,0.1094663143157959,ok
n,13040,13040,1000,0.6,standard_t,0.1,1032906391,0.07728940098579183,0.00013988651394768195,0.08993864059448242,0.0908128265363513,2.876628402857673e-06,0.09660482406616211,ok
n,13040,13040,1000,0.6,standard_t,0.1,2323844010,-0.2556409685763919,0.003567088244428159,0.08462953567504883,-0.3018569980147599,0.00018249513998412877,0.10562777519226074,ok
n,13040,13040,1000,0.6,standard_t,0.1,1625584030,0.15594632923927632,0.0005674531529185725,0.08442068099975586,0.16475263872252516,0.00022544919595705092,0.11735343933105469,ok
n,13040,13040,1000,0.6,standard_t,0.1,2667669763,0.3056277087950823,0.0045412664110732704,0.10818314552307129,0.3617714858395084,0.00012645321878322808,0.12423348426818848,ok
n,13040,13040,1000,0.6,standard_t,0.1,2236137389,-0.3654702395664892,0.005842053630719784,0.10221552848815918,-0.4240081792825118,0.0003202449222005444,0.08775615692138672,ok
n,13040,13040,1000,0.6,standard_t,0.1,3315655125,0.02848008968043205,2.485250941406699e-05,0.08369326591491699,0.01970001259099718,1.4400871084351134e-05,0.10468316078186035,ok
n,13040,13040,1000,0.6,standard_t,0.1,2205570475,-0.15190363592402617,0.0005237742088763262,0.07768940925598145,-0.1626657839463187,0.0001469905483032089,0.09310007095336914,ok
n,13040,13040,1000,0.6,standard_t,0.1,3885986222,0.35559507709196897,0.0065416180010065255,0.09163212776184082,0.4291660740380604,5.342546586502889e-05,0.09681415557861328,ok
n,13040,13040,1000,0.6,standard_t,0.1,1636439691,-0.22348162763173177,0.0031832389985586382,0.06879687309265137,-0.271024624249122,7.880474469804759e-05,0.09977555274963379,ok
n,13040,13040,1000,0.6,standard_t,0.1,607838908,-0.11529197298249902,0.0008328376066224111,0.08714127540588379,-0.1453012255631225,1.3232513716774629e-06,0.1025853157043457,ok
n,13040,13040,1000,0.6,standard_t,0.1,4282615791,-0.052949603916865026,0.0004724197511548707,0.07888579368591309,-0.07207746607761496,6.798310428166177e-06,0.11726832389831543,ok
n,13040,13040,1000,0.6,standard_t,0.1,844598255,-0.14871752626532375,0.0010515266958585781,0.10434269905090332,-0.17289430688264038,6.807028403774083e-05,0.08812499046325684,ok
n,13040,13040,1000,0.6,standard_t,0.1,1703569883,0.15239721151106295,0.001305093629437904,0.09180665016174316,0.1821789638605108,4.0250488643601685e-05,0.09618973731994629,ok
n,13040,13040,1000,0.6,standard_t,0.1,3087626457,0.3144406947331607,0.004440535203167087,0.08019447326660156,0.3675866090168173,0.00018201859233535843,0.08117008209228516,ok
n,13040,13040,1000,0.6,standard_t,0.1,533646470,-0.05763512248730481,2.9900615881619196e-06,0.08829498291015625,-0.049650008025602585,9.436750630326784e-05,0.10687637329101562,ok
n,13040,13040,1000,0.6,standard_t,0.1,3359975563,-0.20396759310660478,0.0023490354190967544,0.0965263843536377,-0.2438704179838577,7.334250336301573e-05,0.09797191619873047,ok
n,13040,13040,1000,0.6,standard_t,0.1,523298135,-0.05096717756627024,0.0004206091031272223,0.0874173641204834,-0.06879545520049501,7.18496825044668e-06,0.08782243728637695,ok
n,13040,13040,1000,0.6,standard_t,0.1,656589803,0.06594179605628822,0.0001300172824587384,0.07404112815856934,0.07257019009606568,2.279220336519052e-05,0.0946192741394043,ok
n,13040,13040,1000,0.6,standard_t,0.1,4012559980,0.21818145822031512,0.0013516757804208231,0.07229447364807129,0.23852420860433238,0.00026969499737347966,0.08399009704589844,ok
n,13040,13040,1000,0.6,standard_t,0.1,1338099747,-0.5643361330109011,0.022117205078779553,0.09403824806213379,-0.6636450927330249,0.0024413069352209847,0.11517190933227539,ok
n,13040,13040,1000,0.6,standard_t,0.1,332455103,-0.2534409698299643,0.003274308501936283,0.08866238594055176,-0.30042571950657654,0.00010479256702175811,0.10094451904296875,ok
n,14040,14040,1000,0.6,standard_t,0.1,646397771,0.11460088628783041,0.0008708400580417129,0.10011887550354004,0.14622166141275303,4.455374629162024e-06,0.10683465003967285,ok
n,14040,14040,1000,0.6,standard_t,0.1,1542033262,0.018788037961743324,0.0001391086122148311,0.09280562400817871,0.027347351907189274,1.0465984990162485e-05,0.13596749305725098,ok
n,14040,14040,1000,0.6,standard_t,0.1,150134081,0.15445287717962214,0.0002537498369199439,0.11690521240234375,0.16491727185676874,2.9867673528169063e-05,0.10349416732788086,ok
n,14040,14040,1000,0.6,standard_t,0.1,1838173148,0.07347851887720024,7.069325469159438e-05,0.08557295799255371,0.07565463624488106,3.883546482321122e-05,0.07725286483764648,ok
n,14040,14040,1000,0.6,standard_t,0.1,748282804,0.15289054336475022,0.0007898188752268184,0.09186458587646484,0.17744356664689315,1.2607421583740758e-05,0.09162640571594238,ok
n,14040,14040,1000,0.6,standard_t,0.1,3729274638,-0.09594795643881089,0.00018198608520792302,0.09141755104064941,-0.10995197776134143,2.639899114665989e-07,0.10207891464233398,ok
n,14040,14040,1000,0.6,standard_t,0.1,3519267435,-0.1696570685174919,0.00048204693468816885,0.10229134559631348,-0.1757444945207777,0.0002517979076511641,0.10899066925048828,ok
n,14040,14040,1000,0.6,standard_t,0.1,3166772364,0.23680552256674153,0.0027828568789321365,0.0942990779876709,0.2720674473052662,0.00030593037626480143,0.09099316596984863,ok
n,14040,14040,1000,0.6,standard_t,0.1,4064018027,-0.15601763284988812,0.00030857495916265353,0.09945392608642578,-0.16930483136905758,1.8310724945009238e-05,0.10665273666381836,ok
n,14040,14040,1000,0.6,standard_t,0.1,1144338687,0.15346398718729432,0.0012793951572292212,0.07777738571166992,0.17898226881400095,0.00010506971775956751,0.10718274116516113,ok
n,14040,14040,1000,0.6,standard_t,0.1,904713768,0.276540211601826,0.0032208038897621064,0.10645079612731934,0.32289656150052726,0.00010807217617971034,0.10969996452331543,ok
n,14040,14040,1000,0.6,standard_t,0.1,3144836164,0.1898975419639031,0.0018057600974498132,0.09723067283630371,0.2195470410749508,0.000164987267023841,0.09544634819030762,ok
n,14040,14040,1000,0.6,standard_t,0.1,4244452150,-0.2843075753647779,0.0032262222309710543,0.0836338996887207,-0.33269226633555715,7.081479347478573e-05,0.09961915016174316,ok
n,14040,14040,1000,0.6,standard_t,0.1,983257073,-0.16323674737120006,0.0013627121921908983,0.11189079284667969,-0.193318551356408,4.6691636176101196e-05,0.12434029579162598,ok
n,14040,14040,1000,0.6,standard_t,0.1,1364987265,0.3067342426357055,0.007006376554364138,0.09692645072937012,0.3747137065692047,0.0002472642165363798,0.0939474105834961,ok
n,14040,14040,1000,0.6,standard_t,0.1,3409133805,0.1322192660399126,8.578482599959861e-05,0.08281230926513672,0.13497140981040434,4.237835604848385e-05,0.09921956062316895,ok
n,14040,14040,1000,0.6,standard_t,0.1,200106878,0.0850709655991275,0.00031728953525081026,0.09004068374633789,0.10532431750208708,5.957157973643786e-06,0.10853147506713867,ok
n,14040,14040,1000,0.6,standard_t,0.1,583796232,0.19447184595140968,0.0008938805516279887,0.10868287086486816,0.21442481142306133,9.89004345729657e-05,0.09707164764404297,ok
n,14040,14040,1000,0.6,standard_t,0.1,1014287778,0.11120863271322935,0.0001445560628064185,0.09674334526062012,0.11444405046026866,7.72241847091116e-05,0.1103062629699707,ok
n,14040,14040,1000,0.6,standard_t,0.1,3221967790,0.14189166676050805,0.0005070269887125694,0.09828472137451172,0.1588645370161382,3.0740255373395526e-05,0.10228443145751953,ok
n,14040,14040,1000,0.6,standard_t,0.1,475520944,-0.26941748781274344,0.0028615796416745355,0.08947515487670898,-0.31254588607074146,0.00010744019752531978,0.08899521827697754,ok
n,14040,14040,1000,0.6,standard_t,0.1,2501495164,-0.12818485947367697,0.00044179680553188886,0.0810551643371582,-0.14117988641987003,6.438354977134948e-05,0.10155773162841797,ok
n,14040,14040,1000,0.6,standard_t,0.1,3055630987,0.24731341998795167,0.0028845731726650945,0.10311365127563477,0.29247429517959556,7.305714737123399e-05,0.0921638011932373,ok
n,14040,14040,1000,0.6,standard_t,0.1,1582002519,0.2881976791827005,0.003919961209346208,0.10450363159179688,0.3361919913583095,0.00021360645078478233,0.11275744438171387,ok
n,14040,14040,1000,0.6,standard_t,0.1,1831260958,-0.05405905634784865,0.00012918941242686278,0.10033297538757324,-0.05707999541043914,6.964257980753633e-05,0.12283086776733398,ok
n,14040,14040,1000,0.6,standard_t,0.1,1753277766,-0.07353308529701953,0.00015009784723473316,0.09003448486328125,-0.08417792894610826,2.5811603796927877e-06,0.10023331642150879,ok
n,14040,14040,1000,0.6,standard_t,0.1,4132142155,0.1148034753159887,0.0006177889656182748,0.11525511741638184,0.13125285529283987,7.066051533074205e-05,0.12055659294128418,ok
n,14040,14040,1000,0.6,standard_t,0.1,3451999487,-0.12209370360486965,0.000997711522131517,0.10175561904907227,-0.14782502131129782,3.428400125196451e-05,0.09685039520263672,ok
n,14040,14040,1000,0.6,standard_t,0.1,991066759,-0.32516303379148664,0.005290220615473765,0.09584784507751465,-0.3872760213950974,0.00011280383945613795,0.1064445972442627,ok
n,14040,14040,1000,0.6,standard_t,0.1,3131420146,-0.2161655940993684,0.003870132599119339,0.09637045860290527,-0.26800596485645256,0.00010753729495900412,0.10997533798217773,ok
n,14040,14040,1000,0.6,standard_t,0.1,3784542855,0.07182655532448849,0.00019665361829938131,0.09413027763366699,0.07953866030614501,3.9831486528300997e-05,0.09575152397155762,ok
n,14040,14040,1000,0.6,standard_t,0.1,1642489830,-0.1310700205294789,0.00030597728744210406,0.09860062599182129,-0.14010641848604077,7.150069773823095e-05,0.08397150039672852,ok
n,14040,14040,1000,0.6,standard_t,0.1,834355118,0.18203527759133556,0.001148927842050067,0.07473492622375488,0.21050022208867825,2.9494605571514377e-05,0.08725142478942871,ok
n,14040,14040,1000,0.6,standard_t,0.1,761462855,0.04879963204844838,5.341863255578447e-07,0.09601020812988281,0.044325928849759035,1.4008721649983085e-05,0.08509445190429688,ok
n,14040,14040,1000,0.6,standard_t,0.1,854613098,0.10488890927796904,0.0006500281432789363,0.10049819946289062,0.12409892951732819,3.9509135165758114e-05,0.08019280433654785,ok
n,14040,14040,1000,0.6,standard_t,0.1,4253829335,0.026500620828858366,2.424091746994267e-05,0.10197091102600098,0.02349811330579547,6.282170024876928e-05,0.11056709289550781,ok
n,14040,14040,1000,0.6,standard_t,0.1,2880337009,0.22018144877306214,0.0022762859902076228,0.08414816856384277,0.26038571036891733,5.634269932238181e-05,0.07774782180786133,ok
n,14040,14040,1000,0.6,standard_t,0.1,37537681,-0.219821582744874,0.0024403138186025243,0.10760998725891113,-0.26416467912175357,2.556754702300535e-05,0.10325479507446289,ok
n,14040,14040,1000,0.6,standard_t,0.1,2985113763,0.26243096585461523,0.0031215963888692948,0.07863450050354004,0.30405968356337226,0.00020284967822090902,0.09958052635192871,ok
n,14040,14040,1000,0.6,standard_t,0.1,127889041,-0.0406330665632301,0.00013097010788136544,0.08739686012268066,-0.05212364193162099,2.149077505725666e-09,0.09197878837585449,ok
n,14040,14040,1000,0.6,standard_t,0.1,1449141795,0.19142276518888024,0.0008751073895489095,0.0906064510345459,0.21445733336604292,4.28716667967774e-05,0.12511801719665527,ok
n,14040,14040,1000,0.6,standard_t,0.1,525330096,-0.0915372027769601,0.0005737992452840623,0.11253619194030762,-0.11565851087204077,2.7956184442029588e-08,0.11800837516784668,ok
n,14040,14040,1000,0.6,standard_t,0.1,3371994253,0.43337771519068297,0.012414663945228341,0.0748293399810791,0.519924788291093,0.0006187177544547757,0.09300994873046875,ok
n,14040,14040,1000,0.6,standard_t,0.1,4205621426,0.2770179980061119,0.004240368888907463,0.09516119956970215,0.332652969494692,8.993000907483645e-05,0.0810689926147461,ok
n,14040,14040,1000,0.6,standard_t,0.1,3728863279,0.04608516534880854,0.0001926390624130147,0.09229469299316406,0.05422316458308156,3.296422798439604e-05,0.0750424861907959,ok
n,14040,14040,1000,0.6,standard_t,0.1,2255409613,0.260337660378139,0.0026889982784168024,0.10067057609558105,0.2979346906913954,0.00020330544211898902,0.12059211730957031,ok
n,14040,14040,1000,0.6,standard_t,0.1,670116249,-0.07790215093671092,8.579902517197623e-05,0.0740211009979248,-0.08012275340032338,4.9592212636986756e-05,0.09888434410095215,ok
n,14040,14040,1000,0.6,standard_t,0.1,2598053075,-0.057232484950394305,0.00011808347044572742,0.0807042121887207,-0.07210973850363986,1.6085166653604903e-05,0.10505890846252441,ok
n,14040,14040,1000,0.6,standard_t,0.1,2864350075,0.08015568082458942,0.0009139756758492532,0.07464456558227539,0.11070002715474682,9.75410982590817e-08,0.09784412384033203,ok
n,14040,14040,1000,0.6,standard_t,0.1,1395360292,-0.15130640769323947,0.0005979425450359071,0.09833478927612305,-0.1675483640807138,6.741899953460154e-05,0.1063535213470459,ok
n,15040,15040,1000,0.6,standard_t,0.1,2235013842,-0.28516451265475967,0.003369175717915845,0.09475255012512207,-0.3339538892874223,8.565918010945446e-05,0.0843350887298584,ok
n,15040,15040,1000,0.6,standard_t,0.1,2642598978,-0.3560008221059295,0.009227691722450602,0.08266091346740723,-0.43371946444506876,0.0003364375021710396,0.09491777420043945,ok
n,15040,15040,1000,0.6,standard_t,0.1,2073222979,0.0416635729316033,0.00037416405560119413,0.0959935188293457,0.056888204075195056,1.6963603640378907e-05,0.09622693061828613,ok
n,15040,15040,1000,0.6,standard_t,0.1,348212053,-0.035206417539239136,5.817094310461398e-05,0.08653092384338379,-0.0451695160108757,5.457413007875089e-06,0.13399910926818848,ok
n,15040,15040,1000,0.6,standard_t,0.1,1081199296,0.29134401316718345,0.0032762235822904094,0.09310722351074219,0.3391185293167148,8.956330321195161e-05,0.10315656661987305,ok
n,15040,15040,1000,0.6,standard_t,0.1,2596236063,0.4073306338893462,0.008724537801507592,0.1038503646850586,0.47073672769582475,0.0008999484325563921,0.1104898452758789,ok
n,15040,15040,1000,0.6,standard_t,0.1,948933059,-0.1343199273508654,0.00039663213721910176,0.10869121551513672,-0.1537181505987459,2.677050427697264e-07,0.12858366966247559,ok
n,15040,15040,1000,0.6,standard_t,0.1,2157296314,-0.05828345822678789,2.3099432197502627e-06,0.09018373489379883,-0.06191723562709979,4.468690170317319e-06,0.10094451904296875,ok
n,15040,15040,1000,0.6,standard_t,0.1,2322937853,-0.3108224425634958,0.0053522322824248875,0.08548831939697266,-0.36686570081965325,0.00029294697810848953,0.0882575511932373,ok
n,15040,15040,1000,0.6,standard_t,0.1,1562136834,0.256902599200144,0.002145674165382294,0.10428690910339355,0.2922792207118965,0.00011978866464585558,0.11438417434692383,ok
n,15040,15040,1000,0.6,standard_t,0.1,1581060254,-0.28841561225029966,0.004105702677061246,0.09779071807861328,-0.33742661702048593,0.00022694676960570241,0.12259578704833984,ok
n,15040,15040,1000,0.6,standard_t,0.1,3523742726,-0.19403169297408757,0.0015851431995238486,0.11729145050048828,-0.2258421467043939,6.40544619489315e-05,0.12244153022766113,ok
n,15040,15040,1000,0.6,standard_t,0.1,862409531,0.3442818037257391,0.005930784652415968,0.11377787590026855,0.39946156716033604,0.0004766285542540107,0.11012721061706543,ok
n,15040,15040,1000,0.6,standard_t,0.1,529431540,-0.33395415655200794,0.005616433398095593,0.0777578353881836,-0.39224989598454973,0.0002771268748875436,0.10278654098510742,ok
n,15040,15040,1000,0.6,standard_t,0.1,1121070805,-0.03526818937593747,6.620670339559482e-05,0.13934564590454102,-0.03966429244518501,1.399244076298518e-05,0.12787485122680664,ok
n,15040,15040,1000,0.6,standard_t,0.1,3862065641,-0.1615874183356717,0.0006042151579880861,0.09727883338928223,-0.1797027736916655,4.180182434723705e-05,0.09689784049987793,ok
n,15040,15040,1000,0.6,standard_t,0.1,935750472,-0.12364130500712454,0.0004414824076102189,0.07233095169067383,-0.14157911657593278,9.447454567636028e-06,0.10947442054748535,ok
n,15040,15040,1000,0.6,standard_t,0.1,3897957152,0.2854296153110033,0.004905799210790762,0.08992910385131836,0.34889069335945877,4.3300777611888206e-05,0.11289095878601074,ok
n,15040,15040,1000,0.6,standard_t,0.1,3912092607,0.18891173895725283,0.0007923814500512963,0.09399294853210449,0.2062426635598253,0.0001170366157846631,0.0877535343170166,ok
n,15040,15040,1000,0.6,standard_t,0.1,2024016016,0.10691225505535716,0.00024291931853965838,0.10304713249206543,0.11903054825747962,1.2024083261042965e-05,0.11014866828918457,ok
n,15040,15040,1000,0.6,standard_t,0.1,3146520954,0.3387178808505662,0.006921684936268877,0.08896350860595703,0.40307586358010267,0.0003548959200576281,0.09058976173400879,ok
n,15040,15040,1000,0.6,standard_t,0.1,380192083,0.28700354299794295,0.0053042295308084715,0.09133553504943848,0.3473166283933297,0.00015667669694591078,0.11536216735839844,ok
n,15040,15040,1000,0.6,standard_t,0.1,3815883421,-0.25941652791832837,0.0027994866956004712,0.09470295906066895,-0.29838120586743233,0.00019447690830979477,0.0977168083190918,ok
n,15040,15040,1000,0.6,standard_t,0.1,2997708231,0.18323411084046454,0.00102975339817927,0.1196446418762207,0.20381643463033833,0.00013242133962520632,0.11613941192626953,ok
n,15040,15040,1000,0.6,standard_t,0.1,2548760693,0.07492077185808534,8.064716792774017e-05,0.0888063907623291,0.08770382303202556,1.4460332200385785e-05,0.0965120792388916,ok
n,15040,15040,1000,0.6,standard_t,0.1,3869384197,-0.06392899392346983,0.00022585535045579108,0.08151793479919434,-0.0762564091254782,7.295776087478095e-06,0.11735272407531738,ok
n,15040,15040,1000,0.6,standard_t,0.1,915786591,-0.0657019177607996,0.0005210085299680549,0.09593820571899414,-0.09208059972417403,1.262431133360744e-05,0.10342001914978027,ok
n,15040,15040,1000,0.6,standard_t,0.1,2962807432,0.18646738869289492,0.0010580749528367656,0.12021589279174805,0.2066760964290435,0.00015176654074352435,0.11961746215820312,ok
n,15040,15040,1000,0.6,standard_t,0.1,3771063557,0.24153122378284939,0.0035672327936245585,0.0955209732055664,0.28738066328510836,0.00019256769452426824,0.11252093315124512,ok
n,15040,15040,1000,0.6,standard_t,0.1,2408851630,-0.1218262824746258,0.001491874492999871,0.08733797073364258,-0.15327353024634913,5.1517129247851925e-05,0.09898614883422852,ok
n,15040,15040,1000,0.6,standard_t,0.1,218193298,0.24053122209054328,0.003845480723593126,0.0820779800415039,0.28757991778666864,0.00022389868517178142,0.1250925064086914,ok
n,15040,15040,1000,0.6,standard_t,0.1,3781377586,-0.21254995538222038,0.0019476753392982569,0.12007665634155273,-0.2474487145491286,8.526150592552331e-05,0.12062478065490723,ok
n,15040,15040,1000,0.6,standard_t,0.1,1167231131,0.03935954221260442,0.0006533700538986744,0.10743927955627441,0.06433941294928443,3.3783247475785253e-07,0.11263895034790039,ok
n,15040,15040,1000,0.6,standard_t,0.1,1098129949,-0.06271611880581227,0.00023000322587814906,0.10294222831726074,-0.07267351109310968,2.7128107182106972e-05,0.12126922607421875,ok
n,15040,15040,1000,0.6,standard_t,0.1,3887966540,0.09772478085517161,0.0010663743891953065,0.09752154350280762,0.12769350475554797,7.2181659394102934e-06,0.11713075637817383,ok
n,15040,15040,1000,0.6,standard_t,0.1,2103712417,0.44233363589585617,0.01194047348135053,0.11448788642883301,0.5246608972962598,0.0007260444591713666,0.1252133846282959,ok
n,15040,15040,1000,0.6,standard_t,0.1,3400924432,-0.07109949810170295,0.00025923131276952324,0.0915217399597168,-0.09242476759966294,2.729652482802514e-05,0.1085059642791748,ok
n,15040,15040,1000,0.6,standard_t,0.1,4220846490,-0.1512093738247825,0.0010106289663306608,0.1043100357055664,-0.17559304044070684,5.48595675922558e-05,0.11840152740478516,ok
n,15040,15040,1000,0.6,standard_t,0.1,231848602,-0.08663915391019862,0.0003145650954644975,0.11418366432189941,-0.10588016352540415,2.2651049013344993e-06,0.11251449584960938,ok
n,15040,15040,1000,0.6,standard_t,0.1,2511571679,-0.039453949771981224,0.0002143075578793505,0.10501694679260254,-0.048681122151837695,2.929055359880304e-05,0.1329793930053711,ok
n,15040,15040,1000,0.6,standard_t,0.1,879350528,-0.10211389599469725,0.0005350575977907066,0.10653448104858398,-0.1224414305790017,7.86116815426065e-06,0.11224699020385742,ok
n,15040,15040,1000,0.6,standard_t,0.1,1878844500,-0.22947740330167635,0.003248773463206881,0.11918234825134277,-0.27588647481716,0.00011212567753769443,0.13603472709655762,ok
n,15040,15040,1000,0.6,standard_t,0.1,3301112718,-0.2662186354523335,0.0014631362881567442,0.11786365509033203,-0.2960335404970542,7.116709978945547e-05,0.12370920181274414,ok
n,15040,15040,1000,0.6,standard_t,0.1,1265509254,0.16163337919776993,0.0016457366361903505,0.11579728126525879,0.19109890299010374,0.0001232578657840494,0.14244651794433594,ok
n,15040,15040,1000,0.6,standard_t,0.1,2563612171,-0.17024740230454707,0.001335500911236495,0.13682031631469727,-0.19994003479241895,4.694816921108473e-05,0.15039539337158203,ok
n,15040,15040,1000,0.6,standard_t,0.1,3309141160,-0.03880493105640433,1.030816036563134e-05,0.12015438079833984,-0.03645216700483304,7.359380919338205e-07,0.14745402336120605,ok
n,15040,15040,1000,0.6,standard_t,0.1,1488530908,-0.4694674132757676,0.012492643189099076,0.10013532638549805,-0.5478284519139472,0.0011161916657543025,0.11690592765808105,ok
n,15040,15040,1000,0.6,standard_t,0.1,2142181601,0.26958704714627424,0.004406209333759345,0.1146998405456543,0.318768647732707,0.00029576031204874795,0.1388087272644043,ok
n,15040,15040,1000,0.6,standard_t,0.1,2967740014,-0.09527345376336938,0.00026321511233161316,0.09985637664794922,-0.10412503463540114,5.435117162828232e-05,0.14058423042297363,ok
n,15040,15040,1000,0.6,standard_t,0.1,1853713147,0.1902126070830828,0.0016394934739523066,0.09779834747314453,0.22121650215920957,8.999869155091238e-05,0.09007453918457031,ok
n,16040,16040,1000,0.6,standard_t,0.1,2893584588,-0.3585303510376363,0.006268665285948563,0.10582995414733887,-0.4227113920786239,0.00022481590040183304,0.12880182266235352,ok
n,16040,16040,1000,0.6,standard_t,0.1,935972274,-0.019748434908910227,0.00011628323920068957,0.12833809852600098,-0.025215443132408113,2.826477270345772e-05,0.1133267879486084,ok
n,16040,16040,1000,0.6,standard_t,0.1,2056858154,-0.26542012184147556,0.00397223639232251,0.1151587963104248,-0.329782148205602,1.7858204841103482e-06,0.10063433647155762,ok
n,16040,16040,1000,0.6,standard_t,0.1,3422416041,0.09080244248548602,4.02110604165217e-05,0.11012697219848633,0.08671811425951043,0.00010869203826659415,0.13073015213012695,ok
n,16040,16040,1000,0.6,standard_t,0.1,1938994459,-0.1687362035609967,0.0029683545774814575,0.11055302619934082,-0.2145234840538398,7.560872093548094e-05,0.09685087203979492,ok
n,16040,16040,1000,0.6,standard_t,0.1,1950808285,0.02637749000398607,0.00010801730745761547,0.1068727970123291,0.044299813312259455,5.668863867202052e-05,0.10164856910705566,ok
n,16040,16040,1000,0.6,standard_t,0.1,2231954617,-0.015932424075194056,3.465829482732047e-05,0.0746920108795166,-0.022303506023595907,2.3420988373396213e-07,0.11314964294433594,ok
n,16040,16040,1000,0.6,standard_t,0.1,965676073,0.21087970756857727,0.003222260805234161,0.16524720191955566,0.26112641776679824,4.2487594422343455e-05,0.1751399040222168,ok
n,16040,16040,1000,0.6,standard_t,0.1,1744255009,-0.30181862556687233,0.00461969806998845,0.14502286911010742,-0.3556629468721945,0.0001994884916782798,0.13733887672424316,ok
n,16040,16040,1000,0.6,standard_t,0.1,1455279388,-0.21466924044671815,0.0026777586505059387,0.11749911308288574,-0.2576905621157376,7.613858224262934e-05,0.1348109245300293,ok
n,16040,16040,1000,0.6,standard_t,0.1,360542530,0.2620034429577827,0.0025921427115755333,0.12428784370422363,0.2902336132457801,0.000514514836960991,0.1289064884185791,ok
n,16040,16040,1000,0.6,standard_t,0.1,2927445132,0.0849387549984224,0.0002948324224262772,0.10641217231750488,0.09766030018952557,1.979484479478099e-05,0.13545775413513184,ok
n,16040,16040,1000,0.6,standard_t,0.1,347725038,-0.04887116898285562,3.0609914126187916e-06,0.16266155242919922,-0.04590457464553642,1.4811508616785761e-06,0.1806960105895996,ok
n,16040,16040,1000,0.6,standard_t,0.1,1484103815,0.03698945431036855,2.0539810273479905e-05,0.15313959121704102,0.047762025345761676,3.894364416587186e-05,0.13363027572631836,ok
n,16040,16040,1000,0.6,standard_t,0.1,1806323017,0.1873487820959033,0.0013734464737738697,0.10631847381591797,0.2156402903743203,7.688712701493729e-05,0.15698742866516113,ok
n,16040,16040,1000,0.6,standard_t,0.1,634140832,0.5109451582482275,0.017943408471662346,0.1421341896057129,0.6050695611935324,0.0015863178161086523,0.12071776390075684,ok
n,16040,16040,1000,0.6,standard_t,0.1,3526958498,-0.14421343781668583,0.0006963482090914279,0.13193678855895996,-0.16322842558460046,5.436736289079237e-05,0.1564948558807373,ok
n,16040,16040,1000,0.6,standard_t,0.1,548705476,0.2468895123099584,0.004350950227658588,0.12957215309143066,0.30127524964830127,0.0001340036768389978,0.1656184196472168,ok
n,16040,16040,1000,0.6,standard_t,0.1,2159387378,-0.03549873530801855,0.00034482059935380505,0.13457083702087402,-0.04864519743696418,2.9407666116486065e-05,0.15847492218017578,ok
n,16040,16040,1000,0.6,standard_t,0.1,3652618712,-0.3364580451972396,0.005632054223366013,0.13460969924926758,-0.38738060961192994,0.0005819890398433313,0.1509993076324463,ok
n,16040,16040,1000,0.6,standard_t,0.1,1604716227,0.0697745665066597,0.000314434880579855,0.11734652519226074,0.08291017162358062,2.112971202111813e-05,0.1239628791809082,ok
n,16040,16040,1000,0.6,standard_t,0.1,4053621251,0.029495752105596726,2.4762547235754133e-07,0.09623861312866211,0.030798638062895678,6.48453572754468e-07,0.12889719009399414,ok
n,16040,16040,1000,0.6,standard_t,0.1,1302511439,-0.2938118900020198,0.007271558919942132,0.09566187858581543,-0.368766854953112,0.0001064708487435162,0.13679790496826172,ok
n,16040,16040,1000,0.6,standard_t,0.1,2840580115,0.46680182061383874,0.013227825951264064,0.1021122932434082,0.5527439174259717,0.0008450759045539694,0.11971712112426758,ok
n,16040,16040,1000,0.6,standard_t,0.1,1028648192,-0.06531976805651862,0.00023646916668498483,0.13228607177734375,-0.06894938559066123,0.0001380140109476538,0.13309288024902344,ok
n,16040,16040,1000,0.6,standard_t,0.1,2813572786,-0.3292096436708466,0.005846266778444599,0.1267545223236084,-0.3893352165137913,0.0002668423898250991,0.12134289741516113,ok
n,16040,16040,1000,0.6,standard_t,0.1,3872273980,-0.16616731061141599,0.0015263834782524356,0.11176705360412598,-0.19566931841087892,9.152653590611133e-05,0.14054656028747559,ok
n,16040,16040,1000,0.6,standard_t,0.1,697130855,-0.6138558957821957,0.037767665475503455,0.12147188186645508,-0.7310897961277699,0.005945203754324706,0.14011359214782715,ok
n,16040,16040,1000,0.6,standard_t,0.1,2927496353,0.16155813272116534,0.000767381363450979,0.13506126403808594,0.17999899090870133,8.576224852209987e-05,0.20251917839050293,ok
n,16040,16040,1000,0.6,standard_t,0.1,2941518253,0.05682110194364978,0.0001178836395405464,0.10232734680175781,0.06112184789456308,4.299001715055587e-05,0.1640012264251709,ok
n,16040,16040,1000,0.6,standard_t,0.1,457128479,-0.1716873863005449,0.0012029506790923739,0.14530277252197266,-0.20181382913402557,2.0767493567164772e-05,0.17388105392456055,ok
n,16040,16040,1000,0.6,standard_t,0.1,3459319322,-0.07845472786625549,0.0001839370341021281,0.11437749862670898,-0.09284799397325078,6.904401664652151e-07,0.1372990608215332,ok
n,16040,16040,1000,0.6,standard_t,0.1,226083293,-0.04307394950830447,3.7971325326987964e-05,0.11830711364746094,-0.03518688717339372,2.9755373498599523e-06,0.10615253448486328,ok
n,16040,16040,1000,0.6,standard_t,0.1,3570656722,0.32040869037239494,0.005903621692133092,0.13093781471252441,0.3757208079030723,0.0004632357211141995,0.13492918014526367,ok
n,16040,16040,1000,0.6,standard_t,0.1,1546304478,-0.2906615288864374,0.0015141829335357762,0.12327885627746582,-0.32029086439404525,8.617720914352976e-05,0.1382436752319336,ok
n,16040,16040,1000,0.6,standard_t,0.1,2692958289,-0.14236043366761306,0.0007339681370648515,0.12794852256774902,-0.16593222570423763,1.239078216289305e-05,0.1329343318939209,ok
n,16040,16040,1000,0.6,standard_t,0.1,279402279,-0.026201490224002852,5.2829283921953255e-05,0.12014293670654297,-0.02654912878082252,4.789660127729115e-05,0.12378334999084473,ok
n,16040,16040,1000,0.6,standard_t,0.1,1505147888,0.03667633322456972,0.0007787247004323189,0.11078548431396484,0.057836524352871364,4.550106999538903e-05,0.11537694931030273,ok
n,16040,16040,1000,0.6,standard_t,0.1,979750019,0.3984472065085508,0.007525911733541861,0.11750912666320801,0.46135996900201875,0.0005683098575656168,0.12847495079040527,ok
n,16040,16040,1000,0.6,standard_t,0.1,2945380207,0.339103974296561,0.008678114633921596,0.09410548210144043,0.41533610545194993,0.00028643083467727663,0.11855411529541016,ok
n,16040,16040,1000,0.6,standard_t,0.1,865846511,0.2739854023808145,0.0036085182732173734,0.09361505508422852,0.32008414873078816,0.00019522229790626934,0.11849737167358398,ok
n,16040,16040,1000,0.6,standard_t,0.1,646397793,-0.2309556237679113,0.0038147088608061833,0.12754178047180176,-0.275678965478177,0.00029036118108243924,0.13608717918395996,ok
n,16040,16040,1000,0.6,standard_t,0.1,2923094979,-0.31740260967472905,0.00617573113147909,0.11937093734741211,-0.377522137488278,0.00034100395332049285,0.1390070915222168,ok
n,16040,16040,1000,0.6,standard_t,0.1,2488754364,0.038844645998639626,8.236614097908622e-05,0.12113380432128906,0.04294170451090064,2.4785669973684272e-05,0.14258360862731934,ok
n,16040,16040,1000,0.6,standard_t,0.1,3277871705,0.27871333430029377,0.004909727075323127,0.10303807258605957,0.3328983616495296,0.00025231471338464255,0.1272294521331787,ok
n,16040,16040,1000,0.6,standard_t,0.1,208846441,-0.15731090956085245,0.0019438311810267897,0.09300899505615234,-0.20010247147247237,1.6830884053606556e-06,0.10565304756164551,ok
n,16040,16040,1000,0.6,standard_t,0.1,1614336560,0.048814706530192875,2.1157030890003907e-05,0.10682868957519531,0.05174141110262433,2.7988376111108647e-06,0.12407326698303223,ok
n,16040,16040,1000,0.6,standard_t,0.1,1223539889,-0.12352048713943445,0.00010408241177908804,0.11240768432617188,-0.1285057748107691,2.7214909648253604e-05,0.09282779693603516,ok
n,16040,16040,1000,0.6,standard_t,0.1,417239999,-0.30185054609932216,0.004994711342784314,0.10879802703857422,-0.3632212777125824,8.653725338197624e-05,0.09233617782592773,ok
n,16040,16040,1000,0.6,standard_t,0.1,2668125319,-0.31139027848479345,0.005860289687293937,0.1258389949798584,-0.37477725738764367,0.00017333170781240774,0.10162353515625,ok
n,17040,17040,1000,0.6,standard_t,0.1,713749519,-0.0902250752733013,0.0002731976983532881,0.10396838188171387,-0.09876405217899013,6.383556619944157e-05,0.11239314079284668,ok
n,17040,17040,1000,0.6,standard_t,0.1,3837893465,-0.1293071796466215,0.00065194980327921,0.12269186973571777,-0.1484810180829088,4.044284960908997e-05,0.1155385971069336,ok
n,17040,17040,1000,0.6,standard_t,0.1,2579313988,0.03508802120639738,0.00019965656304541272,0.11950159072875977,0.04863994685224577,3.341561738691493e-07,0.12522673606872559,ok
n,17040,17040,1000,0.6,standard_t,0.1,55341023,0.05927153435021998,0.00011905273290776677,0.1047816276550293,0.06405478723026829,3.755086397413591e-05,0.12373185157775879,ok
n,17040,17040,1000,0.6,standard_t,0.1,3669532467,-0.026598650935727733,0.00013117422704788016,0.11812949180603027,-0.041791141134254806,1.3982801552692361e-05,0.13318276405334473,ok
n,17040,17040,1000,0.6,standard_t,0.1,2086336876,-0.21129211426144787,0.002509281283546383,0.11522364616394043,-0.2519823379960019,8.840706488809081e-05,0.11069321632385254,ok
n,17040,17040,1000,0.6,standard_t,0.1,2307427934,-0.41489452301256224,0.008211031127442685,0.11032891273498535,-0.4895654538991579,0.00025420505294641735,0.14278554916381836,ok
n,17040,17040,1000,0.6,standard_t,0.1,3315716658,-0.046925243205083185,4.967623572384965e-06,0.12073135375976562,-0.044987316901375723,1.7361746679752085e-05,0.14722251892089844,ok
n,17040,17040,1000,0.6,standard_t,0.1,3957073644,0.04554196049986685,0.0002250294953201496,0.12058568000793457,0.06037882335954418,2.6935468093513492e-08,0.14935636520385742,ok
n,17040,17040,1000,0.6,standard_t,0.1,3407202230,0.07733786778025821,0.00045822422119975136,0.11648011207580566,0.08868168853750225,0.00010125092264194846,0.13912653923034668,ok
n,17040,17040,1000,0.6,standard_t,0.1,3269167935,0.12178603812121734,0.0006493705918213273,0.10371971130371094,0.14930475187344205,4.145144864280976e-06,0.12876105308532715,ok
n,17040,17040,1000,0.6,standard_t,0.1,2454870698,-0.4623546629382358,0.010557865327707985,0.13206911087036133,-0.5370986268127788,0.000784420601222319,0.12180209159851074,ok
n,17040,17040,1000,0.6,standard_t,0.1,3384156749,0.1968190905963247,0.0011866640174200784,0.10232400894165039,0.21767762754927775,0.00018467323505677556,0.12637996673583984,ok
n,17040,17040,1000,0.6,standard_t,0.1,3082644643,0.18991771422925827,0.0019213008731989788,0.10149550437927246,0.22254993919756869,0.00012544943584511735,0.0982518196105957,ok
n,17040,17040,1000,0.6,standard_t,0.1,2771261136,-0.13776177711338913,0.000899628486351185,0.07920503616333008,-0.16486907902325645,8.33191432979111e-06,0.1318657398223877,ok
n,17040,17040,1000,0.6,standard_t,0.1,2736732000,-0.2064360190827532,0.0007807413316652973,0.12914538383483887,-0.2210296855133711,0.0001781713056450848,0.13728094100952148,ok
n,17040,17040,1000,0.6,standard_t,0.1,1120606650,0.23935824334577918,0.002995757692359055,0.11376762390136719,0.2741118153119331,0.00039919813389476634,0.12417817115783691,ok
n,17040,17040,1000,0.6,standard_t,0.1,3543492260,-0.11661669191092044,0.00023424638891370896,0.1149284839630127,-0.12935782775818114,6.573962920107809e-06,0.13599634170532227,ok
n,17040,17040,1000,0.6,standard_t,0.1,1282027436,-0.15114354525039125,0.0016031840489430353,0.11277079582214355,-0.19221908943988172,1.0728057361231581e-06,0.09979248046875,ok
n,17040,17040,1000,0.6,standard_t,0.1,3122294870,0.46565008633512533,0.015129205290030293,0.1140432357788086,0.5540312699431167,0.0011985202285414523,0.1168358325958252,ok
n,17040,17040,1000,0.6,standard_t,0.1,1905937494,-0.36523408368772975,0.0061291973855027776,0.09659695625305176,-0.4246117226023414,0.0003576467921493253,0.12281966209411621,ok
n,17040,17040,1000,0.6,standard_t,0.1,3879742522,0.4574224028923728,0.01300870442828169,0.10563015937805176,0.5426359578566733,0.0008318697666746313,0.10645627975463867,ok
n,17040,17040,1000,0.6,standard_t,0.1,3055837116,0.20613624658789242,0.0018406659440967951,0.08219242095947266,0.24263087033853784,4.106706734247994e-05,0.1301250457763672,ok
n,17040,17040,1000,0.6,standard_t,0.1,2650556147,-0.12438004180044113,0.0008355577098731036,0.11779403686523438,-0.14526427956542287,6.434891186561385e-05,0.14064359664916992,ok
n,17040,17040,1000,0.6,standard_t,0.1,3900186793,0.4930530498518534,0.013602538876314399,0.12505364418029785,0.5720379312547954,0.0014171491366155203,0.11157774925231934,ok
n,17040,17040,1000,0.6,standard_t,0.1,4265879195,-0.515390123330406,0.016137008347014117,0.11332297325134277,-0.6020827302333557,0.0016272283142530414,0.12317323684692383,ok
n,17040,17040,1000,0.6,standard_t,0.1,2999761462,-0.2274541676363771,0.004388523243988219,0.11192464828491211,-0.2790084531322222,0.00021584441877389412,0.12475943565368652,ok
n,17040,17040,1000,0.6,standard_t,0.1,103668356,0.09739488812024387,0.0004149217366337407,0.09205913543701172,0.11429066064571546,1.206767045527268e-05,0.11896443367004395,ok
n,17040,17040,1000,0.6,standard_t,0.1,311913004,-0.3364486977542352,0.008132482798675667,0.10106563568115234,-0.4068406362446931,0.00039157843727182835,0.12511634826660156,ok
n,17040,17040,1000,0.6,standard_t,0.1,1063313624,0.14024520391395556,0.0019024986805753989,0.11239337921142578,0.17442693222511246,8.903646431696326e-05,0.12144708633422852,ok
n,17040,17040,1000,0.6,standard_t,0.1,1697227531,-0.26882707049983373,0.003409306775376303,0.10316157341003418,-0.320310468419387,4.769106023153693e-05,0.10828733444213867,ok
n,17040,17040,1000,0.6,standard_t,0.1,3666501177,-0.14219024691400073,0.0009957175048941839,0.08841896057128906,-0.1688193684890577,2.426419706650278e-05,0.12661385536193848,ok
n,17040,17040,1000,0.6,standard_t,0.1,2769582788,0.15520882692651877,0.0006840859785221642,0.1211702823638916,0.17719619469936843,1.7369469663236483e-05,0.11821484565734863,ok
n,17040,17040,1000,0.6,standard_t,0.1,139431891,0.006570877041065444,5.760738079983731e-07,0.10724568367004395,0.0014357719914396443,3.474041848552583e-05,0.12757635116577148,ok
n,17040,17040,1000,0.6,standard_t,0.1,3729569258,-0.13891835517688605,0.0009632727221676827,0.11710929870605469,-0.16603777557758756,1.534457148469447e-05,0.12314057350158691,ok
n,17040,17040,1000,0.6,standard_t,0.1,187234168,-0.13910933703061568,0.0003241252777429721,0.10283374786376953,-0.15475469847825343,5.560721225131286e-06,0.12827014923095703,ok
n,17040,17040,1000,0.6,standard_t,0.1,546878224,0.06429333686989301,0.00035870172775910564,0.11104774475097656,0.07834685293424319,2.3872082504252312e-05,0.10787439346313477,ok
n,17040,17040,1000,0.6,standard_t,0.1,3539198255,0.221832481980925,0.003247236645217747,0.09865188598632812,0.2645466120394999,0.00020364431095643096,0.12075233459472656,ok
n,17040,17040,1000,0.6,standard_t,0.1,2874772651,-0.07322387365532422,0.0003646723933671811,0.11304903030395508,-0.08090300772286989,0.00013035390182829825,0.13986635208129883,ok
n,17040,17040,1000,0.6,standard_t,0.1,659595274,0.056828062878438675,0.00017074718747478356,0.1162879467010498,0.06579576710425104,1.680444496581037e-05,0.11924433708190918,ok
n,17040,17040,1000,0.6,standard_t,0.1,1607586923,0.18778307225235338,0.0015869843202958463,0.1270904541015625,0.21618906515477704,0.00013066727801217332,0.14433646202087402,ok
n,17040,17040,1000,0.6,standard_t,0.1,1111779657,0.5237538607607064,0.02201166385343603,0.10991764068603516,0.6336035629570222,0.001483295935109873,0.1250605583190918,ok
n,17040,17040,1000,0.6,standard_t,0.1,2829513317,-0.25575699088397397,0.004034402949737093,0.11111187934875488,-0.3070773662630849,0.00014875643487061543,0.13072729110717773,ok
n,17040,17040,1000,0.6,standard_t,0.1,1218192117,-0.08133511096196491,0.0006021743987056458,0.11014556884765625,-0.1031872949886145,7.220280636579861e-06,0.11120295524597168,ok
n,17040,17040,1000,0.6,standard_t,0.1,4223693063,-0.2603930617207015,0.001988665494465196,0.11394476890563965,-0.2903725826631428,0.0002135963229773534,0.12922263145446777,ok
n,17040,17040,1000,0.6,standard_t,0.1,935199500,-0.12089597056052499,0.0013435849564228594,0.1163172721862793,-0.15405619152651004,1.2213092591094549e-05,0.10793662071228027,ok
n,17040,17040,1000,0.6,standard_t,0.1,1177872355,0.19501326457059578,0.001147353611122266,0.11649298667907715,0.22335188976195305,3.0624972000103456e-05,0.14275550842285156,ok
n,17040,17040,1000,0.6,standard_t,0.1,903494354,-0.02374079684384489,9.088814388095361e-05,0.11258697509765625,-0.030969068758086006,5.314202659823939e-06,0.1004018783569336,ok
n,17040,17040,1000,0.6,standard_t,0.1,2477530263,-0.018574598874952615,1.9648620231589465e-05,0.11585164070129395,-0.013525235698746292,3.803025570658572e-07,0.14237689971923828,ok
n,17040,17040,1000,0.6,standard_t,0.1,3486132925,-0.03391065755406603,0.00026388299347510595,0.11454343795776367,-0.054793890996211014,2.1518072617240017e-05,0.12300968170166016,ok
n,18040,18040,1000,0.6,standard_t,0.1,1250027667,-0.023758839616331857,1.2544801916058717e-06,0.09684467315673828,-0.023793274713059157,1.3328030496630448e-06,0.1331183910369873,ok
n,18040,18040,1000,0.6,standard_t,0.1,2584536647,0.19594439024167443,0.0022034908647315353,0.13294124603271484,0.23104164206812808,0.00014028279398807322,0.18074631690979004,ok
n,18040,18040,1000,0.6,standard_t,0.1,754377388,0.016312436116840117,8.29298371097018e-08,0.13959550857543945,0.015560566049032066,1.0812786189637298e-06,0.16754460334777832,ok
n,18040,18040,1000,0.6,standard_t,0.1,1141053077,-0.3960562197657546,0.008394640485922639,0.11012578010559082,-0.46822421702824557,0.0003784687544927023,0.13031888008117676,ok
n,18040,18040,1000,0.6,standard_t,0.1,654828855,0.11906518100119294,0.0011908119201492879,0.1065680980682373,0.14963892341974402,1.5479506434981145e-05,0.1456279754638672,ok
n,18040,18040,1000,0.6,standard_t,0.1,2385651412,0.46093516046418426,0.012343527791069337,0.1133885383605957,0.5406835327069317,0.0009830142428712016,0.13832616806030273,ok
n,18040,18040,1000,0.6,standard_t,0.1,1823978178,0.11015575634847044,0.0004719964041683518,0.11688232421875,0.13258556969838628,4.960879661347112e-07,0.16765046119689941,ok
n,18040,18040,1000,0.6,standard_t,0.1,780549501,-0.22392065185314114,0.002045315319178275,0.13964033126831055,-0.26056514259729113,7.362792702781091e-05,0.1277461051940918,ok
n,18040,18040,1000,0.6,standard_t,0.1,388982695,-0.23246376278144254,0.0030716502853500036,0.09178829193115234,-0.2757738776898597,0.00014670916869151903,0.10804319381713867,ok
n,18040,18040,1000,0.6,standard_t,0.1,1847670441,0.3309464051365794,0.0054276170797272205,0.10260558128356934,0.38963580596316577,0.00022448915746743064,0.13341903686523438,ok
n,18040,18040,1000,0.6,standard_t,0.1,2842105981,0.3422669606109081,0.005012056890317297,0.11554265022277832,0.3933998058766066,0.000386635008659387,0.14606690406799316,ok
n,18040,18040,1000,0.6,standard_t,0.1,2678931767,-0.11056411721971618,0.00025754370336145697,0.11793708801269531,-0.12719519210779665,3.39780178460841e-07,0.11619424819946289,ok
n,18040,18040,1000,0.6,standard_t,0.1,1307605394,0.07161558315073911,3.181107904732055e-06,0.11615824699401855,0.06983223668876413,1.2722864968116388e-05,0.12535691261291504,ok
n,18040,18040,1000,0.6,standard_t,0.1,3414069505,-0.31175014974279436,0.004572529746788552,0.13148808479309082,-0.36382025302034604,0.00024181431540755836,0.11384391784667969,ok
n,18040,18040,1000,0.6,standard_t,0.1,1061434426,-0.24426286935669472,0.002956838445020283,0.12027859687805176,-0.28752116800589494,0.00012362149488551698,0.14188218116760254,ok
n,18040,18040,1000,0.6,standard_t,0.1,2958452440,-0.2373409624143521,0.0028637705677117876,0.11781883239746094,-0.27636905789668426,0.00020984748560906938,0.12873339653015137,ok
n,18040,18040,1000,0.6,standard_t,0.1,3603739857,0.06425347890674227,3.517978017560736e-05,0.09864306449890137,0.07139444265615144,1.4633964208217594e-06,0.12232089042663574,ok
n,18040,18040,1000,0.6,standard_t,0.1,921199751,-0.027325611244056993,3.738499677723385e-05,0.11218452453613281,-0.02744017336605502,3.599718066599584e-05,0.13484978675842285,ok
n,18040,18040,1000,0.6,standard_t,0.1,979020940,0.2014896186048025,0.002160041531318056,0.1180882453918457,0.23413649935614714,0.00019125136968285513,0.13045358657836914,ok
n,18040,18040,1000,0.6,standard_t,0.1,571815043,0.10324489702256169,0.0004499555517669567,0.10562968254089355,0.1213428612477091,9.698188883515856e-06,0.12375259399414062,ok
n,18040,18040,1000,0.6,standard_t,0.1,228024626,0.25350413668836097,0.002384273350963864,0.1213221549987793,0.29332402483597203,8.116448566454067e-05,0.13334155082702637,ok
n,18040,18040,1000,0.6,standard_t,0.1,4083091461,-0.21460025481577294,0.0017610249020775046,0.12093424797058105,-0.24635116956220704,0.0001043186968789159,0.13538098335266113,ok
n,18040,18040,1000,0.6,standard_t,0.1,1149987941,0.18420866872091224,0.0017576344794689547,0.10581159591674805,0.21603574794444877,0.00010195086867028662,0.10127496719360352,ok
n,18040,18040,1000,0.6,standard_t,0.1,2235314756,-0.17155134167410585,0.0014826954959113292,0.12491273880004883,-0.2088958980253009,1.3484525009018279e-06,0.12035751342773438,ok
n,18040,18040,1000,0.6,standard_t,0.1,575712469,0.14803796948868742,0.0009383544336194041,0.1186821460723877,0.18028598474861693,2.6096587040917183e-06,0.12175822257995605,ok
n,18040,18040,1000,0.6,standard_t,0.1,396453377,0.032372915197407065,9.38405388338071e-07,0.12002873420715332,0.03973138293696728,4.082896225471931e-05,0.1329364776611328,ok
n,18040,18040,1000,0.6,standard_t,0.1,4043407446,0.0764632589162831,1.929989460606405e-05,0.1285874843597412,0.07988145649802679,9.50560554278786e-07,0.13566350936889648,ok
n,18040,18040,1000,0.6,standard_t,0.1,2714760672,-0.0428801983810915,1.929074778420518e-05,0.13058185577392578,-0.039757956134421596,1.612598092516689e-06,0.1308729648590088,ok
n,18040,18040,1000,0.6,standard_t,0.1,1058454311,-0.3229066964437415,0.005400978383127273,0.12178993225097656,-0.3751660199588485,0.00045079890771872183,0.1343984603881836,ok
n,18040,18040,1000,0.6,standard_t,0.1,3625203751,0.4925109163820087,0.02114128976364151,0.10732555389404297,0.5919821296954633,0.0021094944362259616,0.14216184616088867,ok
n,18040,18040,1000,0.6,standard_t,0.1,787294906,0.04505784236829512,9.482529349809704e-05,0.09839439392089844,0.05277476778861303,4.084047099701638e-06,0.10822486877441406,ok
n,18040,18040,1000,0.6,standard_t,0.1,3231751365,-0.1384321945675795,0.0005661499193564247,0.11278724670410156,-0.15540773064454524,4.6490155976269454e-05,0.12987041473388672,ok
n,18040,18040,1000,0.6,standard_t,0.1,859446658,0.01288218384790479,2.962323930064951e-05,0.1042792797088623,0.021904164567833045,1.2811082112781457e-05,0.10928916931152344,ok
n,18040,18040,1000,0.6,standard_t,0.1,1296474101,-0.16226832906444275,0.003026819276483549,0.10570740699768066,-0.215338492791219,3.788366548791767e-06,0.14724111557006836,ok
n,18040,18040,1000,0.6,standard_t,0.1,3679232261,0.3224029632004086,0.004177601020375804,0.12192654609680176,0.37508375448390535,0.00014288790266599725,0.13101792335510254,ok
n,18040,18040,1000,0.6,standard_t,0.1,3960061236,-0.03704926281634495,2.1257737424953634e-05,0.13172364234924316,-0.04077174213774657,7.887785780833659e-07,0.14286088943481445,ok
n,18040,18040,1000,0.6,standard_t,0.1,1198796242,0.07144910610599878,0.00032975187835342,0.13181376457214355,0.08947148644502019,1.8684478091251197e-08,0.1380901336669922,ok
n,18040,18040,1000,0.6,standard_t,0.1,3281717585,0.3622282955772726,0.008545603328253134,0.13772177696228027,0.43185091845811574,0.000520743711483122,0.1314830780029297,ok
n,18040,18040,1000,0.6,standard_t,0.1,3187028374,-0.2978027970810628,0.00575571093266956,0.0951378345489502,-0.3558397095767544,0.0003178906913413409,0.1108241081237793,ok
n,18040,18040,1000,0.6,standard_t,0.1,14189465,0.2632680050004154,0.003524723145991267,0.12102746963500977,0.3089936034568385,0.00018615274364795442,0.15357232093811035,ok
n,18040,18040,1000,0.6,standard_t,0.1,2670706277,-0.23972070657640923,0.0033572811626012182,0.13128948211669922,-0.2928007813068013,2.3638803891379794e-05,0.13248038291931152,ok
n,18040,18040,1000,0.6,standard_t,0.1,3436399828,-0.02681505059831151,1.8831553849077298e-07,0.1273183822631836,-0.02635958983154024,4.625675629479793e-10,0.13446784019470215,ok
n,18040,18040,1000,0.6,standard_t,0.1,49308260,-0.1798998740777967,0.0020115074466478147,0.1271984577178955,-0.21721407221921077,5.678578037586974e-05,0.13731670379638672,ok
n,18040,18040,1000,0.6,standard_t,0.1,704272530,-0.31510874926272353,0.006992273400606439,0.11265397071838379,-0.3836053422458834,0.00022871183331419823,0.1265242099761963,ok
n,18040,18040,1000,0.6,standard_t,0.1,1768355758,-0.19997858599278415,0.0011718795229113993,0.12111020088195801,-0.22708466009651354,5.078916590166262e-05,0.1465766429901123,ok
n,18040,18040,1000,0.6,standard_t,0.1,2973093835,0.13475067336719201,0.0007441048985733666,0.11839556694030762,0.16247512378277834,1.9906249804077597e-07,0.13829827308654785,ok
n,18040,18040,1000,0.6,standard_t,0.1,2785185320,0.36580755239020624,0.0053921521803284795,0.11550211906433105,0.41435334460942347,0.000619287264146018,0.1468966007232666,ok
n,18040,18040,1000,0.6,standard_t,0.1,1632820083,-0.04229561974964747,5.0501291342775605e-05,0.12115812301635742,-0.04407788925710801,2.8346642993347977e-05,0.12630343437194824,ok
n,18040,18040,1000,0.6,standard_t,0.1,3375421500,0.16983049767429845,0.0010294638586515407,0.11092758178710938,0.1962169748402679,3.247611679933445e-05,0.1329333782196045,ok
n,18040,18040,1000,0.6,standard_t,0.1,2191358377,0.04948659921018544,0.00015896653893912238,0.09818696975708008,0.048716067700505246,0.00017899027822176986,0.13311529159545898,ok
n,19040,19040,1000,0.6,standard_t,0.1,3513701802,-0.588685049557749,0.02595130936837407,0.1180119514465332,-0.6898965393060534,0.003585927127115899,0.13380837440490723,ok
n,19040,19040,1000,0.6,standard_t,0.1,3199909715,0.22176947487869816,0.002414355045641524,0.12521052360534668,0.26354412134509025,5.419080672534424e-05,0.1473391056060791,ok
n,19040,19040,1000,0.6,standard_t,0.1,1101141922,0.2780082271327471,0.0039392872561985984,0.12827062606811523,0.3288692452699107,0.00014167482518171617,0.13468623161315918,ok
n,19040,19040,1000,0.6,standard_t,0.1,4080035545,-0.11652605107930866,0.00033513683544456036,0.1338634490966797,-0.12873959949646815,3.712701895175151e-05,0.13047504425048828,ok
n,19040,19040,1000,0.6,standard_t,0.1,1550207208,0.3708631868831594,0.009300408376701893,0.1335315704345703,0.4470596127872463,0.00040974662105051153,0.1597762107849121,ok
n,19040,19040,1000,0.6,standard_t,0.1,285458881,0.24420749637010924,0.0036709860503443335,0.12707877159118652,0.28655136102261014,0.00033287265656790856,0.12455534934997559,ok
n,19040,19040,1000,0.6,standard_t,0.1,829766870,0.2723391044597969,0.003660184100665734,0.11538243293762207,0.3197774293130259,0.00017059313050546895,0.13554716110229492,ok
n,19040,19040,1000,0.6,standard_t,0.1,3761351299,0.018012921461250653,4.4357977104083546e-05,0.1195831298828125,0.026851918466750346,4.747250259108873e-06,0.13889360427856445,ok
n,19040,19040,1000,0.6,standard_t,0.1,3598704158,-0.09844391324368901,0.00017191250728611554,0.11448049545288086,-0.11041814104106708,1.2934813114410315e-06,0.1404707431793213,ok
n,19040,19040,1000,0.6,standard_t,0.1,1153344788,0.28250015504370307,0.0025427570651828874,0.1286637783050537,0.3207435498310922,0.0001484099723105119,0.13718962669372559,ok
n,19040,19040,1000,0.6,standard_t,0.1,3477235786,-0.04766938056094457,0.00019204757335935084,0.13222765922546387,-0.05284065581904309,7.546132386412622e-05,0.12117123603820801,ok
n,19040,19040,1000,0.6,standard_t,0.1,2811354858,0.030164860220401078,6.251030990503032e-07,0.10678768157958984,0.0206075456319336,0.00010708005277793332,0.13825392723083496,ok
n,19040,19040,1000,0.6,standard_t,0.1,2321382970,-0.054700913107708006,9.296788853566744e-06,0.11836624145507812,-0.05378557771486621,1.571645939618675e-05,0.14161443710327148,ok
n,19040,19040,1000,0.6,standard_t,0.1,773064435,0.16455568374460594,0.0012115734458210405,0.10925984382629395,0.19167678272180275,5.9083275817630166e-05,0.11618876457214355,ok
n,19040,19040,1000,0.6,standard_t,0.1,4212866785,-0.3362029606772271,0.008067124789779336,0.12085103988647461,-0.40631815839577495,0.00038816787914158134,0.15250468254089355,ok
n,19040,19040,1000,0.6,standard_t,0.1,1734420784,0.3251545933905635,0.004876463905653119,0.11736440658569336,0.37485752215049345,0.0004051667342977474,0.15244412422180176,ok
n,19040,19040,1000,0.6,standard_t,0.1,1799606152,-0.3215048162217301,0.006786475141220418,0.11868810653686523,-0.39021840258121104,0.00018677264370992578,0.1334693431854248,ok
n,19040,19040,1000,0.6,standard_t,0.1,4004294178,0.06846781824316826,0.00020771197282122596,0.13504719734191895,0.0783512205246774,2.0510154573684078e-05,0.13940215110778809,ok
n,19040,19040,1000,0.6,standard_t,0.1,2123079859,0.11546436639816784,0.0007900768875022448,0.14143133163452148,0.1316020241391371,0.00014329642881796085,0.14517855644226074,ok
n,19040,19040,1000,0.6,standard_t,0.1,2309461296,-0.19932233987487954,0.0018899977997419147,0.1331491470336914,-0.2327160934045969,0.00010161348441746971,0.15784573554992676,ok
n,19040,19040,1000,0.6,standard_t,0.1,286519497,0.1554377882800519,0.0011311584075349391,0.1361827850341797,0.179253477063162,9.637367953137263e-05,0.16031599044799805,ok
n,19040,19040,1000,0.6,standard_t,0.1,3916705119,-0.038840713872957074,1.9155396392342197e-05,0.13827061653137207,-0.036177812516718394,2.937064089814207e-06,0.13860058784484863,ok
n,19040,19040,1000,0.6,standard_t,0.1,4148136635,-0.2396461535862764,0.003472899117997907,0.12609529495239258,-0.28241141168131406,0.0002613411847290053,0.15912365913391113,ok
n,19040,19040,1000,0.6,standard_t,0.1,2284074944,-0.10909361669592697,0.00020531452734063102,0.12526869773864746,-0.1250351295968304,2.6008408860167306e-06,0.14950203895568848,ok
n,19040,19040,1000,0.6,standard_t,0.1,3815538607,-0.11582254273321735,0.0002800001340908471,0.14229798316955566,-0.13188502609662406,4.498668932582971e-07,0.14087820053100586,ok
n,19040,19040,1000,0.6,standard_t,0.1,3783369111,0.1353147842681276,0.0008231229250292244,0.11505818367004395,0.1590660128795344,2.4392637718821147e-05,0.1614673137664795,ok
n,19040,19040,1000,0.6,standard_t,0.1,1351479489,0.10670555913727468,5.9502441565100674e-05,0.12168359756469727,0.11435540887884235,4.087406782305576e-09,0.1394634246826172,ok
n,19040,19040,1000,0.6,standard_t,0.1,4123137912,-0.42087381185805894,0.012317421673088207,0.14589858055114746,-0.5011839536614487,0.0009408782296669494,0.13937735557556152,ok
n,19040,19040,1000,0.6,standard_t,0.1,2909316198,0.09102542890040914,0.0005038459323584628,0.13666939735412598,0.10547569370338182,6.393998041902987e-05,0.1451587677001953,ok
n,19040,19040,1000,0.6,standard_t,0.1,2020737034,0.28708172379623176,0.004016736736390397,0.12949037551879883,0.335274032293369,0.0002305970445341731,0.13459444046020508,ok
n,19040,19040,1000,0.6,standard_t,0.1,576974585,-0.236124554454512,0.0019840131403085345,0.10420608520507812,-0.2688683505054568,0.00013920380834820856,0.1402742862701416,ok
n,19040,19040,1000,0.6,standard_t,0.1,2247026706,0.0693474590345149,0.0009419516217831396,0.11150193214416504,0.09847786619793335,2.436169090275821e-06,0.1563723087310791,ok
n,19040,19040,1000,0.6,standard_t,0.1,418442935,0.08461802502651752,0.0008473339968909031,0.13955354690551758,0.11305354891780865,4.535727502983947e-07,0.1424112319946289,ok
n,19040,19040,1000,0.6,standard_t,0.1,4103501543,-0.02453411435703071,8.45990628948833e-05,0.12140488624572754,-0.03257715227946541,1.3334174602154359e-06,0.14130759239196777,ok
n,19040,19040,1000,0.6,standard_t,0.1,536109145,-0.4286274875602496,0.008550884018268838,0.1192164421081543,-0.4889485481102581,0.001033617972918459,0.14739012718200684,ok
n,19040,19040,1000,0.6,standard_t,0.1,1280386062,-0.18906604575882988,0.0023072819360644317,0.13010239601135254,-0.226398871736922,0.00011451886378934225,0.13226699829101562,ok
n,19040,19040,1000,0.6,standard_t,0.1,4104879991,0.24689048787028794,0.003984455438750247,0.12449502944946289,0.2962486444665526,0.0001894583339355863,0.15006756782531738,ok
n,19040,19040,1000,0.6,standard_t,0.1,1612733685,0.385276408395743,0.008130496542271362,0.1272878646850586,0.45454575685559956,0.000436806555802257,0.13011574745178223,ok
n,19040,19040,1000,0.6,standard_t,0.1,1329297062,0.1348147082300928,0.0014990262627857652,0.11245846748352051,0.16826914892856865,2.7697272557045692e-05,0.13351154327392578,ok
n,19040,19040,1000,0.6,standard_t,0.1,1368052978,-0.10983673160149582,0.000430553783044375,0.11910176277160645,-0.12423038478254989,4.040047464859849e-05,0.15572738647460938,ok
n,19040,19040,1000,0.6,standard_t,0.1,2119480000,-0.5581748703663431,0.023118535610868393,0.1297297477722168,-0.6603529562784187,0.002486989080521198,0.12035155296325684,ok
n,19040,19040,1000,0.6,standard_t,0.1,2237543495,-0.17431455091365647,0.0019086440170942587,0.11453843116760254,-0.21580740247817212,4.818810967065061e-06,0.10969662666320801,ok
n,19040,19040,1000,0.6,standard_t,0.1,951434561,-0.0572294908461314,8.978814405138485e-05,0.1071016788482666,-0.0708451596121554,1.713966750770579e-05,0.12109494209289551,ok
n,19040,19040,1000,0.6,standard_t,0.1,902478459,-0.13898057356361937,0.0012995351652420573,0.11506128311157227,-0.1721614977985487,8.226237643592664e-06,0.14151859283447266,ok
n,19040,19040,1000,0.6,standard_t,0.1,2531885820,0.09674010616120783,0.0007549726941365731,0.11220073699951172,0.12127403345972633,8.660302227443921e-06,0.12421798706054688,ok
n,19040,19040,1000,0.6,standard_t,0.1,1632582590,0.08051347243243487,0.0001859191346015009,0.10640144348144531,0.09248246310770432,2.77630918327463e-06,0.13017678260803223,ok
n,19040,19040,1000,0.6,standard_t,0.1,1921009375,-0.2288540244508979,0.004067545756767207,0.10024070739746094,-0.2834395105981317,8.448969577449767e-05,0.11455488204956055,ok
n,19040,19040,1000,0.6,standard_t,0.1,826636711,0.23569764765938808,0.002107646157873125,0.10166645050048828,0.2735436386566902,6.501384886479151e-05,0.09098291397094727,ok
n,19040,19040,1000,0.6,standard_t,0.1,2336895311,-0.045435499283340265,0.0004529452707160167,0.07392406463623047,-0.06283736449434356,1.505941105604748e-05,0.09851527214050293,ok
n,19040,19040,1000,0.6,standard_t,0.1,2072763088,0.32065470263802187,0.005649530124971571,0.09123659133911133,0.3846077437278399,0.00012567116631979441,0.09798383712768555,ok
