param_name,param_value,n,m,alpha,distribution,true_mean,seed,dame_estimate,dame_mse,dame_time,dame_backtrack_estimate,dame_backtrack_mse,dame_backtrack_time,status
n,40,40,1000,0.6,normal,0.1,781020512,,nan,nan,,nan,nan,error: IndexError('list index out of range')
n,40,40,1000,0.6,normal,0.1,2678185529,,nan,nan,,nan,nan,error: IndexError('list index out of range')
n,40,40,1000,0.6,normal,0.1,727841268,,nan,nan,,nan,nan,error: IndexError('list index out of range')
n,40,40,1000,0.6,normal,0.1,4204554059,,nan,nan,,nan,nan,error: IndexError('list index out of range')
n,40,40,1000,0.6,normal,0.1,947380072,-0.17295583801200454,0.042151554082731954,0.0009720325469970703,-0.3290740325161732,0.1306292095720143,0.001561880111694336,ok
n,40,40,1000,0.6,normal,0.1,259495031,0.27414287005288646,0.07747744244811189,0.0006296634674072266,-0.5204301481108325,0.2664885784588873,0.0020542144775390625,ok
n,40,40,1000,0.6,normal,0.1,1369685350,,nan,nan,,nan,nan,error: IndexError('list index out of range')
n,40,40,1000,0.6,normal,0.1,2028053869,,nan,nan,,nan,nan,error: IndexError('list index out of range')
n,40,40,1000,0.6,normal,0.1,470475814,0.16974944886883628,0.038731497040910556,0.0004985332489013672,0.007172742338744764,0.0011714524223207594,0.0011632442474365234,ok
n,40,40,1000,0.6,normal,0.1,1051880743,-0.2922643753646845,0.042269918164675124,0.0005483627319335938,-0.26439959652133815,0.031588562416561106,0.0011746883392333984,ok
n,40,40,1000,0.6,normal,0.1,2690882795,-0.1039187885566824,0.022898993107540195,0.0004086494445800781,0.1479014128104626,0.010099459837386545,0.0006852149963378906,ok
n,40,40,1000,0.6,normal,0.1,2320123009,-0.2239293030674251,0.009846056228895492,0.00035452842712402344,0.001286476099658951,0.015873097944801347,0.0009860992431640625,ok
n,40,40,1000,0.6,normal,0.1,4125618433,-0.2626263101361605,0.10442051988462847,0.0005178451538085938,-0.020651633054409924,0.0065880759655091185,0.0015630722045898438,ok
n,40,40,1000,0.6,normal,0.1,1472501943,-0.08476330540408841,0.010193768401544663,0.0003330707550048828,-0.01180625086650905,0.0007843998418588746,0.0006809234619140625,ok
n,40,40,1000,0.6,normal,0.1,2954173373,-0.21586833157825605,0.04826958362526335,0.0005724430084228516,-0.08603679084793814,0.008076950946933456,0.0015816688537597656,ok
n,40,40,1000,0.6,normal,0.1,2841777980,-0.2085024042147953,0.03898706987566751,0.00045609474182128906,0.01828146620374605,0.0008603916647666252,0.001220703125,ok
n,40,40,1000,0.6,normal,0.1,3452587823,0.06920439570104114,0.0012500752361881639,0.0006361007690429688,0.20979898668842323,0.030958752300523917,0.0017957687377929688,ok
n,40,40,1000,0.6,normal,0.1,1346599503,0.3148009444229761,0.16265488308502568,0.0005292892456054688,-0.12910341708946402,0.001648312175843746,0.001260519027709961,ok
n,40,40,1000,0.6,normal,0.1,1989427189,-0.3322708290444539,0.10755371125143638,0.0004944801330566406,-0.028189814108559655,0.0005699110544828777,0.0011839866638183594,ok
n,40,40,1000,0.6,normal,0.1,2387800701,0.19935449139224964,0.039800065521940764,0.00052642822265625,0.05931597410552247,0.0035356129424558595,0.001413583755493164,ok
n,40,40,1000,0.6,normal,0.1,3926379781,-0.22864407344315285,0.06569088280564632,0.0005090236663818359,-0.3018860996978015,0.10859948073634974,0.0013854503631591797,ok
n,40,40,1000,0.6,normal,0.1,4243162185,,nan,nan,,nan,nan,error: IndexError('list index out of range')
n,40,40,1000,0.6,normal,0.1,312743187,,nan,nan,,nan,nan,error: IndexError('list index out of range')
n,40,40,1000,0.6,normal,0.1,2390268618,0.2024281785901066,0.03708113385219429,0.0005090236663818359,0.012050397619378983,4.782276028901689e-06,0.0012891292572021484,ok
n,40,40,1000,0.6,normal,0.1,1803210951,0.21272838767765212,0.0619225272465204,0.0004985332489013672,-0.07791842815434119,0.0017476113319263155,0.0018000602722167969,ok
n,40,40,1000,0.6,normal,0.1,1139351029,,nan,nan,,nan,nan,error: IndexError('list index out of range')
n,40,40,1000,0.6,normal,0.1,1863184316,0.03170563247811849,0.005888044090632697,0.0004482269287109375,-0.15586116924189342,0.01228400044991148,0.001458883285522461,ok
n,40,40,1000,0.6,normal,0.1,3194031095,,nan,nan,,nan,nan,error: IndexError('list index out of range')
n,40,40,1000,0.6,normal,0.1,3387436816,0.2513923475700019,0.07336433994600759,0.0007205009460449219,-0.3263587695844085,0.09418306382079326,0.0013377666473388672,ok
n,40,40,1000,0.6,normal,0.1,1100160589,0.2884581289451518,0.06404698616140812,0.00043201446533203125,-0.058023071635983914,0.008724707036476442,0.0011730194091796875,ok
n,40,40,1000,0.6,normal,0.1,1705053442,-0.009254812123032297,2.8698728227986917e-05,0.0003592967987060547,-0.05476843870860032,0.0016125450696284423,0.0009119510650634766,ok
n,40,40,1000,0.6,normal,0.1,3329482216,-0.03912730558408004,5.391283199992922e-05,0.00033545494079589844,-0.33133791550007163,0.08114981964955903,0.0009219646453857422,ok
n,40,40,1000,0.6,normal,0.1,845025431,-0.21199377546850187,0.026631235915905316,0.0004961490631103516,-0.05569598346669391,4.75135048283549e-05,0.0012879371643066406,ok
n,40,40,1000,0.6,normal,0.1,4045147272,-0.1744433812235104,0.03556611149127379,0.000492095947265625,0.08038230315451901,0.0043871927912347555,0.0013213157653808594,ok
n,40,40,1000,0.6,normal,0.1,2142071295,0.27414648185252993,0.11790480730067684,0.0006158351898193359,0.02439929196034926,0.008765735105566849,0.0014576911926269531,ok
n,40,40,1000,0.6,normal,0.1,1974704002,0.07620119728818811,0.008605470443945655,0.0003781318664550781,-0.1719714631550626,0.02415133114844795,0.0007224082946777344,ok
n,40,40,1000,0.6,normal,0.1,378778862,0.39770728296805014,0.12926278872128918,0.0004673004150390625,0.295182211144905,0.06605222494104744,0.0013692378997802734,ok
n,40,40,1000,0.6,normal,0.1,1402619146,-0.29808796697933715,0.09415332257014931,0.0003325939178466797,0.10236569872207953,0.008762744425377035,0.0006277561187744141,ok
n,40,40,1000,0.6,normal,0.1,1972023672,-0.09520410576023272,0.0011888825825597722,0.00045990943908691406,0.1162468846194414,0.03131866890832149,0.0012068748474121094,ok
n,40,40,1000,0.6,normal,0.1,4214505796,0.08979829221489893,0.014732678625585012,0.0004839897155761719,-0.044652799534686385,0.00017089929345619876,0.0012929439544677734,ok
n,40,40,1000,0.6,normal,0.1,1531504262,,nan,nan,,nan,nan,error: IndexError('list index out of range')
n,40,40,1000,0.6,normal,0.1,3805239392,0.39881833275628004,0.1851371829658305,0.0003516674041748047,-0.026588669252478072,2.3704276201112873e-05,0.0007221698760986328,ok
n,40,40,1000,0.6,normal,0.1,1203735892,0.22612174150150663,0.08213809224541802,0.0004260540008544922,-0.024990984534445017,0.0012591648794062526,0.001134634017944336,ok
n,40,40,1000,0.6,normal,0.1,1341160856,0.0843074257068983,0.003417068542253479,0.0004582405090332031,-0.12951740871621648,0.0241395687825431,0.0014650821685791016,ok
n,40,40,1000,0.6,normal,0.1,749546756,,nan,nan,,nan,nan,error: IndexError('list index out of range')
n,40,40,1000,0.6,normal,0.1,1571121076,-0.07644305488567765,0.017419625035532835,0.0005180835723876953,-0.11441907915006673,0.02888621511641811,0.0013699531555175781,ok
n,40,40,1000,0.6,normal,0.1,192949088,0.11106635171994046,0.012770495411357843,0.0004627704620361328,0.07350890263873755,0.005692576889947559,0.0013506412506103516,ok
n,40,40,1000,0.6,normal,0.1,3116093383,-0.25522874172316395,0.07331165879615512,0.0005323886871337891,-0.055951421433439785,0.005109953340643096,0.0012180805206298828,ok
n,40,40,1000,0.6,normal,0.1,1538947423,,nan,nan,,nan,nan,error: IndexError('list index out of range')
n,40,40,1000,0.6,normal,0.1,4065730800,-0.1774694614552693,0.016718452410713635,0.0005483627319335938,0.3429592547573089,0.1529817863526758,0.0012698173522949219,ok
n,1040,1040,1000,0.6,normal,0.1,3607595641,0.00641259721222445,0.00015370763676513758,0.005639553070068359,0.006448984875422583,0.00015461122120206483,0.006578683853149414,ok
n,1040,1040,1000,0.6,normal,0.1,839291543,0.021116645513231214,7.83760905218812e-05,0.008613824844360352,0.02607930858967139,0.00019087329768646612,0.010992765426635742,ok
n,1040,1040,1000,0.6,normal,0.1,567857515,0.04949680843494653,0.01248889350431074,0.010082483291625977,-0.07409775740642115,0.0001402056757495663,0.009393453598022461,ok
n,1040,1040,1000,0.6,normal,0.1,3149462701,-0.0045371374225214025,0.0005069017413946875,0.010971546173095703,0.013742522135927918,1.793369132998056e-05,0.011199712753295898,ok
n,1040,1040,1000,0.6,normal,0.1,3935420626,-0.04500786603503889,0.0005345588536830334,0.007146120071411133,-0.03145454741053157,9.153151124194898e-05,0.011121749877929688,ok
n,1040,1040,1000,0.6,normal,0.1,2965783971,0.01928254851174892,9.175236558127598e-06,0.007517814636230469,-0.0068396009024344565,0.0005332905341604252,0.009268522262573242,ok
n,1040,1040,1000,0.6,normal,0.1,2878366397,0.05704652368167955,5.5261820783279333e-05,0.009352922439575195,0.05573698344927038,3.750691882569274e-05,0.010242938995361328,ok
n,1040,1040,1000,0.6,normal,0.1,3722008050,-0.02616710711233692,0.00197669087877413,0.009195804595947266,-0.06575281229305668,2.37586709149761e-05,0.0074558258056640625,ok
n,1040,1040,1000,0.6,normal,0.1,1297834098,-0.0027311822819278534,3.212966020324759e-05,0.006681203842163086,-0.016326991828700243,6.284535822617177e-05,0.0065042972564697266,ok
n,1040,1040,1000,0.6,normal,0.1,4158125581,0.028054908282184567,0.0002449508417289784,0.00740504264831543,0.008094030508655184,1.8575861340327406e-05,0.012775897979736328,ok
n,1040,1040,1000,0.6,normal,0.1,3668915175,-0.012611695333735096,0.0014159908432183276,0.008717536926269531,-0.04950586795932604,5.409325209788423e-07,0.015019416809082031,ok
n,1040,1040,1000,0.6,normal,0.1,3690036118,0.012298369354401636,0.0003885514359907032,0.006891727447509766,-0.007986448729417443,3.284550602083519e-07,0.007909059524536133,ok
n,1040,1040,1000,0.6,normal,0.1,4147998539,-0.04804141639990864,0.0005710118844472963,0.008524179458618164,-0.029631454714422363,3.009502506020546e-05,0.010377883911132812,ok
n,1040,1040,1000,0.6,normal,0.1,1671550611,0.04756223796188257,4.598648102623453e-09,0.00823974609375,0.04030049363727334,5.175264311521249e-05,0.010067462921142578,ok
n,1040,1040,1000,0.6,normal,0.1,3425846353,-0.06043108436114976,0.002393381840418227,0.007223367691040039,-0.5522084105244945,0.2923559796664237,0.009739875793457031,ok
n,1040,1040,1000,0.6,normal,0.1,1331297472,0.05549506628543448,0.004264963883409239,0.010131597518920898,-0.01343338234508107,1.3117128664738797e-05,0.011247873306274414,ok
n,1040,1040,1000,0.6,normal,0.1,2118991218,0.03111864733358627,0.0005730416976708481,0.009530782699584961,0.00822029371591373,1.0814663563268555e-06,0.00670313835144043,ok
n,1040,1040,1000,0.6,normal,0.1,2932353902,0.04894649880799504,0.0005493287696844477,0.008625507354736328,0.009230462012856197,0.00026498217327400753,0.009887456893920898,ok
n,1040,1040,1000,0.6,normal,0.1,2785251670,0.015880487550480164,0.0003923959271502529,0.008482217788696289,0.04754387052095513,0.0001405267270536268,0.01012420654296875,ok
n,1040,1040,1000,0.6,normal,0.1,3366929965,-0.03280281777937657,0.002436690693812012,0.009848356246948242,0.02555864073556839,8.09750037523609e-05,0.011253595352172852,ok
n,1040,1040,1000,0.6,normal,0.1,2769674521,-0.019900445147178196,0.0026940177169546583,0.007604122161865234,0.053546929650152744,0.00046412011023394653,0.010425806045532227,ok
n,1040,1040,1000,0.6,normal,0.1,3126907547,-0.011944725324970595,2.43796787338308e-05,0.009155511856079102,0.01210179928831774,0.0008400782173747358,0.010355710983276367,ok
n,1040,1040,1000,0.6,normal,0.1,3350062007,0.013569820150059588,0.00013063432650484567,0.007689714431762695,0.029339570462550698,1.8837447621902326e-05,0.012544393539428711,ok
n,1040,1040,1000,0.6,normal,0.1,2450129809,-0.06728961624981916,1.1352605944506584e-05,0.006953239440917969,-0.043736151697863615,0.00040739796193693537,0.012137413024902344,ok
n,1040,1040,1000,0.6,normal,0.1,2950365321,-0.06509401887554626,0.00039334849619270684,0.01177215576171875,-0.04490677934532171,1.254747998723426e-07,0.01104426383972168,ok
n,1040,1040,1000,0.6,normal,0.1,3644118693,-0.0359043939116786,0.0002810753160141499,0.007948160171508789,-0.050619755021017336,4.202253358899082e-06,0.007433652877807617,ok
n,1040,1040,1000,0.6,normal,0.1,1823564740,0.04830739752122016,0.0012228615142538667,0.009779214859008789,0.009157895861628207,1.7472941734962864e-05,0.010499238967895508,ok
n,1040,1040,1000,0.6,normal,0.1,414085428,0.012981753099099323,0.0003266869361753408,0.0060939788818359375,-0.012645531200605357,5.70448072814142e-05,0.008695602416992188,ok
n,1040,1040,1000,0.6,normal,0.1,1281930966,-0.06581274863500985,0.003966334326818953,0.010625839233398438,-0.3177438207330112,0.09916825293294747,0.008245468139648438,ok
n,1040,1040,1000,0.6,normal,0.1,3363109461,-0.009188851670645455,3.829168113660155e-06,0.008927583694458008,-0.01194087142417078,2.2173228617775833e-05,0.010153532028198242,ok
n,1040,1040,1000,0.6,normal,0.1,3104234836,-0.01147941923506471,7.904281745929277e-05,0.0066759586334228516,-0.051594550999691874,0.000974971211479417,0.00792551040649414,ok
n,1040,1040,1000,0.6,normal,0.1,2410088788,0.03809883222299547,0.002080208381743539,0.010072946548461914,-0.04112849133398615,0.0011301714081841448,0.011794328689575195,ok
n,1040,1040,1000,0.6,normal,0.1,3351659772,-0.012415651243041056,0.00011348321374773854,0.009933233261108398,0.020123542931145783,0.00047901206002640584,0.010814905166625977,ok
n,1040,1040,1000,0.6,normal,0.1,454333241,-0.014784014801832012,4.265380827526529e-05,0.010180473327636719,-0.016596909098107834,2.226041110060142e-05,0.010918855667114258,ok
n,1040,1040,1000,0.6,normal,0.1,3677776869,0.054351117245098744,0.007289241317323753,0.009444475173950195,0.006458938744544738,0.0014051158769858392,0.0104522705078125,ok
n,1040,1040,1000,0.6,normal,0.1,2243273589,-0.03093394826870215,0.0013268833287144353,0.007894754409790039,0.004656430411789751,6.989479822220878e-07,0.007608652114868164,ok
n,1040,1040,1000,0.6,normal,0.1,3363705510,0.02338479757255356,9.088456355793702e-05,0.00777435302734375,0.02501364328007596,6.248102338861125e-05,0.011340856552124023,ok
n,1040,1040,1000,0.6,normal,0.1,2428095278,-0.00664629298447632,1.3393340843503413e-06,0.006758689880371094,-0.02725021093151568,0.0003781711042649515,0.0072078704833984375,ok
n,1040,1040,1000,0.6,normal,0.1,436542514,-0.05805334083563402,0.006150863160811363,0.00582122802734375,0.012580690070478795,6.073720700629606e-05,0.008557319641113281,ok
n,1040,1040,1000,0.6,normal,0.1,2438470446,-0.0032480505412559673,2.8128493845303388e-05,0.008929014205932617,0.024651329309196297,0.0005105678999356652,0.013181447982788086,ok
n,1040,1040,1000,0.6,normal,0.1,2575611675,0.033736489286304204,0.0009442788450869263,0.010198831558227539,-0.7299544186399473,0.6311031815229734,0.017432451248168945,ok
n,1040,1040,1000,0.6,normal,0.1,859614142,0.01359034025430782,1.5848369627824948e-05,0.010574579238891602,-0.007092066806373856,0.0002789369616104581,0.02747058868408203,ok
n,1040,1040,1000,0.6,normal,0.1,970245105,0.031316400107187094,0.0036541223458087502,0.010628700256347656,-0.582091494840617,0.3057631667887872,0.012443304061889648,ok
n,1040,1040,1000,0.6,normal,0.1,2336080084,-0.018475871746003163,0.0007913478600940887,0.010466337203979492,0.02395812742928565,0.0002045784806281614,0.014448404312133789,ok
n,1040,1040,1000,0.6,normal,0.1,3570953663,-0.027645427509023778,0.0007388200050456423,0.009287834167480469,0.01622094043602154,0.00027839337354833445,0.009110689163208008,ok
n,1040,1040,1000,0.6,normal,0.1,1587732028,0.01745008215511979,0.00615132504201657,0.0067903995513916016,0.00016102938507948193,0.0037382623125628315,0.008778810501098633,ok
n,1040,1040,1000,0.6,normal,0.1,2102821587,0.06924904966614469,1.7132558501402533e-05,0.004704475402832031,0.07215148670769182,4.9583940882686984e-05,0.009854555130004883,ok
n,1040,1040,1000,0.6,normal,0.1,2444062403,0.018283122202046517,0.0007896879092748205,0.009036540985107422,-0.019117298635997575,8.64720442355131e-05,0.012148141860961914,ok
n,1040,1040,1000,0.6,normal,0.1,577716231,-0.02380390729190317,0.00015452037367802193,0.010773897171020508,-0.025780723551676234,0.00020757428922961132,0.012273550033569336,ok
n,1040,1040,1000,0.6,normal,0.1,2423443052,-0.03744039981792273,0.0005921826510410438,0.008853435516357422,-0.018604614075507928,3.0239193961092257e-05,0.010162115097045898,ok
n,2040,2040,1000,0.6,normal,0.1,1820881438,-0.03488041474097728,8.188251119469271e-05,0.02114129066467285,-0.04080533061428759,9.759249199851097e-06,0.0228273868560791,ok
n,2040,2040,1000,0.6,normal,0.1,3689975065,-0.021678790694852294,0.0005064801777532471,0.01801156997680664,-0.03752358504465145,4.435986423537994e-05,0.0118255615234375,ok
n,2040,2040,1000,0.6,normal,0.1,3185495976,0.06920515563206905,1.830282998194354e-06,0.01865863800048828,0.047311169678356725,0.00042193705348224527,0.01967024803161621,ok
n,2040,2040,1000,0.6,normal,0.1,2165663450,0.003208258081447841,0.00035364642026614154,0.01540231704711914,-0.010436738948124477,2.663067840233985e-05,0.018729686737060547,ok
n,2040,2040,1000,0.6,normal,0.1,1441505965,0.03508287578930299,0.00032004175932154284,0.015171051025390625,0.06429150542026535,0.00012811791919071824,0.017910003662109375,ok
n,2040,2040,1000,0.6,normal,0.1,4198392232,0.0026936727470036376,0.00020573890637989466,0.01569199562072754,-0.03302199472718464,0.0004567652004452919,0.01741790771484375,ok
n,2040,2040,1000,0.6,normal,0.1,3848499095,0.030938257074130074,8.609671671600047e-05,0.013117313385009766,0.004447999597313356,0.0002962331791274987,0.013020515441894531,ok
n,2040,2040,1000,0.6,normal,0.1,1167967466,0.014914798716272038,1.45192482997245e-05,0.012270450592041016,0.025804138277414755,5.01111992717913e-05,0.018205642700195312,ok
n,2040,2040,1000,0.6,normal,0.1,3708029225,-0.014826359025996078,0.00021272453387576106,0.02013230323791504,-0.008180786206837213,6.303576081230338e-05,0.023331880569458008,ok
n,2040,2040,1000,0.6,normal,0.1,3443082061,0.01929890069347882,7.768060583750766e-05,0.019309043884277344,-0.001033290319682101,0.0001326765524643161,0.021707773208618164,ok
n,2040,2040,1000,0.6,normal,0.1,4099314454,0.026131426850565905,9.330412127518416e-05,0.019779205322265625,-0.5717627504449467,0.36912135638667226,0.01891469955444336,ok
n,2040,2040,1000,0.6,normal,0.1,1684010960,-0.001698431463429175,0.00043108293954362867,0.015098333358764648,0.025762648417270398,4.487047773527571e-05,0.015688419342041016,ok
n,2040,2040,1000,0.6,normal,0.1,2252834183,0.012120683186963518,0.00014781611485324955,0.017542362213134766,0.013603147203208304,0.00018606130589237722,0.01749253273010254,ok
n,2040,2040,1000,0.6,normal,0.1,1243093914,0.0010254379870492018,0.0004955862465500428,0.015860795974731445,-0.03521751804390063,0.00019547366142288368,0.017374753952026367,ok
n,2040,2040,1000,0.6,normal,0.1,3743994401,-0.016531480469320115,0.0011581742288250135,0.015140533447265625,0.012401445569255142,2.6000136459566572e-05,0.012878656387329102,ok
n,2040,2040,1000,0.6,normal,0.1,17633407,0.08232225381380831,0.0003023176128485534,0.016741514205932617,0.0691130992187067,1.7456757622982593e-05,0.020844221115112305,ok
n,2040,2040,1000,0.6,normal,0.1,2986124634,-0.015287771487987574,0.0011525014393697788,0.014492034912109375,0.019008051649409195,1.2062530897640165e-07,0.022513628005981445,ok
n,2040,2040,1000,0.6,normal,0.1,886006139,0.011595919305983873,0.000870575662090319,0.01604485511779785,0.019565035250124985,0.0004638166643440614,0.013883352279663086,ok
n,2040,2040,1000,0.6,normal,0.1,694650268,-0.014604291041776882,1.8175404230280584e-05,0.019366025924682617,-0.006538042534012384,0.00015201683326427379,0.019500255584716797,ok
n,2040,2040,1000,0.6,normal,0.1,2857014511,-0.025551631209822068,0.00023292701965439393,0.018179893493652344,0.0011643408173259708,0.001762145667761396,0.015380382537841797,ok
n,2040,2040,1000,0.6,normal,0.1,2260294147,-0.03894355466207546,0.0014749977151757377,0.01525735855102539,-0.017694280682979235,0.00029434291927325616,0.01715826988220215,ok
n,2040,2040,1000,0.6,normal,0.1,2483695673,-0.025702981802102662,5.471560677346154e-05,0.01064300537109375,-0.016447403925520347,3.4543122827636116e-06,0.012788534164428711,ok
n,2040,2040,1000,0.6,normal,0.1,3317850090,-0.028844126134960908,1.1980038885002354e-05,0.016731739044189453,-0.01763376129005059,6.004925702924777e-05,0.020206928253173828,ok
n,2040,2040,1000,0.6,normal,0.1,3264952906,0.007689089124282653,0.0005803489432861138,0.016629695892333984,0.03377707340581195,3.990212684644893e-06,0.018173694610595703,ok
n,2040,2040,1000,0.6,normal,0.1,2044948565,0.035163831008681,0.0001254535690835329,0.020100116729736328,0.030617211389150537,4.4275531374935114e-05,0.024099111557006836,ok
n,2040,2040,1000,0.6,normal,0.1,255305064,0.012851821402044036,0.0003403390445234362,0.020379066467285156,0.0280402577712063,1.0626582187672191e-05,0.022619247436523438,ok
n,2040,2040,1000,0.6,normal,0.1,2831372508,-0.046629229088212425,0.00026466936408820336,0.020889759063720703,-0.06116991705152862,2.9858943583327833e-06,0.021021366119384766,ok
n,2040,2040,1000,0.6,normal,0.1,1630128417,0.01626184540604931,3.118702342622695e-05,0.019534587860107422,-0.013108372120827463,0.0005657587262356162,0.01963043212890625,ok
n,2040,2040,1000,0.6,normal,0.1,71943399,0.024268885424264315,8.486359216622388e-06,0.017027616500854492,0.014412213489024769,4.821269637964111e-05,0.01275944709777832,ok
n,2040,2040,1000,0.6,normal,0.1,224745834,0.019456017095076654,0.0012128946510028204,0.016029834747314453,-0.015867637412461593,2.470263132756408e-07,0.017455101013183594,ok
n,2040,2040,1000,0.6,normal,0.1,1487832142,-0.04317928485943695,9.986657776763706e-05,0.016057491302490234,-0.058881468448283715,0.0006602592470364501,0.019263505935668945,ok
n,2040,2040,1000,0.6,normal,0.1,3751950896,-0.016533017046786197,0.0005531003846890026,0.015671968460083008,-0.00611619723686023,0.00017164318446548135,0.015170574188232422,ok
n,2040,2040,1000,0.6,normal,0.1,2262563793,-0.0016068639348427018,0.00024237635907568716,0.01939082145690918,-0.013075036754786438,0.000730978493630669,0.013141632080078125,ok
n,2040,2040,1000,0.6,normal,0.1,3011018095,-0.009114073024941166,2.4269151401272593e-05,0.01938462257385254,-0.019673694181873157,0.00023981601649384856,0.02033066749572754,ok
n,2040,2040,1000,0.6,normal,0.1,3671936948,0.026107239842197424,0.0012047589831371815,0.017774581909179688,-0.007876546907592997,5.268603102529049e-07,0.018258094787597656,ok
n,2040,2040,1000,0.6,normal,0.1,2688266395,-0.017619694933330453,8.702685725756645e-06,0.018486499786376953,-0.17291712061068368,0.023209728519097337,0.0197145938873291,ok
n,2040,2040,1000,0.6,normal,0.1,2477701436,-0.010985620813298274,0.0009764658113362218,0.017403125762939453,-0.5718055837576402,0.280445984205011,0.01880669593811035,ok
n,2040,2040,1000,0.6,normal,0.1,1155736471,0.04699901890528511,0.0005670659878721182,0.01711106300354004,0.09182927514328434,0.0004417188649868312,0.01750493049621582,ok
n,2040,2040,1000,0.6,normal,0.1,677886635,0.01398962504073417,0.0023351432814722743,0.015224695205688477,-0.04409849080480952,9.535123272202288e-05,0.011939048767089844,ok
n,2040,2040,1000,0.6,normal,0.1,2176805048,-0.00034089051161745863,1.866119247309006e-05,0.01597428321838379,0.0214411319826497,0.0006813082821523294,0.019178390502929688,ok
n,2040,2040,1000,0.6,normal,0.1,1551260608,-0.015198731897620318,0.00023593084472195102,0.019463300704956055,0.012817912532504666,0.00016018962258236168,0.021292448043823242,ok
n,2040,2040,1000,0.6,normal,0.1,664360170,0.08620694198687108,0.0022098248613344248,0.019421815872192383,0.12777319069537577,2.9621084830994605e-05,0.021718263626098633,ok
n,2040,2040,1000,0.6,normal,0.1,851611952,7.297517856526405e-05,0.0003365887818301826,0.017459392547607422,0.0019044923913717562,0.00027273990318386275,0.01967477798461914,ok
n,2040,2040,1000,0.6,normal,0.1,2356895101,-0.029896940160174013,0.002597855719374541,0.01805901527404785,0.00980854123454019,0.000126870554786176,0.019625186920166016,ok
n,2040,2040,1000,0.6,normal,0.1,4124194038,-0.039586017365319026,0.0014783250387414711,0.014028310775756836,0.012299516120883258,0.00018054062861490717,0.017546653747558594,ok
n,2040,2040,1000,0.6,normal,0.1,4101204663,-0.061282989829569784,4.2988328090365784e-05,0.017687320709228516,-0.07847382365916213,0.00011308802470228647,0.02300739288330078,ok
n,2040,2040,1000,0.6,normal,0.1,2580761093,2.312844054917833e-05,4.5259597691221726e-05,0.019134998321533203,-0.007748635116255252,0.0002102293795709492,0.02097606658935547,ok
n,2040,2040,1000,0.6,normal,0.1,3751315827,-0.02860514224589982,1.1543730534143131e-06,0.016780376434326172,-0.03871238914057577,0.00012502961956252823,0.019156455993652344,ok
n,2040,2040,1000,0.6,normal,0.1,2824350594,0.017696665393741894,0.0002973201514616304,0.01753830909729004,0.009526426909011404,8.231452925487723e-05,0.018195390701293945,ok
n,2040,2040,1000,0.6,normal,0.1,944677902,-0.011077621202933216,0.0005284587039835613,0.011205673217773438,-0.0004563982543727744,0.00015294285558322977,0.012289762496948242,ok
n,3040,3040,1000,0.6,normal,0.1,2769450498,0.039830778450841715,1.7493587432549695e-08,0.018710613250732422,0.050770818976096026,0.0001225959125768423,0.028409481048583984,ok
n,3040,3040,1000,0.6,normal,0.1,1714958982,-0.0008284294639345619,1.9536682696943855e-05,0.021741151809692383,0.019423464763593364,0.00025064786225077176,0.023406028747558594,ok
n,3040,3040,1000,0.6,normal,0.1,159265289,-0.012338824023286489,7.253077092120135e-05,0.02747631072998047,0.005739088624535249,9.142061331375813e-05,0.03213167190551758,ok
n,3040,3040,1000,0.6,normal,0.1,3309821526,0.014071303112256312,1.6120800365932483e-06,0.014056921005249023,0.028344855899421442,0.0001691007818801726,0.015584707260131836,ok
n,3040,3040,1000,0.6,normal,0.1,2344340789,0.01626867886152165,3.102486752705711e-05,0.02458810806274414,0.03050539402641532,7.511200227612457e-05,0.023949861526489258,ok
n,3040,3040,1000,0.6,normal,0.1,389491436,-0.022563275328127536,1.3853943485821152e-05,0.018184423446655273,-0.01948219820082822,4.108956977269595e-07,0.02379608154296875,ok
n,3040,3040,1000,0.6,normal,0.1,2810882944,0.047188117996425756,1.1034649477437722e-05,0.02021169662475586,0.0545977024618194,1.6709619753301144e-05,0.028995990753173828,ok
n,3040,3040,1000,0.6,normal,0.1,3908954905,-0.030869577307834736,0.0006481182417567705,0.024027585983276367,-0.06385781836525127,5.670202277664439e-05,0.026090383529663086,ok
n,3040,3040,1000,0.6,normal,0.1,736410639,-0.028312604915008612,5.084470596360167e-07,0.02776932716369629,-0.03758087651519386,7.319173555599807e-05,0.028685569763183594,ok
n,3040,3040,1000,0.6,normal,0.1,3875562183,-0.007334102808269941,0.00019683624159926974,0.02484750747680664,-0.03476627680140534,0.00017962271773893832,0.0218048095703125,ok
n,3040,3040,1000,0.6,normal,0.1,2782622965,-0.025685122145465502,5.513016399450639e-05,0.026353836059570312,-0.04341242155387413,0.00010613801275486823,0.03076767921447754,ok
n,3040,3040,1000,0.6,normal,0.1,2048140797,0.0006851659250435825,2.8503359339762893e-05,0.0209810733795166,-0.004087398124085602,3.2068402275330654e-07,0.028085708618164062,ok
n,3040,3040,1000,0.6,normal,0.1,2231998619,-0.031190675048173713,0.0005624608284993658,0.024168968200683594,-0.0626192677406773,5.948012755421347e-05,0.02046489715576172,ok
n,3040,3040,1000,0.6,normal,0.1,3623886711,0.005293165328137529,3.608607534276897e-06,0.022481441497802734,0.013659857934851569,4.182285314945019e-05,0.025496482849121094,ok
n,3040,3040,1000,0.6,normal,0.1,370243791,0.014734946559368658,5.004988827493622e-05,0.024213075637817383,0.008071946948255554,0.00018872149377827428,0.016660213470458984,ok
n,3040,3040,1000,0.6,normal,0.1,913633422,0.002317919073373234,9.550309660398323e-05,0.024462223052978516,0.012473144601308559,1.4642634163647137e-07,0.0255584716796875,ok
n,3040,3040,1000,0.6,normal,0.1,1954861691,0.0292812552010972,4.553721863104209e-05,0.034587860107421875,0.020354892513021403,0.00024568962842849153,0.035505056381225586,ok
n,3040,3040,1000,0.6,normal,0.1,2977201051,0.004431969600208219,3.7912567226918436e-05,0.03294229507446289,-0.005035943712455883,1.0960040101686159e-05,0.04147219657897949,ok
n,3040,3040,1000,0.6,normal,0.1,66254125,-0.02313187291662711,0.00034796989046173777,0.03323507308959961,-0.04602500463549012,1.7970652587379018e-05,0.027889013290405273,ok
n,3040,3040,1000,0.6,normal,0.1,2710776288,0.008338315462515783,2.7479607086321512e-06,0.025732994079589844,0.004562286429748999,4.4873288569708165e-06,0.020127534866333008,ok
n,3040,3040,1000,0.6,normal,0.1,1654726241,0.034788246998460795,0.0001970676226952498,0.029352903366088867,0.05124514019571498,5.850668894962645e-06,0.028064489364624023,ok
n,3040,3040,1000,0.6,normal,0.1,3562628228,0.025681430544559132,1.4637922060226615e-06,0.018812894821166992,0.019463914489702375,2.5076490910617172e-05,0.039583683013916016,ok
n,3040,3040,1000,0.6,normal,0.1,3125658334,0.01994859344211254,0.0007767286611437648,0.025795936584472656,-0.010738987240753884,7.939593854322987e-06,0.02331852912902832,ok
n,3040,3040,1000,0.6,normal,0.1,2734987911,-0.02789792786131645,0.0004638708537125542,0.0382993221282959,-0.04427153594889185,2.666744544625149e-05,0.027524948120117188,ok
n,3040,3040,1000,0.6,normal,0.1,3342860453,-0.008656858881894906,3.3336735606712236e-05,0.03873133659362793,0.00297765498604049,0.00030304929876053606,0.03560948371887207,ok
n,3040,3040,1000,0.6,normal,0.1,2790424227,-0.001667690823730901,0.00021031464560668434,0.03812742233276367,0.00501207971494992,6.119085618393358e-05,0.03248786926269531,ok
n,3040,3040,1000,0.6,normal,0.1,2384443122,0.003838580766467266,4.053921397168711e-05,0.032198429107666016,0.016302461348341808,3.717145013315669e-05,0.04499411582946777,ok
n,3040,3040,1000,0.6,normal,0.1,3423353788,-0.0164101269953568,9.38440682133492e-05,0.034626007080078125,-0.027298649560845996,1.4429000736696818e-06,0.029607534408569336,ok
n,3040,3040,1000,0.6,normal,0.1,714782370,0.011484258895833871,0.00022812456792844298,0.03851962089538574,0.03361023701538256,4.931108155572273e-05,0.03096485137939453,ok
n,3040,3040,1000,0.6,normal,0.1,2958095239,0.006015221835804164,4.365396157067807e-05,0.029808521270751953,0.003834831076325253,7.722024809294184e-05,0.03539848327636719,ok
n,3040,3040,1000,0.6,normal,0.1,3969224228,-0.008836551342195855,3.632007096638412e-06,0.02763962745666504,0.003576383264546464,0.00011040024451577342,0.048229217529296875,ok
n,3040,3040,1000,0.6,normal,0.1,3562245828,-0.01371032710681559,0.00027811041737493586,0.02998208999633789,-0.02531719936033952,2.5702574091953875e-05,0.032895565032958984,ok
n,3040,3040,1000,0.6,normal,0.1,838089174,0.011282110890882336,2.4507852005241482e-05,0.03819394111633301,0.014699438859675057,7.00212240008808e-05,0.038223981857299805,ok
n,3040,3040,1000,0.6,normal,0.1,2771836536,-0.001608327425918587,0.00017124407782556173,0.030466079711914062,0.015649525805389128,1.7404142016580406e-05,0.04748249053955078,ok
n,3040,3040,1000,0.6,normal,0.1,1468509405,-0.001070419132818113,2.3185696568648396e-05,0.026396512985229492,0.006651326935183955,0.00015717383343818848,0.04775094985961914,ok
n,3040,3040,1000,0.6,normal,0.1,517636502,0.018008824036591802,9.59280855261155e-06,0.038994550704956055,0.01341680844529696,2.234396087524305e-06,0.030022382736206055,ok
n,3040,3040,1000,0.6,normal,0.1,3333209928,-0.025874440456319408,1.9042506014893227e-05,0.04294538497924805,-0.01728811725854557,0.00016770496547385084,0.028235435485839844,ok
n,3040,3040,1000,0.6,normal,0.1,674724751,0.03188737981817778,0.000319922350918186,0.02832627296447754,0.05354301252854849,1.4207316272708689e-05,0.03904271125793457,ok
n,3040,3040,1000,0.6,normal,0.1,2940166135,-0.005631205761730368,1.2661230593910479e-05,0.031976938247680664,-0.008217220944678688,3.775214578454612e-05,0.03475022315979004,ok
n,3040,3040,1000,0.6,normal,0.1,2154284034,-0.0156977920415391,2.8007262015284408e-06,0.03296923637390137,-0.0048335929163178405,0.00015719482797845797,0.042078256607055664,ok
n,3040,3040,1000,0.6,normal,0.1,1166182655,0.003368706817612656,6.517925379713227e-05,0.03136920928955078,0.009508323918705711,3.739388451268451e-06,0.03103351593017578,ok
n,3040,3040,1000,0.6,normal,0.1,523775468,0.01634786104459511,3.4806305362952506e-05,0.028356075286865234,0.0004530797948663086,0.00047499884135665396,0.03607034683227539,ok
n,3040,3040,1000,0.6,normal,0.1,2361128748,0.02485616170775902,4.609377012010577e-05,0.04293322563171387,0.04149900297670734,9.709347198387921e-05,0.03886246681213379,ok
n,3040,3040,1000,0.6,normal,0.1,1179075891,0.0052913940271867525,0.00044055473213831125,0.04049324989318848,0.020361943715658918,3.503273818914814e-05,0.031545162200927734,ok
n,3040,3040,1000,0.6,normal,0.1,1362663379,-0.009577037240613298,0.0007388669532547418,0.03764462471008301,0.021936754153818534,1.8763487733611873e-05,0.03804159164428711,ok
n,3040,3040,1000,0.6,normal,0.1,1243484685,-0.01988753602514203,9.694081155580348e-05,0.03345513343811035,-0.027603114885701035,4.538065801409112e-06,0.03093552589416504,ok
n,3040,3040,1000,0.6,normal,0.1,82573506,-0.013214165434736911,0.0003816104637863479,0.02832627296447754,-0.04128494278048553,7.286201227768251e-05,0.040265560150146484,ok
n,3040,3040,1000,0.6,normal,0.1,1518485986,0.023008910412176904,8.870880495776942e-05,0.033215999603271484,0.03187458402490023,3.056559137967773e-07,0.035492897033691406,ok
n,3040,3040,1000,0.6,normal,0.1,2146314306,-0.044074957641826784,4.0244396468506737e-05,0.03539156913757324,-0.05891842300926212,7.224351010215948e-05,0.03933215141296387,ok
n,3040,3040,1000,0.6,normal,0.1,2982510237,-0.01466370755354819,0.00045596451663262665,0.031038999557495117,-0.03192964204754185,1.6706766523008013e-05,0.031534433364868164,ok
n,4040,4040,1000,0.6,normal,0.1,2003409182,0.025008444447997644,0.001073622777492069,0.04650998115539551,0.004386659300502767,0.00014748640998645793,0.04352307319641113,ok
n,4040,4040,1000,0.6,normal,0.1,1626999094,0.006574980079672852,4.438360326518969e-05,0.03731727600097656,0.019185843213283284,0.000371447185639579,0.04907822608947754,ok
n,4040,4040,1000,0.6,normal,0.1,2556468550,0.01344832925366411,2.318205287485751e-05,0.037189483642578125,-0.004797603180470239,0.0005317962013756387,0.06009411811828613,ok
n,4040,4040,1000,0.6,normal,0.1,3890968778,-0.014435904980111557,0.00017971023076761237,0.053490400314331055,-0.01331666509785763,0.000210971102982123,0.042588233947753906,ok
n,4040,4040,1000,0.6,normal,0.1,2607385473,-0.04970143582225413,1.6718189598669235e-06,0.0391690731048584,-0.1313023775192991,0.006449367365410458,0.0500643253326416,ok
n,4040,4040,1000,0.6,normal,0.1,1466082943,0.002067632128063698,6.81171200277867e-05,0.03630566596984863,0.01588794359933636,3.099150937990286e-05,0.02760171890258789,ok
n,4040,4040,1000,0.6,normal,0.1,4246959534,-0.008303661513395046,0.0004507076421310272,0.0324101448059082,-0.03353500082621503,1.6011707295128207e-05,0.04103279113769531,ok
n,4040,4040,1000,0.6,normal,0.1,2137857281,0.025690107990722647,6.517690428415125e-05,0.030124425888061523,-0.0006519347549365496,0.00033374983220387926,0.030034303665161133,ok
n,4040,4040,1000,0.6,normal,0.1,3672690052,0.029837343893125496,6.178100684526353e-05,0.04979276657104492,0.02127536949003075,4.926424263673258e-07,0.05232095718383789,ok
n,4040,4040,1000,0.6,normal,0.1,861671677,0.026603634162248754,0.0002891695627892578,0.042493581771850586,0.020158883287648626,0.0001115185745537904,0.04506397247314453,ok
n,4040,4040,1000,0.6,normal,0.1,164394434,0.016423174123173855,0.0004604409924420183,0.04681849479675293,0.0015806182405681368,4.376262982032937e-05,0.044946908950805664,ok
n,4040,4040,1000,0.6,normal,0.1,3592648294,-0.019341901847568496,0.0005941398908508365,0.04215502738952637,-0.029210158938951604,0.00021044515288907843,0.03767895698547363,ok
n,4040,4040,1000,0.6,normal,0.1,2404603284,0.023330572745258047,3.823220647791176e-05,0.044768333435058594,0.0267387886143976,9.199563723783896e-05,0.0483708381652832,ok
n,4040,4040,1000,0.6,normal,0.1,4219612204,-0.022145531200024843,0.0008597029567703341,0.04748988151550293,-0.0028013121411596784,9.953000465936555e-05,0.054915666580200195,ok
n,4040,4040,1000,0.6,normal,0.1,336399281,0.01585636773207418,7.303978694269e-06,0.03406023979187012,0.026738867307491806,6.691096307759682e-05,0.0479741096496582,ok
n,4040,4040,1000,0.6,normal,0.1,2135266716,0.02602054527312418,6.99489375040349e-07,0.037732839584350586,0.02454738216002791,4.05524809691761e-07,0.051229000091552734,ok
n,4040,4040,1000,0.6,normal,0.1,1932948813,-0.024028914321887362,0.00042901389676263215,0.035395145416259766,0.0044752718717404796,6.070802619770199e-05,0.05223679542541504,ok
n,4040,4040,1000,0.6,normal,0.1,3779440239,0.05975360894960849,0.0003101613899215007,0.0519716739654541,0.04497354871063093,8.01648162080858e-06,0.048858642578125,ok
n,4040,4040,1000,0.6,normal,0.1,3060553201,0.029913877240385602,3.349447841152117e-06,0.033113718032836914,0.03029473874654956,4.888570453198307e-06,0.06759810447692871,ok
n,4040,4040,1000,0.6,normal,0.1,3288106415,-0.03196966466592876,0.00020619079969651206,0.041034698486328125,-0.01657633540908724,1.0691226608528674e-06,0.043718576431274414,ok
n,4040,4040,1000,0.6,normal,0.1,3216837944,0.0070384096125503896,7.99651033440406e-09,0.04431414604187012,0.00926384200417989,4.562535227643448e-06,0.05213618278503418,ok
n,4040,4040,1000,0.6,normal,0.1,1177593651,0.019365286898911264,0.0005390842062504879,0.04792666435241699,0.0419146334792853,4.4734746900190076e-07,0.05288243293762207,ok
n,4040,4040,1000,0.6,normal,0.1,3681984854,-0.010666167590437996,0.00010856874352555969,0.03932929039001465,0.006948494514565387,5.176844957332769e-05,0.04651021957397461,ok
n,4040,4040,1000,0.6,normal,0.1,149118367,-0.02622715270282438,0.0003433746472577441,0.0465853214263916,-0.04341592441982524,1.7998884812152268e-06,0.049182891845703125,ok
n,4040,4040,1000,0.6,normal,0.1,1849545639,0.01630455328947528,0.0005331338867774483,0.04639124870300293,0.03959212307657361,3.9155531876815105e-08,0.04257392883300781,ok
n,4040,4040,1000,0.6,normal,0.1,1915087823,-0.007518844689660679,0.00010201773321232278,0.028348922729492188,-0.013248620764141877,1.910220336801276e-05,0.04774975776672363,ok
n,4040,4040,1000,0.6,normal,0.1,1149996483,0.008706655228628585,0.0004937783432205892,0.03812003135681152,-0.01969616993454413,3.821343166398279e-05,0.05087733268737793,ok
n,4040,4040,1000,0.6,normal,0.1,4220707382,0.01081897512226582,0.0004486680710552215,0.03298616409301758,-0.0016651038064057582,7.565011359788796e-05,0.051706552505493164,ok
n,4040,4040,1000,0.6,normal,0.1,884721174,0.014402120705422489,1.5277593286885775e-05,0.04383254051208496,0.02092749102125602,6.8471927659523956e-06,0.04405689239501953,ok
n,4040,4040,1000,0.6,normal,0.1,728423228,-0.023254082787621675,0.00022937327497716948,0.04285621643066406,0.00020130780331435638,6.906135717110002e-05,0.047807931900024414,ok
n,4040,4040,1000,0.6,normal,0.1,1967315514,0.016086724190920186,0.00018153497611165292,0.04097414016723633,0.0031843615746288746,3.2618832520436994e-07,0.04512214660644531,ok
n,4040,4040,1000,0.6,normal,0.1,694569576,-0.04981053716537635,0.00017600564688619377,0.03806161880493164,-0.04002244523668584,1.2100797494389028e-05,0.04778599739074707,ok
n,4040,4040,1000,0.6,normal,0.1,2955618638,-0.026765449142666962,3.45479837912953e-05,0.03925132751464844,-0.009111548921333845,0.00013867763644178065,0.04434370994567871,ok
n,4040,4040,1000,0.6,normal,0.1,1952394912,-0.026057949185560453,0.00014707342294355898,0.048166513442993164,-0.03174696664502735,4.145255323044545e-05,0.04417014122009277,ok
n,4040,4040,1000,0.6,normal,0.1,3309258835,-0.02968847146937048,0.0002523145277203818,0.0334625244140625,-0.028751932345760182,0.0002829443788431488,0.04589986801147461,ok
n,4040,4040,1000,0.6,normal,0.1,1527507611,-0.008033058885307864,7.521148458704133e-06,0.03951096534729004,-0.014631755693337968,1.4870475692727379e-05,0.054444313049316406,ok
n,4040,4040,1000,0.6,normal,0.1,317533377,-0.016195691737015346,5.1436224359327585e-05,0.04276275634765625,-0.02224592392935154,0.00017482491751963142,0.05443692207336426,ok
n,4040,4040,1000,0.6,normal,0.1,1415955110,-0.007537682732293611,8.942122408005248e-05,0.029030323028564453,-0.0038978629468086603,3.383120490099291e-05,0.05408954620361328,ok
n,4040,4040,1000,0.6,normal,0.1,3492580233,0.029002652937901177,1.8434399646075507e-05,0.0370180606842041,0.03898790718662396,3.239572520828134e-05,0.047859907150268555,ok
n,4040,4040,1000,0.6,normal,0.1,1563444596,0.005222939682681331,2.3993896394566254e-07,0.036661386489868164,0.0040067507502084855,2.910519875774356e-06,0.04041600227355957,ok
n,4040,4040,1000,0.6,normal,0.1,2101676313,0.009842006700564095,0.00010688109569009979,0.03362536430358887,0.026472774604400198,3.959475742634429e-05,0.04017043113708496,ok
n,4040,4040,1000,0.6,normal,0.1,2609699585,-0.013207114071773338,0.0008306971329539718,0.04141426086425781,-0.030844898297995617,0.0001250825882205672,0.038893938064575195,ok
n,4040,4040,1000,0.6,normal,0.1,3694743232,-0.023046449935550873,1.655488167902646e-05,0.03533744812011719,-0.025212137742280365,3.621718263758838e-06,0.046041250228881836,ok
n,4040,4040,1000,0.6,normal,0.1,43991982,-0.008837621840783143,4.884681793401805e-05,0.025223493576049805,-0.13085656055760522,0.013231875330602903,0.04051852226257324,ok
n,4040,4040,1000,0.6,normal,0.1,4262881764,-0.007684109330632362,0.001748793425203139,0.04751873016357422,0.04174238345492206,5.788037479575861e-05,0.038763999938964844,ok
n,4040,4040,1000,0.6,normal,0.1,1861658710,0.008962591822461658,0.0005439480008096827,0.037975311279296875,0.024287922372030982,6.395780343319085e-05,0.05151534080505371,ok
n,4040,4040,1000,0.6,normal,0.1,570706956,0.03054704687445072,0.0003412015810856572,0.02746105194091797,0.049755068171025325,5.422535551281224e-07,0.03852510452270508,ok
n,4040,4040,1000,0.6,normal,0.1,1037791459,0.023388199852320754,7.656775738924389e-05,0.031020164489746094,0.022077456832463704,5.534701426665419e-05,0.05632305145263672,ok
n,4040,4040,1000,0.6,normal,0.1,1569431836,0.03028129793355939,7.715026201625096e-05,0.043149709701538086,0.03807387919088433,9.819639268645137e-07,0.0318758487701416,ok
n,4040,4040,1000,0.6,normal,0.1,925632437,0.007552612457452612,0.00013687824304843226,0.05042672157287598,0.01814569520475562,1.2241537275405278e-06,0.04008913040161133,ok
n,5040,5040,1000,0.6,normal,0.1,3391528270,0.009580449707004252,1.5404308001581532e-05,0.044271230697631836,0.018312907431682682,2.3113262936359545e-05,0.06053662300109863,ok
n,5040,5040,1000,0.6,normal,0.1,4143800568,-0.03338641967901627,6.262548729668179e-06,0.06363511085510254,-0.02704787965289215,7.816413881904922e-05,0.051392316818237305,ok
n,5040,5040,1000,0.6,normal,0.1,2834904991,-0.028979907115410545,0.00010599769046000129,0.04308915138244629,-0.026796339816199735,0.00015572756938581406,0.05733084678649902,ok
n,5040,5040,1000,0.6,normal,0.1,1422135692,-0.019433000359034572,5.1446207620142455e-05,0.051030874252319336,-0.022033976907095534,2.0899751732523477e-05,0.0662531852722168,ok
n,5040,5040,1000,0.6,normal,0.1,2031126715,-0.0029166945149597893,4.495164637894229e-05,0.04901766777038574,-0.011221330121460496,2.560117469533129e-06,0.06180262565612793,ok
n,5040,5040,1000,0.6,normal,0.1,3149507297,-0.0005700322427416491,0.0001271358102711575,0.04900550842285156,-0.01820167791588006,4.04012022570275e-05,0.06472539901733398,ok
n,5040,5040,1000,0.6,normal,0.1,1247563642,-0.06749359002062773,0.00011990080055155858,0.040764570236206055,-0.04815647836702285,7.034494358686331e-05,0.042084693908691406,ok
n,5040,5040,1000,0.6,normal,0.1,2063672444,-0.002515092953629877,7.893631797562916e-06,0.05839061737060547,-0.014079493883626625,7.664722598640545e-05,0.05744147300720215,ok
n,5040,5040,1000,0.6,normal,0.1,3890530114,-0.004458068835523249,7.989345108155327e-05,0.03699159622192383,0.00024135005106843362,1.79682288986107e-05,0.04705381393432617,ok
n,5040,5040,1000,0.6,normal,0.1,1488112041,0.0019116768116590483,1.920790011207212e-05,0.04815316200256348,0.00030826832427534274,7.724360369454844e-06,0.06400275230407715,ok
n,5040,5040,1000,0.6,normal,0.1,2425126116,0.029088380640676023,0.0002502258205959858,0.05169343948364258,0.04468152183844987,5.0799103886804877e-08,0.054808616638183594,ok
n,5040,5040,1000,0.6,normal,0.1,300097794,-0.008140658296047794,2.011243296408142e-05,0.05249166488647461,-0.0011295593391530455,0.00013215313443730082,0.06644511222839355,ok
n,5040,5040,1000,0.6,normal,0.1,202998311,-0.026343767547823325,0.0002531593484605704,0.04928898811340332,-0.04083557839033888,2.0140467970915024e-06,0.054273366928100586,ok
n,5040,5040,1000,0.6,normal,0.1,3982048255,-0.015367774824429083,0.0003300909680575439,0.042526960372924805,-0.1281303940264758,0.017142933299035698,0.05287480354309082,ok
n,5040,5040,1000,0.6,normal,0.1,1098832502,0.021195493592254613,9.081667396014926e-05,0.03964877128601074,0.02938152025771126,1.8056683866680011e-06,0.0658726692199707,ok
n,5040,5040,1000,0.6,normal,0.1,2052178470,-0.0064852115560009175,9.876569366442335e-05,0.044464826583862305,-0.015607582366916702,6.654027872572854e-07,0.05784487724304199,ok
n,5040,5040,1000,0.6,normal,0.1,4002960246,0.005461943335211229,3.578447295297083e-05,0.04586458206176758,-0.001282193735148039,5.80833936828339e-07,0.04127168655395508,ok
n,5040,5040,1000,0.6,normal,0.1,44203601,-0.0018226290238745858,6.526904351175633e-05,0.06190609931945801,0.008015007022098527,3.093061418025046e-06,0.04524374008178711,ok
n,5040,5040,1000,0.6,normal,0.1,2344988326,-0.02771622149984709,0.00015377135152609702,0.04001903533935547,-0.056468070309254714,0.0002673679907425875,0.04713702201843262,ok
n,5040,5040,1000,0.6,normal,0.1,1751252760,0.030337086991705828,8.067490154361136e-05,0.04245400428771973,0.039399931345675036,6.548619009010966e-09,0.06037640571594238,ok
n,5040,5040,1000,0.6,normal,0.1,3740000321,0.014759709675180735,1.4226450231878837e-05,0.05331873893737793,-0.3011519655996872,0.09743130380618838,0.03670191764831543,ok
n,5040,5040,1000,0.6,normal,0.1,3406653530,0.06290660337045319,0.0005976896616402395,0.046386003494262695,0.07209412759117831,0.00023287273158340983,0.050896644592285156,ok
n,5040,5040,1000,0.6,normal,0.1,2478145369,0.02571351928829276,0.0001757481428426818,0.05042147636413574,0.03783099167591362,0.0006438640285690809,0.05858039855957031,ok
n,5040,5040,1000,0.6,normal,0.1,3095712030,-0.029686276816587698,2.530046114824546e-05,0.051561832427978516,-0.039180528021043215,1.9929928312017634e-05,0.059784889221191406,ok
n,5040,5040,1000,0.6,normal,0.1,2207359444,-0.07017729029383894,0.0008461605617491333,0.05503344535827637,-0.08159180934309038,0.0003123815902062385,0.04643869400024414,ok
n,5040,5040,1000,0.6,normal,0.1,1660672265,0.00954402390348147,6.612501152019698e-05,0.05059504508972168,0.027532269530578725,9.715092609197903e-05,0.05129194259643555,ok
n,5040,5040,1000,0.6,normal,0.1,3525450229,0.005554485655911047,3.2129880242176366e-05,0.0462498664855957,-0.007590856862638514,5.5905827990859836e-05,0.045333147048950195,ok
n,5040,5040,1000,0.6,normal,0.1,1671548641,0.0061048893837704786,4.2376737426126063e-07,0.05310940742492676,0.0026306968374921443,1.7017000464048257e-05,0.043549299240112305,ok
n,5040,5040,1000,0.6,normal,0.1,242687526,-0.03062169827586957,1.1589263632296944e-05,0.047571420669555664,-0.033345289511558386,3.75510602527943e-05,0.05464029312133789,ok
n,5040,5040,1000,0.6,normal,0.1,554184772,0.01202911372050613,6.450176182070701e-05,0.04222297668457031,0.0077248652146792805,1.3890904547691599e-05,0.05660867691040039,ok
n,5040,5040,1000,0.6,normal,0.1,1425630028,-0.037001283507756944,0.0005947203394907066,0.036566972732543945,-0.012209251499248668,1.6414111663485788e-07,0.04294133186340332,ok
n,5040,5040,1000,0.6,normal,0.1,2664845411,-0.020664749990932773,3.154716762398e-07,0.048822641372680664,-0.018117782145468254,9.663620882225577e-06,0.042609214782714844,ok
n,5040,5040,1000,0.6,normal,0.1,4158229905,0.028505137349095107,4.965983568006424e-05,0.03802227973937988,0.03911140460946324,1.2668571986548886e-05,0.044943809509277344,ok
n,5040,5040,1000,0.6,normal,0.1,608095043,0.011489242852629249,6.249010115077037e-05,0.041760921478271484,0.007145500466569006,0.00015003335752563864,0.0684964656829834,ok
n,5040,5040,1000,0.6,normal,0.1,1117608069,-0.05401866158619539,0.00037972262264596575,0.05414581298828125,-0.07468364723910564,1.3888925166045934e-06,0.059986114501953125,ok
n,5040,5040,1000,0.6,normal,0.1,3389019639,-0.02303114463110153,5.9924536580332214e-05,0.05391860008239746,-0.033185234260511114,5.822547825414701e-06,0.06351113319396973,ok
n,5040,5040,1000,0.6,normal,0.1,2823306203,0.027804619697284986,3.8540181693117366e-05,0.05600261688232422,0.0319524520993427,4.244595078048886e-06,0.04937911033630371,ok
n,5040,5040,1000,0.6,normal,0.1,926179998,0.0031408131607711044,8.689954409805835e-05,0.043454647064208984,0.012577422033239619,1.3136913723074623e-08,0.05409407615661621,ok
n,5040,5040,1000,0.6,normal,0.1,1301272021,-0.01817911422422896,8.084138444921916e-06,0.050536394119262695,-0.02997835463274729,8.020955037433395e-05,0.06581306457519531,ok
n,5040,5040,1000,0.6,normal,0.1,4178603270,-0.01299440478373399,0.0001790934320788705,0.050321340560913086,0.00010980754337389221,7.748824144758174e-08,0.055547475814819336,ok
n,5040,5040,1000,0.6,normal,0.1,376488434,0.020525404645811863,3.408141981027939e-05,0.04929018020629883,0.020744102911988704,3.6682738822497294e-05,0.04313969612121582,ok
n,5040,5040,1000,0.6,normal,0.1,4077693986,0.07400630660729392,0.0004367671108787033,0.04672074317932129,0.05665087713058362,1.2556707216459467e-05,0.06148171424865723,ok
n,5040,5040,1000,0.6,normal,0.1,2607227223,-0.008358548789191636,9.788245902049281e-05,0.06345582008361816,-0.012706462790457385,0.00020281948031365124,0.052921295166015625,ok
n,5040,5040,1000,0.6,normal,0.1,1471142916,0.060199736010599345,0.00010604899929606504,0.061100006103515625,0.047289810998841865,6.822102733395426e-06,0.057926177978515625,ok
n,5040,5040,1000,0.6,normal,0.1,3400210458,-0.013554675427659015,5.1257700554045744e-05,0.055975914001464844,-0.0030564885739567684,1.1147174853124252e-05,0.06393289566040039,ok
n,5040,5040,1000,0.6,normal,0.1,3133159902,-0.004455817022146555,2.474985205073234e-08,0.06221747398376465,-0.0025831699796998514,4.120769672829457e-06,0.05026888847351074,ok
n,5040,5040,1000,0.6,normal,0.1,273747260,-0.02677875180827765,1.964977381992064e-05,0.0669100284576416,-0.02007551700953342,0.0001240114166953411,0.05451607704162598,ok
n,5040,5040,1000,0.6,normal,0.1,4141030569,0.05328221070182637,0.000956181211329454,0.04967689514160156,0.005025656707025744,0.0003004805243831541,0.05024909973144531,ok
n,5040,5040,1000,0.6,normal,0.1,4140692821,0.017737813382340296,2.3278937106250227e-08,0.05286073684692383,0.01263048466580141,2.454959067593932e-05,0.056623220443725586,ok
n,5040,5040,1000,0.6,normal,0.1,2004155231,0.0092277327578556,1.2498188513361418e-05,0.04288053512573242,-0.007842887446196812,0.00018320549632969404,0.04461789131164551,ok
n,6040,6040,1000,0.6,normal,0.1,2267512913,-0.039351966313752644,0.00030441221904198767,0.07395410537719727,-0.051206333709585126,3.128215869734728e-05,0.07944226264953613,ok
n,6040,6040,1000,0.6,normal,0.1,1000073880,-0.0056307573143050465,5.666252433917876e-05,0.07406020164489746,-0.01042630182879829,0.00015185622791541944,0.07583880424499512,ok
n,6040,6040,1000,0.6,normal,0.1,3061428546,0.005314130093406954,0.00031775889376564777,0.0636909008026123,0.018785504199816314,1.8960963335798896e-05,0.05417203903198242,ok
n,6040,6040,1000,0.6,normal,0.1,2395104275,0.03542146477625653,1.2975424942087827e-05,0.054512739181518555,0.037607611612515114,3.350428436411199e-05,0.06391668319702148,ok
n,6040,6040,1000,0.6,normal,0.1,2608765024,-0.019201232118338844,7.661110577250332e-05,0.06443023681640625,-0.013905558105934917,1.1951561288335922e-05,0.08219122886657715,ok
n,6040,6040,1000,0.6,normal,0.1,3790104586,-0.004241264187117532,0.00015831313364609914,0.056142330169677734,-0.017923600850503763,1.2101802990266888e-06,0.05987262725830078,ok
n,6040,6040,1000,0.6,normal,0.1,1814733653,0.00904036743182261,0.00020607841450001312,0.0653388500213623,-0.009406874987609488,1.67429163299359e-05,0.0707235336303711,ok
n,6040,6040,1000,0.6,normal,0.1,1406957998,0.016985456769519455,1.71911513002074e-07,0.061821699142456055,0.012260676535231605,2.641345669075943e-05,0.06811809539794922,ok
n,6040,6040,1000,0.6,normal,0.1,4205173290,0.03133945324215988,5.985559775782346e-05,0.061856985092163086,0.02377042951840374,2.809520020773525e-08,0.07572245597839355,ok
n,6040,6040,1000,0.6,normal,0.1,3389141757,0.03647770763199585,0.0005055981980380442,0.05367255210876465,0.052933423252904885,3.635843046523454e-05,0.07660937309265137,ok
n,6040,6040,1000,0.6,normal,0.1,1222897894,0.019350004893788145,0.0004237401813366477,0.06254959106445312,0.03908229110499427,7.270361511761873e-07,0.06464838981628418,ok
n,6040,6040,1000,0.6,normal,0.1,617762685,-0.0059937094867065915,0.00026405286830288014,0.05658745765686035,-0.018939212688730535,1.0917740517047691e-05,0.055032968521118164,ok
n,6040,6040,1000,0.6,normal,0.1,3345600729,0.003753071299648441,0.00013154519402685917,0.05486702919006348,-0.0018904322470917208,3.394008287702121e-05,0.06394505500793457,ok
n,6040,6040,1000,0.6,normal,0.1,2690101446,0.044944845181284616,5.127685996068908e-05,0.05873513221740723,0.05480528206462334,7.2881134506624975e-06,0.051987409591674805,ok
n,6040,6040,1000,0.6,normal,0.1,4101303619,-0.011873075465476916,0.00040981345294456854,0.04335641860961914,0.01361829503408557,2.7536473953841948e-05,0.04680776596069336,ok
n,6040,6040,1000,0.6,normal,0.1,3125136315,0.05538243859946267,8.391900890388882e-05,0.05008816719055176,0.06466547076541854,1.4957355584074917e-08,0.05379629135131836,ok
n,6040,6040,1000,0.6,normal,0.1,3800968107,-0.028926687915695425,8.878322294637286e-05,0.060137271881103516,-0.02105427118211078,2.4027115270970927e-06,0.07609081268310547,ok
n,6040,6040,1000,0.6,normal,0.1,285778481,0.05334655669226268,2.752712888244182e-07,0.05432605743408203,0.05915388844419927,2.7906588888398318e-05,0.053398847579956055,ok
n,6040,6040,1000,0.6,normal,0.1,4253698565,0.017085937974631066,0.0004939352223594785,0.059192657470703125,0.03670252054755965,6.802033862579096e-06,0.05310940742492676,ok
n,6040,6040,1000,0.6,normal,0.1,1635216484,0.006703124897491319,6.02571120980808e-08,0.0405580997467041,0.015607232529486302,7.497194951512084e-05,0.0484466552734375,ok
n,6040,6040,1000,0.6,normal,0.1,772787564,-0.011977650639121984,8.087186164884217e-05,0.036331892013549805,0.00861307348056517,0.00013451002568374136,0.061270713806152344,ok
n,6040,6040,1000,0.6,normal,0.1,3062697723,0.0059109042571378065,8.144471445385511e-06,0.04311418533325195,0.015346359198608574,4.3317496800679214e-05,0.06400156021118164,ok
n,6040,6040,1000,0.6,normal,0.1,1560797097,-0.00010988688226209071,3.63056540724896e-05,0.062328338623046875,0.0029379622171087647,8.232416380650493e-05,0.07372808456420898,ok
n,6040,6040,1000,0.6,normal,0.1,964132313,0.02019483172533254,0.0002158445487508637,0.05243325233459473,0.0358018399766517,8.37882657936502e-07,0.062279701232910156,ok
n,6040,6040,1000,0.6,normal,0.1,1216467615,-0.047271569300591315,4.9054908516717005e-05,0.05498790740966797,-0.02980609342905634,0.00010944413161099602,0.05646920204162598,ok
n,6040,6040,1000,0.6,normal,0.1,3813362239,-0.0020418576320039086,1.865009566021552e-05,0.06505990028381348,0.003304508343134826,1.056352948773557e-06,0.06504535675048828,ok
n,6040,6040,1000,0.6,normal,0.1,1207998608,0.002711626278120659,5.8886440677505885e-05,0.06093335151672363,-0.0009020469884035119,1.648422393618941e-05,0.06863546371459961,ok
n,6040,6040,1000,0.6,normal,0.1,1017673930,-0.017759354571197775,6.396971985259892e-06,0.058415889739990234,-0.01736170344767093,8.566595608410484e-06,0.06864285469055176,ok
n,6040,6040,1000,0.6,normal,0.1,42960713,0.003803044667988861,0.0004014371026249103,0.06112313270568848,-0.014706531343380147,2.3296507348112718e-06,0.06809139251708984,ok
n,6040,6040,1000,0.6,normal,0.1,3272761664,0.03119153073264744,7.606406908118514e-05,0.06475520133972168,0.03668968057984967,1.038980393942473e-05,0.05605578422546387,ok
n,6040,6040,1000,0.6,normal,0.1,4208803674,0.0034617535322366637,4.5023321767079336e-05,0.04349684715270996,0.0028720672216430696,5.3284573607407246e-05,0.04305219650268555,ok
n,6040,6040,1000,0.6,normal,0.1,2341723761,0.02656546982242662,4.327654998103771e-06,0.04596590995788574,0.04022032513109857,0.0001339702921576114,0.05471301078796387,ok
n,6040,6040,1000,0.6,normal,0.1,1474383026,-0.0033127696426002774,0.00013618710513038255,0.06773114204406738,-0.009308700324820066,3.219418994266913e-05,0.07043004035949707,ok
n,6040,6040,1000,0.6,normal,0.1,1613632718,0.020706031656932265,6.521895051982683e-05,0.049191951751708984,0.017209309229896393,2.0968180991318937e-05,0.03989720344543457,ok
n,6040,6040,1000,0.6,normal,0.1,2030841677,0.004378837297718477,2.2624740295964215e-05,0.055826425552368164,-0.0009551199551424977,3.334024868792777e-07,0.06962060928344727,ok
n,6040,6040,1000,0.6,normal,0.1,858822619,-0.01113168914889212,4.567893890238208e-06,0.05537223815917969,-0.01076271184947649,6.2812413285299285e-06,0.06996679306030273,ok
n,6040,6040,1000,0.6,normal,0.1,3900794659,0.04467663027083672,1.3581718263325811e-05,0.053076982498168945,0.047073337895537484,1.6605689746208094e-06,0.04599618911743164,ok
n,6040,6040,1000,0.6,normal,0.1,4222406786,-0.01657494228016742,0.00013301048437762072,0.04773378372192383,-0.01913660393132744,0.00019865997025785738,0.07352900505065918,ok
n,6040,6040,1000,0.6,normal,0.1,2445025697,-0.0010009357267598928,0.00015885736238329445,0.043473243713378906,-0.007488702488375912,3.740663312949387e-05,0.0620725154876709,ok
n,6040,6040,1000,0.6,normal,0.1,702983664,0.019062529361001612,6.640480344841824e-06,0.0435636043548584,0.023496472913554094,3.4485626638867818e-06,0.045578718185424805,ok
n,6040,6040,1000,0.6,normal,0.1,1501027944,-0.03731416181793741,7.753264813026876e-07,0.05950045585632324,-0.032924901852869864,2.7770646778631422e-05,0.05770564079284668,ok
n,6040,6040,1000,0.6,normal,0.1,87275351,-0.007533553914969195,1.8276485283600376e-05,0.05659604072570801,0.0037099516800748675,4.855866794108292e-05,0.07311463356018066,ok
n,6040,6040,1000,0.6,normal,0.1,3113484211,0.033945422884053625,0.00015297667434874813,0.04889845848083496,0.05214082513419282,3.395425872501548e-05,0.051833152770996094,ok
n,6040,6040,1000,0.6,normal,0.1,2798904886,0.03471397004908129,0.0003452203494116075,0.06109333038330078,0.020276964568143433,1.716528423910804e-05,0.0759737491607666,ok
n,6040,6040,1000,0.6,normal,0.1,2832465702,-0.011000070270861162,1.7607386188670628e-06,0.04764819145202637,-0.006737739612400658,8.61658721504847e-06,0.05463433265686035,ok
n,6040,6040,1000,0.6,normal,0.1,728497418,0.003574835669833818,5.52306425524422e-07,0.06391596794128418,0.008258057676838782,1.5523984493818814e-05,0.04717302322387695,ok
n,6040,6040,1000,0.6,normal,0.1,1210009376,0.011026124120517719,5.256227875485275e-05,0.053626298904418945,0.022262696995116675,1.589288494138732e-05,0.06885170936584473,ok
n,6040,6040,1000,0.6,normal,0.1,35713661,-0.03872441631836288,3.3156460121396187e-06,0.04824185371398926,-0.035091490819981516,2.974412032317014e-05,0.054454803466796875,ok
n,6040,6040,1000,0.6,normal,0.1,916636769,0.027444544419632236,0.0007747535464001747,0.07603788375854492,-0.006546534705983893,3.7904759116453875e-05,0.09023451805114746,ok
n,6040,6040,1000,0.6,normal,0.1,1311646717,-0.030177515137049023,3.6611049480221575e-05,0.08461141586303711,-0.022384379982763252,0.00019165195250643772,0.05719566345214844,ok
n,7040,7040,1000,0.6,normal,0.1,316088587,-0.059128708203783166,0.00013495794305707677,0.0767979621887207,-0.044986714281020676,6.374887053644017e-06,0.07955265045166016,ok
n,7040,7040,1000,0.6,normal,0.1,4279644526,-0.004868088542693359,9.040988463540484e-05,0.064056396484375,-0.013601054550282233,6.013153350920351e-07,0.0776984691619873,ok
n,7040,7040,1000,0.6,normal,0.1,2132000252,0.035309937237474213,4.273547338175215e-05,0.05584526062011719,0.036324332517611836,3.050178555216551e-05,0.058531761169433594,ok
n,7040,7040,1000,0.6,normal,0.1,783200138,0.022498401579157057,0.00046932697301803626,0.057358503341674805,0.0011714168997789853,1.1354941346582745e-07,0.06430697441101074,ok
n,7040,7040,1000,0.6,normal,0.1,384316860,0.005064909027158658,3.2839643456141852e-06,0.06533670425415039,0.005483105262946636,4.974538760167561e-06,0.06531405448913574,ok
n,7040,7040,1000,0.6,normal,0.1,2546740465,-0.014041849138793085,1.708887624452618e-07,0.06906390190124512,-0.0006224073071350583,0.00019134715183546978,0.05876922607421875,ok
n,7040,7040,1000,0.6,normal,0.1,2552346084,-0.04108838600885168,0.00012476585752953465,0.06926679611206055,-0.037474527068459655,5.7093209586554136e-05,0.08559274673461914,ok
n,7040,7040,1000,0.6,normal,0.1,3327421938,0.03240273757445808,5.984984185646755e-05,0.06322121620178223,0.02221734627969811,5.9982051381349055e-06,0.07849931716918945,ok
n,7040,7040,1000,0.6,normal,0.1,610180238,0.032138608055685025,9.235853443823279e-05,0.06629371643066406,0.052235798175145814,0.00010997413506948756,0.07399964332580566,ok
n,7040,7040,1000,0.6,normal,0.1,1551034745,-0.0472354442929338,1.8242667720883548e-05,0.06605958938598633,-0.04496893886320378,4.2740854941640866e-05,0.07360720634460449,ok
n,7040,7040,1000,0.6,normal,0.1,2909289209,-0.0017290435845230985,6.4546822849460646e-06,0.06233668327331543,-0.01290828764990768,7.462605593571762e-05,0.07296228408813477,ok
n,7040,7040,1000,0.6,normal,0.1,1781338105,-0.009168467113295307,2.1384347531557002e-06,0.0654914379119873,-0.014140358369752495,4.139931636296674e-05,0.06721901893615723,ok
n,7040,7040,1000,0.6,normal,0.1,1262367782,0.03849990964750775,1.165562072168178e-06,0.0684351921081543,0.02989274994432201,9.38335460442128e-05,0.06351470947265625,ok
n,7040,7040,1000,0.6,normal,0.1,1762075334,0.02937798561554648,2.2874797006115207e-05,0.060699462890625,0.03319929588501915,7.403003201747119e-05,0.06423664093017578,ok
n,7040,7040,1000,0.6,normal,0.1,81623018,0.014902869905198013,6.0471619357837516e-05,0.0795598030090332,0.03243001775848586,9.507805873137309e-05,0.06585860252380371,ok
n,7040,7040,1000,0.6,normal,0.1,3144770083,0.014113951914381188,0.0004795776935385504,0.07616066932678223,0.024742290142435223,0.00012703373162516283,0.08547139167785645,ok
n,7040,7040,1000,0.6,normal,0.1,2652987808,-0.01909967674601311,0.0005143455074489994,0.06298708915710449,-0.03573814014074866,3.649033753817548e-05,0.07424044609069824,ok
n,7040,7040,1000,0.6,normal,0.1,3291900336,-0.008478830066605407,0.00016648630289451237,0.07207393646240234,-0.024140891452188992,7.612656251290335e-06,0.0640413761138916,ok
n,7040,7040,1000,0.6,normal,0.1,794145471,-0.013449091390010985,1.3927127851168758e-07,0.056028127670288086,-0.012266149166503882,6.556975733371126e-07,0.08552098274230957,ok
n,7040,7040,1000,0.6,normal,0.1,2385111280,-0.005109997377522586,1.821716646373032e-05,0.07026267051696777,-0.014772847012829552,2.910270573870274e-05,0.09147334098815918,ok
n,7040,7040,1000,0.6,normal,0.1,355925020,-0.03809131652206034,0.00033922891817393826,0.052397727966308594,-0.014600816093926744,2.5728554692354784e-05,0.06287789344787598,ok
n,7040,7040,1000,0.6,normal,0.1,1007521043,0.006062361445077042,6.763228499670198e-08,0.04603409767150879,0.005499768086473144,9.152517506560011e-08,0.07502508163452148,ok
n,7040,7040,1000,0.6,normal,0.1,1308034584,0.02419447386127203,1.0640026134882781e-05,0.05621933937072754,0.02759185324025631,4.434607233105416e-05,0.08498001098632812,ok
n,7040,7040,1000,0.6,normal,0.1,323678775,0.007072366919874656,0.00013804862211095888,0.0720055103302002,0.003239449946692595,6.267085292476374e-05,0.06653285026550293,ok
n,7040,7040,1000,0.6,normal,0.1,1292212573,0.018768781679266114,2.7797988549425784e-05,0.07770919799804688,0.037651848485478735,0.00018525080131293306,0.08208513259887695,ok
n,7040,7040,1000,0.6,normal,0.1,1973125613,0.03279043640328985,6.784791848490774e-06,0.05846858024597168,0.033078910713091214,5.365194685638684e-06,0.06793332099914551,ok
n,7040,7040,1000,0.6,normal,0.1,2168168455,0.03462835187438272,3.3937647813721806e-07,0.0721890926361084,0.031497064778557696,6.49600838912766e-06,0.0860433578491211,ok
n,7040,7040,1000,0.6,normal,0.1,2646630561,-0.01374572960576672,6.639897127041503e-05,0.07673907279968262,-0.023139836636120962,1.5513963931921204e-06,0.05122733116149902,ok
n,7040,7040,1000,0.6,normal,0.1,486611800,-0.012795294652138425,9.765724870185733e-06,0.04401278495788574,-0.0072307617854551415,5.9512426443704625e-06,0.0656125545501709,ok
n,7040,7040,1000,0.6,normal,0.1,3799030368,0.00625396915572395,1.8732633707807253e-06,0.06744599342346191,-0.0014840340298290628,4.056837822859663e-05,0.06499075889587402,ok
n,7040,7040,1000,0.6,normal,0.1,1860341684,0.020919107654232577,8.559615342612931e-06,0.07286477088928223,0.03137430796215748,5.6693645492591846e-05,0.06946086883544922,ok
n,7040,7040,1000,0.6,normal,0.1,1083363903,-0.04143630735450658,6.216327883173673e-05,0.051639556884765625,-0.05192713451832018,6.793622737010853e-06,0.06989526748657227,ok
n,7040,7040,1000,0.6,normal,0.1,3042432617,-0.031648400107017055,3.6787372382990775e-05,0.07317686080932617,-0.03674192021852758,0.00012451836164674974,0.07704305648803711,ok
n,7040,7040,1000,0.6,normal,0.1,257609021,0.012560812352649008,0.00012701112810567446,0.07080650329589844,0.0017070415170097346,1.7318128274616097e-07,0.06333136558532715,ok
n,7040,7040,1000,0.6,normal,0.1,1114122542,0.016148604644247055,2.6115688576282784e-05,0.048842430114746094,0.020877730145894224,1.4533297258066568e-07,0.08347368240356445,ok
n,7040,7040,1000,0.6,normal,0.1,2445822241,-0.026899393626023782,7.379030730177378e-06,0.05427360534667969,-0.021890560184572028,5.2550808074616705e-06,0.07941293716430664,ok
n,7040,7040,1000,0.6,normal,0.1,3675304712,0.09384012888780888,0.00015974921706173785,0.05962109565734863,0.09662708532918975,9.706657874726772e-05,0.07415318489074707,ok
n,7040,7040,1000,0.6,normal,0.1,218545861,0.011936735751858139,1.3859565369472112e-05,0.050104379653930664,0.0013197638900821862,0.00020563031094218072,0.05506420135498047,ok
n,7040,7040,1000,0.6,normal,0.1,405568960,-0.011006730094217666,4.246615735581905e-05,0.05958890914916992,-0.027285925324432667,9.530814308983496e-05,0.06749439239501953,ok
n,7040,7040,1000,0.6,normal,0.1,47315238,-0.06281279173054298,0.00020814165022321862,0.062201499938964844,-0.07443963681763878,7.841512167408385e-06,0.09059715270996094,ok
n,7040,7040,1000,0.6,normal,0.1,2077636716,0.0174322726923337,2.9042524749752175e-06,0.08437895774841309,0.026750440372169903,5.7972705617335374e-05,0.06832385063171387,ok
n,7040,7040,1000,0.6,normal,0.1,2386045776,0.004291870581555351,2.4052462677813894e-08,0.0790259838104248,0.010820658933324562,4.4674210624903945e-05,0.07988834381103516,ok
n,7040,7040,1000,0.6,normal,0.1,747088105,-0.008998689400962205,3.853984935419337e-05,0.0632638931274414,-0.017748952597088627,6.4628624507478474e-06,0.08183503150939941,ok
n,7040,7040,1000,0.6,normal,0.1,3491851556,0.016803734186535295,2.132326689233865e-05,0.06038212776184082,0.016618766731270412,1.9649226865022046e-05,0.07984066009521484,ok
n,7040,7040,1000,0.6,normal,0.1,2822830091,0.007327081052329982,7.94651696438254e-06,0.07496833801269531,0.0017542086873470906,7.584051403958782e-06,0.07246088981628418,ok
n,7040,7040,1000,0.6,normal,0.1,1566607104,0.0020534369643919947,0.00013430878255062895,0.05066990852355957,0.015023349842611113,1.9064602767056024e-06,0.06775474548339844,ok
n,7040,7040,1000,0.6,normal,0.1,4053985930,0.005673453325944429,9.604981349769934e-05,0.08843159675598145,0.013197874405708557,5.1805383278027395e-06,0.06035494804382324,ok
n,7040,7040,1000,0.6,normal,0.1,693211193,-0.013017112914501373,4.299079273652643e-05,0.06603217124938965,-0.016302673276853488,9.687080633493671e-05,0.0837247371673584,ok
n,7040,7040,1000,0.6,normal,0.1,2976612033,-0.05655725641028335,3.4328243036063504e-05,0.07210111618041992,-0.06225530960391579,2.5913820543620063e-08,0.07870316505432129,ok
n,7040,7040,1000,0.6,normal,0.1,141577416,-2.1999046210218646e-05,0.00011682670666543283,0.07427096366882324,0.017144884028091046,4.042725027654161e-05,0.07898330688476562,ok
n,8040,8040,1000,0.6,normal,0.1,1299537539,0.006801318975186487,5.676268126425995e-06,0.07526993751525879,-0.005864314397207788,0.00010574299650034892,0.08211183547973633,ok
n,8040,8040,1000,0.6,normal,0.1,292484253,-0.031325502751916874,1.547885496417465e-05,0.08899140357971191,-0.018689688270539812,7.571604800646175e-05,0.0930795669555664,ok
n,8040,8040,1000,0.6,normal,0.1,700997805,0.033052660281536264,2.883768108045461e-06,0.09916806221008301,0.02477743954805943,9.946844495869001e-05,0.08263921737670898,ok
n,8040,8040,1000,0.6,normal,0.1,2244544455,-0.0061113240291160425,6.416244784209502e-05,0.0635988712310791,-0.00021198772975452676,4.4555199378164014e-06,0.10839438438415527,ok
n,8040,8040,1000,0.6,normal,0.1,2646006507,0.009393827725453932,2.7445878859542496e-05,0.07172727584838867,0.021112079421325532,4.198223876776443e-05,0.09981751441955566,ok
n,8040,8040,1000,0.6,normal,0.1,3689525694,-0.013811578604036267,3.386197508715379e-05,0.07788395881652832,-0.011363786159838265,1.136574376398797e-05,0.10696792602539062,ok
n,8040,8040,1000,0.6,normal,0.1,1198973423,0.021350958829164022,4.449571687310814e-06,0.09808588027954102,0.013375073204101837,0.00010171300204734182,0.0664827823638916,ok
n,8040,8040,1000,0.6,normal,0.1,402868865,0.0011084538510165373,0.0006878584360972095,0.06531310081481934,-0.026480299030022424,1.8542199705476468e-06,0.07380151748657227,ok
n,8040,8040,1000,0.6,normal,0.1,825153116,-0.05409406171594594,0.0004431475243510615,0.08569145202636719,-0.07235089461473225,7.807757819497845e-06,0.10363936424255371,ok
n,8040,8040,1000,0.6,normal,0.1,387289652,-0.00045853350202662465,4.079246628851753e-06,0.0618739128112793,-0.007692743271295459,2.7190960997544703e-05,0.10695624351501465,ok
n,8040,8040,1000,0.6,normal,0.1,2072859852,0.009705961477462843,0.00010964739513090943,0.06581759452819824,-0.001394743979131239,3.96195022063591e-07,0.08064913749694824,ok
n,8040,8040,1000,0.6,normal,0.1,2451855548,-0.05279809591749253,0.00010336065305020351,0.08315038681030273,-0.05325122894671607,9.435229808084032e-05,0.06714081764221191,ok
n,8040,8040,1000,0.6,normal,0.1,602143314,0.018830016723091068,9.466964259088588e-05,0.058236122131347656,0.031148780697453186,6.702565616757289e-06,0.09415316581726074,ok
n,8040,8040,1000,0.6,normal,0.1,416750430,0.03227478646080995,1.1549029166023357e-06,0.06614112854003906,0.03353656041335918,5.458942748992436e-06,0.08620262145996094,ok
n,8040,8040,1000,0.6,normal,0.1,144617178,-0.019219422724546603,0.00024045981446691825,0.06079387664794922,-0.007476576820917755,1.4167099998910201e-05,0.09853696823120117,ok
n,8040,8040,1000,0.6,normal,0.1,3383657820,-0.01763926633127605,0.00022519782515929566,0.06708502769470215,-0.026447855124952225,3.84152527101022e-05,0.08945822715759277,ok
n,8040,8040,1000,0.6,normal,0.1,2581486151,-0.03146764407434399,9.853439984758747e-05,0.06738734245300293,-0.023498773460061233,3.832115127634527e-06,0.057849884033203125,ok
n,8040,8040,1000,0.6,normal,0.1,2388021675,-0.024068993534426722,2.430236343717604e-07,0.08047127723693848,-0.028248252861690262,2.182976682047259e-05,0.07542896270751953,ok
n,8040,8040,1000,0.6,normal,0.1,592142153,-0.010135983137222538,0.0005294411040565742,0.08134794235229492,0.01215124109136421,5.218082920474749e-07,0.0789494514465332,ok
n,8040,8040,1000,0.6,normal,0.1,3574014583,-0.015595873580937161,1.4181286870787233e-05,0.06699752807617188,-0.007813955919120638,1.6129161368038653e-05,0.07723283767700195,ok
n,8040,8040,1000,0.6,normal,0.1,677708735,0.006642572877210489,5.6782847619653266e-08,0.08189010620117188,-0.0009183641526816766,5.362113729071693e-05,0.09442687034606934,ok
n,8040,8040,1000,0.6,normal,0.1,3681152078,0.02036980262718888,0.00021574581348331322,0.09454751014709473,0.03261565971416073,5.965470280159064e-06,0.09511661529541016,ok
n,8040,8040,1000,0.6,normal,0.1,1738508688,0.08674253051888411,0.00022051222181377817,0.08234596252441406,0.09948150431627194,4.454970618368017e-06,0.07892656326293945,ok
n,8040,8040,1000,0.6,normal,0.1,3932955265,0.0002787953179541717,1.6278850521579227e-05,0.09081387519836426,0.0047872549032000845,2.2444269259452236e-07,0.09070920944213867,ok
n,8040,8040,1000,0.6,normal,0.1,3365433654,-0.020550320960133227,2.291223235119168e-06,0.07776808738708496,-0.009422600964411724,9.242978985618484e-05,0.07871890068054199,ok
n,8040,8040,1000,0.6,normal,0.1,4130983892,0.05134005762530626,0.0004950302989075869,0.07114720344543457,0.0749199358725441,1.7705013605562094e-06,0.09512042999267578,ok
n,8040,8040,1000,0.6,normal,0.1,2315641142,-0.0018180082089512665,2.41269980501564e-05,0.06444573402404785,0.002185421746621145,8.253615523819419e-07,0.07499289512634277,ok
n,8040,8040,1000,0.6,normal,0.1,3032117763,0.023441002232417803,6.0215882539374634e-05,0.07497453689575195,0.01504353037067996,0.0002610603209416435,0.06900858879089355,ok
n,8040,8040,1000,0.6,normal,0.1,2618635675,-0.011643878803952366,3.826521506023208e-07,0.0867912769317627,-0.01668491912415921,1.9558077111729052e-05,0.08385372161865234,ok
n,8040,8040,1000,0.6,normal,0.1,3679740235,0.018127914393301876,0.00014534243262612876,0.08211898803710938,0.030848497761748795,4.419303658320864e-07,0.09951496124267578,ok
n,8040,8040,1000,0.6,normal,0.1,2337308173,-0.0015049731559168599,0.0007253218818097009,0.09068489074707031,-0.026749990029480954,2.8452392302600625e-06,0.08938097953796387,ok
n,8040,8040,1000,0.6,normal,0.1,3424457933,0.028142381914884294,7.460619105155143e-06,0.05228614807128906,0.020761893246256588,2.161390094960872e-05,0.05590057373046875,ok
n,8040,8040,1000,0.6,normal,0.1,337406568,0.009560803816272403,7.699479707949223e-06,0.08471202850341797,0.007894161474501154,1.2279992851352925e-06,0.07047009468078613,ok
n,8040,8040,1000,0.6,normal,0.1,4158472018,-0.00650694759633107,5.137885038138424e-05,0.06636595726013184,-0.013732982240329008,3.37915045759211e-09,0.0707237720489502,ok
n,8040,8040,1000,0.6,normal,0.1,4039339415,0.006909922870297885,2.139520000963338e-05,0.04500555992126465,0.02087691303683928,8.726353999528054e-05,0.08456730842590332,ok
n,8040,8040,1000,0.6,normal,0.1,2072362620,0.03158896133421694,8.780620430145063e-05,0.07667303085327148,0.03196690910192667,8.086593236187466e-05,0.09331297874450684,ok
n,8040,8040,1000,0.6,normal,0.1,1294388276,0.00689577715762986,8.245100992469403e-05,0.0572812557220459,0.012397860623268754,1.2803303277551675e-05,0.07914543151855469,ok
n,8040,8040,1000,0.6,normal,0.1,2099156396,-0.03237958589329399,4.045597002693487e-05,0.06609177589416504,-0.029540333706309953,1.2399191573296415e-05,0.08400630950927734,ok
n,8040,8040,1000,0.6,normal,0.1,1949284224,0.016771913811613342,3.674749065966281e-05,0.08559989929199219,0.017066145106997152,3.326681963973398e-05,0.07818412780761719,ok
n,8040,8040,1000,0.6,normal,0.1,911242799,-0.013722129680289609,0.001184784424050562,0.06318116188049316,-0.04576733602446113,5.64295876034226e-06,0.07259678840637207,ok
n,8040,8040,1000,0.6,normal,0.1,3756464819,-0.016573830759341737,1.316163341915905e-05,0.07149696350097656,-0.015982183290889147,1.780455177210974e-05,0.06498861312866211,ok
n,8040,8040,1000,0.6,normal,0.1,3296186110,0.04194715771581993,2.649832742095817e-05,0.06574869155883789,0.04186490114914688,2.7351950024410278e-05,0.05902814865112305,ok
n,8040,8040,1000,0.6,normal,0.1,3284619634,0.025525400237093848,1.1954528388052925e-06,0.0845022201538086,0.020819460396390134,1.3050677764523316e-05,0.07520198822021484,ok
n,8040,8040,1000,0.6,normal,0.1,4161884342,-0.002996304399086325,2.109353621013817e-05,0.06268048286437988,0.0002827664444947874,6.19658781591003e-05,0.05388474464416504,ok
n,8040,8040,1000,0.6,normal,0.1,1644991604,0.022209172682326656,1.0165670570462295e-05,0.07358527183532715,0.020963677671433277,1.965911347984749e-05,0.09958696365356445,ok
n,8040,8040,1000,0.6,normal,0.1,2580794063,-0.020497190295079272,0.0002977520833627018,0.07453060150146484,-0.04195930638611695,1.769566693540531e-05,0.09355759620666504,ok
n,8040,8040,1000,0.6,normal,0.1,177536276,0.0689556369314068,0.002063656275506241,0.08219170570373535,0.10942575855728957,2.457543875490012e-05,0.07740354537963867,ok
n,8040,8040,1000,0.6,normal,0.1,3989185666,0.04914020341164622,5.7244337147641906e-05,0.05974984169006348,0.06383523576860792,5.082312011016672e-05,0.05874943733215332,ok
n,8040,8040,1000,0.6,normal,0.1,2557155077,0.026514508308939016,6.225139637153774e-05,0.0720832347869873,0.025377873100013066,8.147933820139534e-05,0.07662606239318848,ok
n,8040,8040,1000,0.6,normal,0.1,1891608276,-0.0005209674404016307,3.0675533011631014e-05,0.06734037399291992,0.005214000532997035,3.858012988804804e-08,0.08949804306030273,ok
n,9040,9040,1000,0.6,normal,0.1,731682681,-0.015250081226794688,1.413611252859508e-10,0.09476161003112793,-0.014850036256894416,1.696900391951388e-07,0.08206439018249512,ok
n,9040,9040,1000,0.6,normal,0.1,3668784928,0.07231295393694395,0.00035134110562462837,0.08150696754455566,0.08272995622162084,6.934047675715162e-05,0.0711977481842041,ok
n,9040,9040,1000,0.6,normal,0.1,4049208799,0.021009076777962845,0.00022808113194043567,0.06880497932434082,0.032675572173477656,1.1805132448987948e-05,0.07398247718811035,ok
n,9040,9040,1000,0.6,normal,0.1,68160041,0.007787077101609625,8.146273171035042e-05,0.10606622695922852,0.012723226975857883,1.672418064112652e-05,0.13474678993225098,ok
n,9040,9040,1000,0.6,normal,0.1,195428936,-0.017561551925202888,1.6175986142547475e-07,0.09947609901428223,-0.02315229184964072,2.6921010773608804e-05,0.06715655326843262,ok
n,9040,9040,1000,0.6,normal,0.1,348997891,-0.0026658582826540843,0.00012034932816536562,0.08105874061584473,-0.005281116940462209,6.980812181266342e-05,0.06751823425292969,ok
n,9040,9040,1000,0.6,normal,0.1,3835752925,-0.0028094795593505664,0.0008529114170103443,0.0826880931854248,0.022796216928768907,1.295244609516468e-05,0.11667513847351074,ok
n,9040,9040,1000,0.6,normal,0.1,1653229771,-0.017467898445126258,1.2750121517427878e-05,0.09909987449645996,-0.021223501371455282,5.3675172171281914e-05,0.0991373062133789,ok
n,9040,9040,1000,0.6,normal,0.1,1864751005,0.006679781297097135,3.270202905951497e-05,0.08469557762145996,0.0018890463794969717,8.608757034613986e-07,0.10683059692382812,ok
n,9040,9040,1000,0.6,normal,0.1,891381198,-0.01020869180957795,0.00010662538849270646,0.09012126922607422,-0.014769827647345784,3.323316332665615e-05,0.0777597427368164,ok
n,9040,9040,1000,0.6,normal,0.1,3872694805,0.01726107483838654,6.057742379902125e-05,0.05783843994140625,0.03194420603963105,4.7609740686995046e-05,0.09876108169555664,ok
n,9040,9040,1000,0.6,normal,0.1,3816716879,0.044374840371015654,0.0007029045813636046,0.08841180801391602,0.07363976607210618,7.57668556924657e-06,0.13220620155334473,ok
n,9040,9040,1000,0.6,normal,0.1,4275389826,0.005216610186331105,7.639245000654506e-05,0.07615280151367188,0.00931899947504613,2.1510006651543258e-05,0.09644484519958496,ok
n,9040,9040,1000,0.6,normal,0.1,2509293977,0.010898765282869788,5.954009677454595e-05,0.07478141784667969,0.013943474455691007,2.1823041067503423e-05,0.09595322608947754,ok
n,9040,9040,1000,0.6,normal,0.1,3959675334,-0.0071816117866137655,0.00016087476127994629,0.07660484313964844,-0.0221439080871679,5.192267775646168e-06,0.0675816535949707,ok
n,9040,9040,1000,0.6,normal,0.1,3894894854,0.027073854205138793,0.00047398274706951217,0.07780313491821289,0.040436217958267864,7.070759914493095e-05,0.06367611885070801,ok
n,9040,9040,1000,0.6,normal,0.1,3880290940,0.0144699634260858,6.587964863275513e-05,0.08247017860412598,0.02406184112165065,2.176361929197675e-06,0.09499120712280273,ok
n,9040,9040,1000,0.6,normal,0.1,440163363,0.007428361571273661,1.9614307456453358e-06,0.0749959945678711,0.009876595246100298,1.4812834705047616e-05,0.10184741020202637,ok
n,9040,9040,1000,0.6,normal,0.1,508729448,-0.007879291365839673,0.00013230090729522172,0.1163177490234375,0.003830866243670054,4.3240899195547456e-08,0.09916043281555176,ok
n,9040,9040,1000,0.6,normal,0.1,2492571066,-0.04394125193152243,3.891819115007494e-06,0.08643031120300293,-0.038237621376389586,1.3919324941043208e-05,0.08759331703186035,ok
n,9040,9040,1000,0.6,normal,0.1,1679235767,0.01439933653489485,2.193132910106324e-06,0.08045244216918945,0.024317070985247435,7.11797875731242e-05,0.10642552375793457,ok
n,9040,9040,1000,0.6,normal,0.1,1786053875,0.010390757012303289,9.561005247428314e-08,0.08112478256225586,0.00930741067921621,1.9392096657264487e-06,0.0925295352935791,ok
n,9040,9040,1000,0.6,normal,0.1,436501957,-0.04369067190065007,4.250359022692691e-05,0.0906071662902832,-0.03690724473719774,0.00017696727932853092,0.09987878799438477,ok
n,9040,9040,1000,0.6,normal,0.1,2880590537,0.006882763391736961,7.425291087132832e-05,0.085479736328125,0.0293848322620475,0.00019279478001963743,0.08582210540771484,ok
n,9040,9040,1000,0.6,normal,0.1,3177572194,-0.021475862971728637,6.65774717938659e-06,0.08992171287536621,-0.017475278206299887,2.017319405284965e-06,0.07480859756469727,ok
n,9040,9040,1000,0.6,normal,0.1,2226816222,-0.029237224386255367,3.0307064856383958e-06,0.10469436645507812,-0.038641560326331585,5.872836628771183e-05,0.10038137435913086,ok
n,9040,9040,1000,0.6,normal,0.1,724993673,0.029440660251543082,1.8831268667645555e-06,0.08207845687866211,0.023346188334089257,2.22991843632908e-05,0.10267472267150879,ok
n,9040,9040,1000,0.6,normal,0.1,1752380818,0.021741567636600734,2.576866816956655e-05,0.09981083869934082,0.029636010881271338,7.942016575774337e-06,0.09875106811523438,ok
n,9040,9040,1000,0.6,normal,0.1,2249456830,-0.043223827428655305,1.0588114070384907e-05,0.09624791145324707,-0.0450858995044969,1.9372914192073253e-06,0.08608317375183105,ok
n,9040,9040,1000,0.6,normal,0.1,398544342,-0.010756734510636063,2.0825637697134188e-05,0.07935118675231934,0.007006841844869901,0.00017424171078234536,0.09892511367797852,ok
n,9040,9040,1000,0.6,normal,0.1,1313426725,-0.022515357142319167,5.382321226944003e-05,0.07277035713195801,-0.01796760212185217,7.776710849606318e-06,0.08100652694702148,ok
n,9040,9040,1000,0.6,normal,0.1,4178908020,0.024319016017558266,0.00016585232395204807,0.07928729057312012,0.035668911770396855,2.3362228538547964e-06,0.08358359336853027,ok
n,9040,9040,1000,0.6,normal,0.1,2148333446,0.004171994323853564,0.00012831938822354145,0.08509469032287598,-0.011512505230800763,1.8980702020499232e-05,0.08167219161987305,ok
n,9040,9040,1000,0.6,normal,0.1,243897745,0.030598802982976524,9.954238178552622e-06,0.06583499908447266,0.022565436569488277,0.00012518029898047164,0.09266519546508789,ok
n,9040,9040,1000,0.6,normal,0.1,1982109810,0.028365968935407614,3.423221346749657e-05,0.0570068359375,0.024286038688155372,3.1360864726187372e-06,0.0770864486694336,ok
n,9040,9040,1000,0.6,normal,0.1,2234843385,0.013833928349991245,9.378831272822116e-05,0.06743574142456055,0.00230630810023995,3.397325877486168e-06,0.07666540145874023,ok
n,9040,9040,1000,0.6,normal,0.1,1264806741,0.003933124081875107,3.664476045915069e-05,0.06599712371826172,0.001117305976493726,7.86646545150024e-05,0.08322286605834961,ok
n,9040,9040,1000,0.6,normal,0.1,784987714,-0.036340559122887084,0.0001235377264843127,0.0698235034942627,-0.013645574633624336,0.00013410176943687315,0.05527305603027344,ok
n,9040,9040,1000,0.6,normal,0.1,253820438,0.06383089535465643,6.633923219544762e-05,0.06946635246276855,0.0631860777154151,5.625108457253359e-05,0.07058858871459961,ok
n,9040,9040,1000,0.6,normal,0.1,2243520159,-0.03510547272725267,0.00015841524912240025,0.05664682388305664,-0.048283890806144716,3.505896387191588e-07,0.06543684005737305,ok
n,9040,9040,1000,0.6,normal,0.1,471244397,0.027307037817250884,0.0001445136782988579,0.04244685173034668,0.007455731627318468,6.130767822848948e-05,0.055280208587646484,ok
n,9040,9040,1000,0.6,normal,0.1,4249645313,0.012313327598809112,0.000402202567662581,0.06997442245483398,-0.006905009254653198,6.999861414990811e-07,0.07657432556152344,ok
n,9040,9040,1000,0.6,normal,0.1,1605649521,-0.00029044964818461397,3.264763719828776e-08,0.05934786796569824,-0.006767410095454157,4.432426382939996e-05,0.0868833065032959,ok
n,9040,9040,1000,0.6,normal,0.1,2431031588,-0.01194003745065893,4.290779504775711e-08,0.0746316909790039,-0.02028098511271994,6.61587950632088e-05,0.07717156410217285,ok
n,9040,9040,1000,0.6,normal,0.1,3625143144,0.013234610778536327,1.8903036768572038e-05,0.0677945613861084,0.017854000732755282,7.378159807592208e-08,0.07950496673583984,ok
n,9040,9040,1000,0.6,normal,0.1,1467973937,-0.01366598949889237,2.5794454227859197e-05,0.06906008720397949,-0.016648103431012563,4.39619352359827e-06,0.060587167739868164,ok
n,9040,9040,1000,0.6,normal,0.1,2907402838,0.00571918153292423,6.236369488924504e-06,0.06722021102905273,0.006507992886984556,1.0798346503338308e-05,0.0681612491607666,ok
n,9040,9040,1000,0.6,normal,0.1,1844424547,-0.03636399536759621,0.00015137030825238343,0.05299997329711914,-0.05681223783428717,6.63406721052718e-05,0.0668950080871582,ok
n,9040,9040,1000,0.6,normal,0.1,2492180858,-0.02103856389578829,5.785308674916607e-05,0.05193662643432617,-0.006721736118941765,4.50335765492332e-05,0.04567551612854004,ok
n,9040,9040,1000,0.6,normal,0.1,2727782583,0.00890456192114915,5.369567987310338e-06,0.05619406700134277,0.0035607272307369296,9.160318822912885e-06,0.08536267280578613,ok
n,10040,10040,1000,0.6,normal,0.1,1782322949,-0.02544493351441651,3.523236659841379e-06,0.07598376274108887,-0.023807138998510564,1.2353982087802785e-05,0.08616256713867188,ok
n,10040,10040,1000,0.6,normal,0.1,3267313666,-0.03440540810624461,5.083062660630427e-05,0.08568620681762695,-0.02788115754244037,3.6639958254734297e-07,0.10174727439880371,ok
n,10040,10040,1000,0.6,normal,0.1,3201122094,0.02424876065089839,0.0001901897602936966,0.08382296562194824,0.04051691444383986,6.1366359188725505e-06,0.06450676918029785,ok
n,10040,10040,1000,0.6,normal,0.1,2936368754,0.01299221562126236,2.7928263596610283e-05,0.0762939453125,0.022590797640940023,1.8609407060902886e-05,0.07622098922729492,ok
n,10040,10040,1000,0.6,normal,0.1,360414428,-0.022299002808052793,0.00014790339500797897,0.06523799896240234,-0.03743411796246455,8.842066106986134e-06,0.08605027198791504,ok
n,10040,10040,1000,0.6,normal,0.1,1804903420,0.0005701098248162102,0.0003350071405343633,0.06881380081176758,-0.021455323488979616,1.3855018748816658e-05,0.08550143241882324,ok
n,10040,10040,1000,0.6,normal,0.1,2034401684,-0.03726778540931453,0.0001363835535937516,0.07805061340332031,-0.030848584813258025,2.7658515043469626e-05,0.07918953895568848,ok
n,10040,10040,1000,0.6,normal,0.1,2838118950,-0.005113501906518659,3.339873923519796e-06,0.06650018692016602,-0.00553079215876748,1.9887823369080924e-06,0.09840750694274902,ok
n,10040,10040,1000,0.6,normal,0.1,3219066722,0.04063090573310456,2.685578628613736e-05,0.08670592308044434,0.04477743366508028,1.072734436953215e-06,0.0649256706237793,ok
n,10040,10040,1000,0.6,normal,0.1,2852803971,-0.005962576925882805,5.675721557772237e-05,0.07786703109741211,-0.020041155092360163,4.283492644116607e-05,0.0702519416809082,ok
n,10040,10040,1000,0.6,normal,0.1,4136975193,0.002585597067739979,0.00017769126883312276,0.07370257377624512,0.01369451663962981,4.933592976055287e-06,0.08900213241577148,ok
n,10040,10040,1000,0.6,normal,0.1,840590188,-0.023372425957368537,7.178980780323061e-05,0.07880330085754395,-0.02629375514906782,3.0819789963493705e-05,0.075531005859375,ok
n,10040,10040,1000,0.6,normal,0.1,379094718,-0.0069366776542096505,0.00014148544135401527,0.06730961799621582,-0.027699522894467074,7.864284196700982e-05,0.07692670822143555,ok
n,10040,10040,1000,0.6,normal,0.1,939424304,-0.03830933565244126,1.2115054039169137e-05,0.05190849304199219,-0.050137738128571044,6.968466054017078e-05,0.06654930114746094,ok
n,10040,10040,1000,0.6,normal,0.1,2486570497,0.0033434319186247054,6.584312568650596e-05,0.06438255310058594,0.013132084470618343,2.803196232922779e-06,0.07531523704528809,ok
n,10040,10040,1000,0.6,normal,0.1,1945567774,0.011931100902312346,0.0005153906832548502,0.0734715461730957,0.029763441710878885,2.371569981296252e-05,0.08283519744873047,ok
n,10040,10040,1000,0.6,normal,0.1,1629979154,0.019762425572852016,6.52426035274763e-06,0.07498383522033691,0.019183219844047757,3.90085190462819e-06,0.09313535690307617,ok
n,10040,10040,1000,0.6,normal,0.1,3261229062,-0.017850453325078522,0.00024304131016672698,0.08713841438293457,-0.007364946514707677,2.6053627620952086e-05,0.10156631469726562,ok
n,10040,10040,1000,0.6,normal,0.1,3810380059,0.004419606470226653,0.00013972278309843102,0.07937216758728027,0.023602745491342832,5.42093485203667e-05,0.09967517852783203,ok
n,10040,10040,1000,0.6,normal,0.1,315551706,0.010971177565636283,3.165296360182253e-05,0.06011962890625,0.014914291806677414,2.83242981479472e-06,0.0796048641204834,ok
n,10040,10040,1000,0.6,normal,0.1,1661335758,0.0168552935823371,1.7995529029868574e-05,0.06941008567810059,0.006047302517923678,4.311074496685371e-05,0.08109450340270996,ok
n,10040,10040,1000,0.6,normal,0.1,705137838,0.019503882243597205,4.7532732777620665e-06,0.06959128379821777,0.014647769096046776,7.160509654040786e-06,0.08079171180725098,ok
n,10040,10040,1000,0.6,normal,0.1,2238733422,-0.015369725050274362,0.00020405902344790728,0.0687863826751709,-0.009082888683287809,6.39693888552679e-05,0.08141660690307617,ok
n,10040,10040,1000,0.6,normal,0.1,4226428896,-0.04522286427387711,0.00016307679636944563,0.06874275207519531,-0.05054787331161701,5.543016204592966e-05,0.08497858047485352,ok
n,10040,10040,1000,0.6,normal,0.1,4019671904,0.010099853252040094,1.974370958856271e-05,0.0768742561340332,0.010067815107152434,2.0029451939717316e-05,0.07876944541931152,ok
n,10040,10040,1000,0.6,normal,0.1,1183892242,0.04089061143553553,3.285693018680876e-05,0.06660604476928711,0.03522813838386176,4.8474233603877205e-09,0.09702873229980469,ok
n,10040,10040,1000,0.6,normal,0.1,955760583,-0.004418117059841797,2.026138793349388e-06,0.0771796703338623,-0.002910932951084046,8.588469877473591e-06,0.08242559432983398,ok
n,10040,10040,1000,0.6,normal,0.1,913592208,0.00784954884911177,7.93381003127853e-05,0.08639121055603027,0.0036614006927021847,2.2269391215177762e-05,0.07240772247314453,ok
n,10040,10040,1000,0.6,normal,0.1,230892138,0.02064568514885833,0.0002489980232324982,0.05849289894104004,-0.00013971839511676433,2.5057356282899282e-05,0.06839466094970703,ok
n,10040,10040,1000,0.6,normal,0.1,2136136033,-0.012642030020684673,5.4626896738362916e-05,0.06358647346496582,0.0021255635354972,5.44141167854203e-05,0.06800270080566406,ok
n,10040,10040,1000,0.6,normal,0.1,1850721787,-0.011560927697238677,2.280958807213995e-05,0.06455564498901367,-0.012965591814270771,1.1365490623858674e-05,0.07796216011047363,ok
n,10040,10040,1000,0.6,normal,0.1,3288771273,0.00322718161914402,8.372681231346369e-05,0.06730890274047852,0.008484878348088132,1.5151859193626102e-05,0.07535767555236816,ok
n,10040,10040,1000,0.6,normal,0.1,2093097233,-0.01676492560641893,0.0005678915482558337,0.07263565063476562,-0.034363719689930995,3.883384953707418e-05,0.07612371444702148,ok
n,10040,10040,1000,0.6,normal,0.1,1062107271,-0.029128964154771907,3.669512075666479e-05,0.07732725143432617,-0.031249450666556756,1.5501254535282726e-05,0.09113931655883789,ok
n,10040,10040,1000,0.6,normal,0.1,3862595890,-0.05337347541449338,1.7072243446273403e-05,0.07635927200317383,-0.04796587938530908,1.627509706922813e-06,0.09445571899414062,ok
n,10040,10040,1000,0.6,normal,0.1,3417173326,-0.02123505758348391,7.271876502954975e-05,0.07843589782714844,-0.012106875310747679,3.607833549920686e-07,0.08682894706726074,ok
n,10040,10040,1000,0.6,normal,0.1,4235191094,-0.02376333739402661,0.0001935511519970231,0.07075667381286621,-0.04194463887370813,1.8224661857887622e-05,0.054114580154418945,ok
n,10040,10040,1000,0.6,normal,0.1,1564779756,-0.0068069769701786685,2.0148541332279386e-06,0.06464815139770508,0.0043369505253509815,0.00015783859421076405,0.058272361755371094,ok
n,10040,10040,1000,0.6,normal,0.1,2566364472,-0.016102007129219123,5.700717035122011e-06,0.06118965148925781,-0.015644038910492583,3.723546113386907e-06,0.05992388725280762,ok
n,10040,10040,1000,0.6,normal,0.1,1204544033,0.010903119261721859,8.340047422963377e-05,0.0642852783203125,-0.00022341136184478977,3.976612741129209e-06,0.08815431594848633,ok
n,10040,10040,1000,0.6,normal,0.1,854034906,0.016127743911552046,1.4447316519188586e-05,0.07210206985473633,0.010826210963698856,2.251711434947591e-06,0.07351374626159668,ok
n,10040,10040,1000,0.6,normal,0.1,2813338848,-0.018900221367762843,6.423115464687971e-05,0.07616782188415527,-0.021457757068546263,2.977774061846744e-05,0.10628390312194824,ok
n,10040,10040,1000,0.6,normal,0.1,3515602152,-0.013990224863199223,0.0002896957973808462,0.08525681495666504,-0.026474137756788804,2.0580190021603395e-05,0.08709979057312012,ok
n,10040,10040,1000,0.6,normal,0.1,2629690941,-0.06395728691201387,3.796364682159919e-05,0.08877968788146973,-0.06917162329438742,8.970519842974945e-07,0.08312606811523438,ok
n,10040,10040,1000,0.6,normal,0.1,811329192,-0.004589471540144795,6.561606334612066e-06,0.07302689552307129,0.00039585892119659233,5.695560484013265e-05,0.06495261192321777,ok
n,10040,10040,1000,0.6,normal,0.1,2092684969,-0.023228636345517337,9.355257338893258e-07,0.07095456123352051,-0.023104567211100397,1.190924617753926e-06,0.06609082221984863,ok
n,10040,10040,1000,0.6,normal,0.1,1159970677,0.004912796013094247,0.00011980587466173079,0.06345653533935547,-0.005982564636746219,2.5226857325639728e-09,0.05085444450378418,ok
n,10040,10040,1000,0.6,normal,0.1,4092812832,0.013473061968845972,3.342006530592994e-07,0.06528067588806152,0.019527951257212836,2.9995211027469503e-05,0.09199333190917969,ok
n,10040,10040,1000,0.6,normal,0.1,1011975993,0.004370550443230965,2.813897418230172e-05,0.05997920036315918,0.015004000047349534,2.839644419928864e-05,0.08774995803833008,ok
n,10040,10040,1000,0.6,normal,0.1,3731647404,-0.050703684530609396,5.1556546952234046e-05,0.07694149017333984,-0.060072600012106354,4.790086842150943e-06,0.11930274963378906,ok
n,11040,11040,1000,0.6,normal,0.1,2933360059,0.004149770802869131,1.5660424624498458e-05,0.08995461463928223,0.004602538267958863,1.2281926587487312e-05,0.0930483341217041,ok
n,11040,11040,1000,0.6,normal,0.1,53170217,0.01495374400392199,9.292978374596282e-07,0.09138798713684082,0.014165478872679611,3.0704364301219347e-06,0.09975528717041016,ok
n,11040,11040,1000,0.6,normal,0.1,514027789,0.03379540150540413,5.83482625063149e-05,0.08928799629211426,0.02871094562316801,6.523669744401977e-06,0.09117889404296875,ok
n,11040,11040,1000,0.6,normal,0.1,1919984157,0.011210618811934804,0.00014293894095103484,0.07249045372009277,0.004797323989441801,3.0718337882380684e-05,0.08189225196838379,ok
n,11040,11040,1000,0.6,normal,0.1,3255710565,-0.011173868350243357,5.657287495870366e-06,0.07587957382202148,-0.012504992745025307,1.0970067754738802e-06,0.08313965797424316,ok
n,11040,11040,1000,0.6,normal,0.1,1333218208,-0.05128753075208749,2.108879064022841e-06,0.07075095176696777,-0.0479958692739131,3.383625845966607e-06,0.09075355529785156,ok
n,11040,11040,1000,0.6,normal,0.1,2998596691,-0.0025818054615117814,4.357662365677586e-05,0.06811952590942383,-0.009345276069826724,2.6312525477385e-08,0.06870865821838379,ok
n,11040,11040,1000,0.6,normal,0.1,2682515406,0.0010290108986483523,1.7302480338829538e-05,0.07523894309997559,-0.006931006093232251,1.4442979110862996e-05,0.09260988235473633,ok
n,11040,11040,1000,0.6,normal,0.1,3885469625,-0.03956754894974658,3.984200098603082e-05,0.07557797431945801,-0.038274450129249134,5.783831964750787e-05,0.07524466514587402,ok
n,11040,11040,1000,0.6,normal,0.1,2136895200,-0.0006832156781136566,1.8022934214821707e-05,0.08382558822631836,-0.002824872434933441,4.079376142108044e-05,0.08551168441772461,ok
n,11040,11040,1000,0.6,normal,0.1,973247062,-0.04355503661720461,0.0002924660264465344,0.07751917839050293,-0.0661447249730618,3.0118695372327355e-05,0.08390474319458008,ok
n,11040,11040,1000,0.6,normal,0.1,268980558,0.0031573304797033433,0.00014188030057471856,0.06781601905822754,0.018214718199109185,9.89754230429032e-06,0.07753300666809082,ok
n,11040,11040,1000,0.6,normal,0.1,4270102141,-0.01052996104624984,7.084230643352018e-05,0.07805013656616211,-0.003010068606464018,8.044201750353491e-07,0.0682229995727539,ok
n,11040,11040,1000,0.6,normal,0.1,1638299767,-0.03531659671677639,6.540313748170222e-06,0.06952786445617676,-0.017702170981305373,0.00022671391220340496,0.08653378486633301,ok
n,11040,11040,1000,0.6,normal,0.1,1582234959,-0.002728123240626679,0.0001202148903081316,0.09008240699768066,-0.01890122677285825,2.713210179505893e-05,0.09000754356384277,ok
n,11040,11040,1000,0.6,normal,0.1,396906662,0.013252729659300896,0.0003236547701244439,0.07094764709472656,-0.005553872281902851,6.661729979880815e-07,0.09190225601196289,ok
n,11040,11040,1000,0.6,normal,0.1,2186292471,-0.012445890645904609,0.000520824838078624,0.07953548431396484,-0.03678596956736733,2.305817390840771e-06,0.10717105865478516,ok
n,11040,11040,1000,0.6,normal,0.1,3157912102,-0.04741358286684435,6.04332430410661e-05,0.0874176025390625,-0.058312092912374984,9.76329974318028e-06,0.08005356788635254,ok
n,11040,11040,1000,0.6,normal,0.1,3841969846,0.007491896159705751,0.00011360667242870063,0.08353757858276367,0.017112815260976227,1.076871067895356e-06,0.08939957618713379,ok
n,11040,11040,1000,0.6,normal,0.1,2780719163,0.025154539626012676,0.00019463924814097988,0.0815889835357666,0.03558346815314919,1.240722108560235e-05,0.08389973640441895,ok
n,11040,11040,1000,0.6,normal,0.1,3612021925,-0.03497297372682028,1.5048098340528523e-05,0.06745314598083496,-0.024975312484773797,3.743571670447801e-05,0.0790548324584961,ok
n,11040,11040,1000,0.6,normal,0.1,2235841317,-0.022449229502793534,0.0001161519925378637,0.0726919174194336,-0.03386193145414355,4.0362968601970886e-07,0.08231377601623535,ok
n,11040,11040,1000,0.6,normal,0.1,1167538314,-0.0235362533857377,1.0220099274073654e-05,0.07591724395751953,-0.025667920255211103,1.1346981859483802e-06,0.09789586067199707,ok
n,11040,11040,1000,0.6,normal,0.1,1005840860,0.002249776363847834,0.00013182004382709462,0.06756067276000977,-0.00897875133303433,6.388930502433337e-08,0.09809184074401855,ok
n,11040,11040,1000,0.6,normal,0.1,376828154,-0.008604046439693916,1.2262324609875805e-06,0.09047722816467285,-0.015102964791829987,2.9068968209749737e-05,0.09816813468933105,ok
n,11040,11040,1000,0.6,normal,0.1,2974066273,-0.0158311690975219,1.1935967444215236e-06,0.08505630493164062,-0.01707531051737182,2.2989499889834914e-08,0.10094642639160156,ok
n,11040,11040,1000,0.6,normal,0.1,2652310996,-0.005337222787234468,0.00010277008445008025,0.07842683792114258,-0.0035907531813128783,7.041036629689577e-05,0.0893399715423584,ok
n,11040,11040,1000,0.6,normal,0.1,1551218136,0.021511995766934543,7.990840062634486e-07,0.08143782615661621,0.019033861885156017,2.5097495025321964e-06,0.08776712417602539,ok
n,11040,11040,1000,0.6,normal,0.1,801631225,0.021906499375338267,0.00012578367266316258,0.07752752304077148,0.03235781589278258,5.837197116016864e-07,0.08843803405761719,ok
n,11040,11040,1000,0.6,normal,0.1,2021288505,0.001570850507699148,6.307164045634865e-08,0.07240509986877441,0.00624891414332237,1.959764686726622e-05,0.08106064796447754,ok
n,11040,11040,1000,0.6,normal,0.1,7976562,-0.016141518648449642,3.2773202452556685e-05,0.0780186653137207,-0.00741814567143033,8.99150934622818e-06,0.10311651229858398,ok
n,11040,11040,1000,0.6,normal,0.1,2571092219,-0.0006624055239456858,1.568370026229247e-05,0.06919741630554199,-0.005738687324277206,1.2454931063326654e-06,0.10166525840759277,ok
n,11040,11040,1000,0.6,normal,0.1,4201806330,0.041467901507550954,0.0006751509670640896,0.0895538330078125,0.06809997776162975,4.2043415408673273e-07,0.09114193916320801,ok
n,11040,11040,1000,0.6,normal,0.1,1994382349,0.006597790211480488,0.00010003868278762236,0.08406352996826172,-0.0055191499046195434,4.473251072605329e-06,0.09542608261108398,ok
n,11040,11040,1000,0.6,normal,0.1,1631161152,-0.010223029345790731,8.800214598862309e-05,0.08188891410827637,-0.003079769542402254,5.007239069329125e-06,0.09204697608947754,ok
n,11040,11040,1000,0.6,normal,0.1,242260817,0.023058667846719116,2.4059737869139565e-06,0.07856369018554688,0.025025260672535344,1.7261752635606427e-07,0.0823967456817627,ok
n,11040,11040,1000,0.6,normal,0.1,2189402024,0.0006115043310011912,1.695511258170148e-05,0.08233237266540527,0.0034141355744878995,4.7890411913735194e-05,0.08671164512634277,ok
n,11040,11040,1000,0.6,normal,0.1,1858761362,0.01675626237155603,3.27023643612678e-05,0.08069014549255371,0.006902416605635058,1.7100273163093015e-05,0.07652401924133301,ok
n,11040,11040,1000,0.6,normal,0.1,1488350186,0.0036099290549454835,1.3501023354069817e-05,0.07524752616882324,0.008336754655254842,1.1076546396097423e-06,0.09470033645629883,ok
n,11040,11040,1000,0.6,normal,0.1,622473148,0.027485873413350338,8.682698389693751e-05,0.0741422176361084,0.02061870065574867,6.007043370888523e-06,0.12368988990783691,ok
n,11040,11040,1000,0.6,normal,0.1,1782079470,-0.005742079666116891,5.7883979817629265e-06,0.10977768898010254,-0.013132617274853386,9.597036561009037e-05,0.11463785171508789,ok
n,11040,11040,1000,0.6,normal,0.1,3656226422,-0.007263734857084611,8.565194338429964e-05,0.13178277015686035,-0.007981812271499309,7.287620471528354e-05,0.14959359169006348,ok
n,11040,11040,1000,0.6,normal,0.1,2124628728,0.036492102142508795,2.1730882625468796e-05,0.1315758228302002,0.03928597956421625,3.4885350999761806e-06,0.14874720573425293,ok
n,11040,11040,1000,0.6,normal,0.1,1217052542,0.007229741947777772,0.0003178808803082912,0.13091349601745605,0.027563533355740293,6.272906805384214e-06,0.11803817749023438,ok
n,11040,11040,1000,0.6,normal,0.1,1356203877,0.01415381927069169,1.9835685324047222e-05,0.09934043884277344,0.017944036644705702,4.402451926459379e-07,0.13166213035583496,ok
n,11040,11040,1000,0.6,normal,0.1,3120093812,0.02321272164741002,5.674699007986963e-05,0.09119606018066406,0.028528699975976395,4.9154502890860045e-06,0.08714437484741211,ok
n,11040,11040,1000,0.6,normal,0.1,2551855106,-0.0011330180603006629,0.0003517889978307035,0.11301183700561523,0.009743902142124736,6.208051254789398e-05,0.14858627319335938,ok
n,11040,11040,1000,0.6,normal,0.1,1920709490,0.009982940337362321,4.114806166569982e-05,0.12268996238708496,-0.0014955208239443513,2.56419253062273e-05,0.12088751792907715,ok
n,11040,11040,1000,0.6,normal,0.1,1523381094,-0.007195117298074469,0.00019423994458436032,0.09733104705810547,-0.024506659554809785,1.1387541354210806e-05,0.10347986221313477,ok
n,11040,11040,1000,0.6,normal,0.1,2429318060,-0.043088331077097725,6.32956511436662e-07,0.10576891899108887,-0.03989349328688164,5.756410877715609e-06,0.12022686004638672,ok
n,12040,12040,1000,0.6,normal,0.1,3437786620,-0.008520437779518714,6.27685378614406e-05,0.13004016876220703,-0.0052234837116287534,2.1397153260203287e-05,0.1465318202972412,ok
n,12040,12040,1000,0.6,normal,0.1,2747561990,-0.04186438247588666,1.9383957110081267e-07,0.10233283042907715,-0.03868829502459033,1.3078056807246826e-05,0.10846161842346191,ok
n,12040,12040,1000,0.6,normal,0.1,3031521641,-0.02595672540115632,1.2553725972920115e-05,0.1367788314819336,-0.02593950761846105,1.2676031894857337e-05,0.09408950805664062,ok
n,12040,12040,1000,0.6,normal,0.1,3029965517,0.040565920908559185,0.00022417181850087665,0.1033780574798584,0.0568933863664615,1.836287765217956e-06,0.11606502532958984,ok
n,12040,12040,1000,0.6,normal,0.1,653328058,-0.023885889477405938,0.0001554131715522028,0.09067773818969727,-0.03592347195052827,1.8395473864609615e-07,0.09311532974243164,ok
n,12040,12040,1000,0.6,normal,0.1,3797856279,0.047983101050600885,0.0002014568177603921,0.10491394996643066,0.05360951525762436,7.339578923248512e-05,0.13181185722351074,ok
n,12040,12040,1000,0.6,normal,0.1,2480112896,-0.02983225051518105,2.230727603091485e-06,0.13676190376281738,-0.03232214373631734,9.926757986478245e-07,0.17732977867126465,ok
n,12040,12040,1000,0.6,normal,0.1,3877955567,-0.008111931991866375,0.00011154075747411729,0.13271403312683105,-0.021145258215644232,6.1109839211984895e-06,0.12273216247558594,ok
n,12040,12040,1000,0.6,normal,0.1,4150775615,0.004884849474927282,2.413993427973823e-05,0.11643624305725098,0.010711976181115735,8.351876130366684e-07,0.13051605224609375,ok
n,12040,12040,1000,0.6,normal,0.1,2505444029,-0.01258817450253526,0.00038923212857363106,0.09328055381774902,-0.032665765816241144,1.2153909435280922e-07,0.1263284683227539,ok
n,12040,12040,1000,0.6,normal,0.1,593412277,0.04013615990622915,1.3357874651439164e-05,0.11739754676818848,0.03293904896582225,1.2547664781581458e-05,0.09888052940368652,ok
n,12040,12040,1000,0.6,normal,0.1,2705022390,-0.0016899721434655629,6.234506925238323e-05,0.0945899486541748,-0.008647732949415761,8.800852394115223e-07,0.14408326148986816,ok
n,12040,12040,1000,0.6,normal,0.1,879247699,0.01766774086695562,2.6158135346468502e-05,0.08410000801086426,0.013959258793595152,1.976893309260771e-06,0.11759352684020996,ok
n,12040,12040,1000,0.6,normal,0.1,2629708436,0.00828379313364937,5.365115672033543e-08,0.10597610473632812,0.011610611002032555,9.580205314529926e-06,0.13358259201049805,ok
n,12040,12040,1000,0.6,normal,0.1,3680982796,0.0024343410309431712,6.921610192057931e-05,0.0788106918334961,0.011526325166062744,5.96544038521199e-07,0.10294008255004883,ok
n,12040,12040,1000,0.6,normal,0.1,2260060097,-0.011053456689087734,7.999131447478677e-06,0.12265419960021973,-0.016073292748632766,4.8029460985317685e-06,0.13134264945983887,ok
n,12040,12040,1000,0.6,normal,0.1,2951302783,0.0014916532368533322,3.5534479404920834e-05,0.09177994728088379,0.013835541956402884,4.074024218367568e-05,0.15901827812194824,ok
n,12040,12040,1000,0.6,normal,0.1,481137401,0.02152905218553233,1.5665492898626343e-05,0.09754252433776855,0.0297728064135074,1.8367982855796538e-05,0.11771512031555176,ok
n,12040,12040,1000,0.6,normal,0.1,3222230696,-0.01650678458828082,2.219640980716644e-05,0.15062952041625977,-0.004341132160514897,5.5567271833910137e-05,0.11771798133850098,ok
n,12040,12040,1000,0.6,normal,0.1,1041704611,-0.07386175591736086,0.0002772333606055558,0.13099169731140137,-0.08090990034062531,9.220189374265681e-05,0.13098645210266113,ok
n,12040,12040,1000,0.6,normal,0.1,3007561204,0.00617403865380884,9.719186051368442e-06,0.13172292709350586,0.012604692228119654,9.116839991132131e-05,0.11266493797302246,ok
n,12040,12040,1000,0.6,normal,0.1,4291021576,0.03259983023834718,3.4013645505503814e-05,0.10082626342773438,0.03670267308302922,2.990405947099671e-06,0.12002420425415039,ok
n,12040,12040,1000,0.6,normal,0.1,4253131694,-0.023652721097654136,0.00012087064280806463,0.09475827217102051,-0.03456402002183199,6.859091299757637e-09,0.09581470489501953,ok
n,12040,12040,1000,0.6,normal,0.1,327207776,-0.012876211041954645,2.1885796803292554e-05,0.09653759002685547,-0.020023675921603434,6.097141544052089e-06,0.09717535972595215,ok
n,12040,12040,1000,0.6,normal,0.1,1721215275,-0.015981800169225735,1.0274818370965878e-06,0.11719870567321777,-0.009510722412623846,2.9783541867689444e-05,0.13585925102233887,ok
n,12040,12040,1000,0.6,normal,0.1,943495323,0.02273159359797964,7.323041937260511e-05,0.10189008712768555,0.021214466785812316,0.000101497649938925,0.13712739944458008,ok
n,12040,12040,1000,0.6,normal,0.1,2272924597,-0.024487932067924132,0.00012058278315319317,0.11622381210327148,-0.02170672261739872,6.723688028781732e-05,0.1233530044555664,ok
n,12040,12040,1000,0.6,normal,0.1,2497900072,-0.02028328669184449,1.2757088160368342e-06,0.11655664443969727,-0.021626476996272893,4.567516978856351e-08,0.10229897499084473,ok
n,12040,12040,1000,0.6,normal,0.1,1590702770,-0.0081553509405982,9.198769152525756e-05,0.11653017997741699,-0.01780867005167273,3.881004610265672e-09,0.10629010200500488,ok
n,12040,12040,1000,0.6,normal,0.1,1339990500,0.026459041668970083,9.662733723123075e-07,0.08839917182922363,0.022296765149753997,1.0107849729894634e-05,0.13481354713439941,ok
n,12040,12040,1000,0.6,normal,0.1,1626347852,0.03573932307689164,0.0005165696398960519,0.12351608276367188,0.05818812832296998,7.804378501060264e-08,0.10879969596862793,ok
n,12040,12040,1000,0.6,normal,0.1,1637223083,-0.008747908048160762,8.850463353869953e-06,0.08283376693725586,-0.00866992943320271,9.320512540286726e-06,0.10918092727661133,ok
n,12040,12040,1000,0.6,normal,0.1,2587341888,-0.02687128476052768,9.357765987206179e-05,0.10816264152526855,-0.017285981777690636,7.788359544341915e-09,0.12217998504638672,ok
n,12040,12040,1000,0.6,normal,0.1,531375390,0.007691738967810484,0.00010154418606381478,0.08287978172302246,0.007354183422292854,9.485509373023166e-05,0.1280827522277832,ok
n,12040,12040,1000,0.6,normal,0.1,3010924633,-0.00022693819566705175,8.149726455135365e-06,0.11191034317016602,0.00635933147904081,1.392407060491482e-05,0.09436774253845215,ok
n,12040,12040,1000,0.6,normal,0.1,858210110,-0.013916501544302101,0.0003407585062706677,0.09976410865783691,-0.0033240590268983987,6.189288033373024e-05,0.11907768249511719,ok
n,12040,12040,1000,0.6,normal,0.1,3263705762,0.004876790528348984,1.5970318783981364e-05,0.13289642333984375,-0.0004802544983656919,1.8516593435328926e-06,0.08893203735351562,ok
n,12040,12040,1000,0.6,normal,0.1,3048116126,-0.000356812931454669,0.0003112976360817325,0.11785006523132324,0.01756712434277758,7.857285900399195e-08,0.1167912483215332,ok
n,12040,12040,1000,0.6,normal,0.1,1632439216,-0.01131647134259732,3.097258782532064e-05,0.13962745666503906,-0.00471414365719584,1.0754219974988969e-06,0.1682136058807373,ok
n,12040,12040,1000,0.6,normal,0.1,282691399,-0.07004742253967534,0.00017950325936662664,0.09143662452697754,-0.08359335992849766,2.192020719664254e-08,0.09864401817321777,ok
n,12040,12040,1000,0.6,normal,0.1,4116390946,0.030936273197449526,0.0003279566716774991,0.1194143295288086,0.0498293706149643,6.139088931819398e-07,0.16046977043151855,ok
n,12040,12040,1000,0.6,normal,0.1,1634551372,-0.0034264071247434857,2.2725850663674053e-05,0.1307990550994873,0.008269615127051776,4.800907949204319e-05,0.11461186408996582,ok
n,12040,12040,1000,0.6,normal,0.1,2480645529,0.03061001686425571,6.157598337137923e-05,0.1321098804473877,0.0460352477405956,5.7429028519270857e-05,0.14733219146728516,ok
n,12040,12040,1000,0.6,normal,0.1,2727163730,-0.017730861868488247,1.3300901738485143e-05,0.14231467247009277,-0.01516065067611406,3.8654214054412405e-05,0.1528935432434082,ok
n,12040,12040,1000,0.6,normal,0.1,3860996669,0.017078903933708655,1.0927425809893573e-05,0.13859081268310547,0.017460433838444436,1.3595411527677129e-05,0.15311384201049805,ok
n,12040,12040,1000,0.6,normal,0.1,429908640,0.000994941332168673,0.00015762652654315672,0.08389782905578613,0.005064562725183277,7.200063736321252e-05,0.15453219413757324,ok
n,12040,12040,1000,0.6,normal,0.1,185112064,0.014641935198408024,0.00015616972583626173,0.14295125007629395,0.005756586256897263,1.3042496558099973e-05,0.1773226261138916,ok
n,12040,12040,1000,0.6,normal,0.1,2929636744,0.0034674769481894837,0.0006032834227411223,0.1363987922668457,-0.030441605970151404,8.737116383771516e-05,0.127272367477417,ok
n,12040,12040,1000,0.6,normal,0.1,802692228,0.046577708798045576,0.000979830305568789,0.12815237045288086,0.07954058810223794,2.7577188374538232e-06,0.14180588722229004,ok
n,12040,12040,1000,0.6,normal,0.1,4077057923,-0.02294022948707302,5.018464532413207e-06,0.1020514965057373,-0.02119757521278637,1.5863072152788505e-05,0.15335583686828613,ok
n,13040,13040,1000,0.6,normal,0.1,1273409177,-0.014869560248975436,7.227488080515476e-05,0.10918903350830078,-0.007044874917609475,4.5802862293404754e-07,0.16135621070861816,ok
n,13040,13040,1000,0.6,normal,0.1,2349047107,-0.026498881933062903,1.1119893505681912e-07,0.11289763450622559,-0.022838612707180333,1.5949913412289306e-05,0.1203908920288086,ok
n,13040,13040,1000,0.6,normal,0.1,1548304997,-0.0018468125828174419,0.000143767929065771,0.12316012382507324,0.005696238114885686,1.9778261872225266e-05,0.1304638385772705,ok
n,13040,13040,1000,0.6,normal,0.1,3504747436,-0.0016131163695674222,2.7370684093320823e-05,0.1177220344543457,-0.0018392923112346734,2.505527033631067e-05,0.12573003768920898,ok
n,13040,13040,1000,0.6,normal,0.1,3875157589,-0.006703977727939462,0.00037872742800190126,0.0998990535736084,0.00754014560090117,2.721497307204861e-05,0.1498105525970459,ok
n,13040,13040,1000,0.6,normal,0.1,3996306628,-0.0029630297797331104,2.088850382566073e-05,0.13181805610656738,0.00113297057351678,7.510639584631617e-05,0.14781618118286133,ok
n,13040,13040,1000,0.6,normal,0.1,4106268225,0.017032431750763313,1.1882925751836742e-05,0.14522600173950195,0.013093173554708076,5.4559203093259126e-05,0.18810176849365234,ok
n,13040,13040,1000,0.6,normal,0.1,2751779740,0.0160782887133512,0.00018133423337441464,0.11472558975219727,0.003278224784090149,4.4352413138712703e-07,0.12828326225280762,ok
n,13040,13040,1000,0.6,normal,0.1,1819899361,0.00934860359443047,0.0002461485041680018,0.12184858322143555,-0.010260702788865204,1.536785683375122e-05,0.13448739051818848,ok
n,13040,13040,1000,0.6,normal,0.1,3615948290,-0.00032593785903864604,2.0289220955396516e-07,0.12024903297424316,-0.013919960067187284,0.00019724679449524275,0.14168882369995117,ok
n,13040,13040,1000,0.6,normal,0.1,3761395684,-0.01388579890120926,6.407840698426791e-06,0.11612987518310547,-0.015520143795611105,8.046563865018221e-07,0.14193201065063477,ok
n,13040,13040,1000,0.6,normal,0.1,3919628378,0.03369324936657302,0.0003137475616349275,0.12409710884094238,0.041508520464376496,9.796346871537875e-05,0.11173439025878906,ok
n,13040,13040,1000,0.6,normal,0.1,2630878682,-0.014354895953522158,0.0001534253439109473,0.13184213638305664,-0.02607253535418329,4.473724310735613e-07,0.14827275276184082,ok
n,13040,13040,1000,0.6,normal,0.1,3064498969,-0.017603986377548127,4.6676215330748246e-05,0.1358652114868164,-0.02114120322534734,1.0855591839214803e-05,0.18924784660339355,ok
n,13040,13040,1000,0.6,normal,0.1,4183962123,0.013621774169630129,3.5971177618958595e-07,0.1161811351776123,0.02078952385837047,4.313849163313394e-05,0.1185297966003418,ok
n,13040,13040,1000,0.6,normal,0.1,2286517031,0.004043949354464428,3.4915172773155344e-06,0.08740448951721191,0.004373633158213921,4.832276766244018e-06,0.15161609649658203,ok
n,13040,13040,1000,0.6,normal,0.1,3333922188,0.004073952254635181,0.00011113841658127683,0.13164615631103516,-0.020111963231142744,0.00018615040832146556,0.18181109428405762,ok
n,13040,13040,1000,0.6,normal,0.1,1664721977,-0.03394027507761076,0.00010386166027696693,0.11645221710205078,-0.03784780066800533,3.9485244072572156e-05,0.14483118057250977,ok
n,13040,13040,1000,0.6,normal,0.1,2778177708,0.03490986822903858,3.663175266107671e-05,0.14772629737854004,0.041551800224143697,0.00016114649875691224,0.14905238151550293,ok
n,13040,13040,1000,0.6,normal,0.1,1141000209,-0.01346284964256064,1.2825187628974716e-07,0.1586930751800537,-0.01513939985218141,1.7382510685459973e-06,0.11225128173828125,ok
n,13040,13040,1000,0.6,normal,0.1,372699495,0.02360439183119013,2.855214592311303e-05,0.13295888900756836,0.02231690150871478,1.6450572097142747e-05,0.1264197826385498,ok
n,13040,13040,1000,0.6,normal,0.1,3193308060,-0.009265340323380397,1.4225161636495873e-06,0.1598823070526123,-0.006311829903721958,3.1004786181300767e-06,0.12686777114868164,ok
n,13040,13040,1000,0.6,normal,0.1,3161840222,0.00038561280802138664,0.00014273963710095185,0.13002347946166992,-0.020641161346511255,8.243558954082525e-05,0.14005160331726074,ok
n,13040,13040,1000,0.6,normal,0.1,2176985659,-0.014863980790928731,1.205914623592152e-07,0.12797832489013672,-0.019529415275045505,2.5127134207917222e-05,0.12771177291870117,ok
n,13040,13040,1000,0.6,normal,0.1,1936361869,0.028485944389120353,3.3370750550810366e-05,0.09403038024902344,0.02140644243301707,1.697182958318957e-06,0.13219857215881348,ok
n,13040,13040,1000,0.6,normal,0.1,402762008,-0.03433017807653292,6.310977564042634e-05,0.1347658634185791,-0.043912045923011296,2.6820668834213412e-06,0.14062047004699707,ok
n,13040,13040,1000,0.6,normal,0.1,368584701,-0.007249220176814285,1.2665135368463143e-05,0.12843060493469238,-0.005905701139460526,4.907518252398985e-06,0.17078232765197754,ok
n,13040,13040,1000,0.6,normal,0.1,3866804770,0.0014323715394483289,2.1143809498313705e-05,0.11074376106262207,0.005156130187797798,6.92556586087059e-05,0.12439966201782227,ok
n,13040,13040,1000,0.6,normal,0.1,3120665742,-0.002478002300042125,1.8630391300705914e-05,0.10309052467346191,0.010344766794218183,7.236012364094808e-05,0.12448000907897949,ok
n,13040,13040,1000,0.6,normal,0.1,1032906391,0.00496934771822473,5.861633521354426e-08,0.14113831520080566,0.0066105823654612275,1.957555077105799e-06,0.12461447715759277,ok
n,13040,13040,1000,0.6,normal,0.1,2323844010,0.003225153478408391,1.0959313174895384e-05,0.09959793090820312,0.001972846715687877,4.236099048847644e-06,0.15374231338500977,ok
n,13040,13040,1000,0.6,normal,0.1,1625584030,0.01014377449895635,1.437911259369517e-05,0.1324934959411621,0.011273363716740013,7.088324869114058e-06,0.14790654182434082,ok
n,13040,13040,1000,0.6,normal,0.1,2667669763,0.008133815455710663,1.9893804917963995e-05,0.11581611633300781,0.01823104579883421,3.17755791671e-05,0.08915495872497559,ok
n,13040,13040,1000,0.6,normal,0.1,2236137389,-0.013933735678222573,1.1672276502351315e-05,0.0871729850769043,-0.005253109399165986,0.0001463397711070513,0.12002015113830566,ok
n,13040,13040,1000,0.6,normal,0.1,3315655125,-0.022465339383961606,1.4960483657317573e-05,0.11768937110900879,-0.018985446076559415,1.505324661965161e-07,0.13269686698913574,ok
n,13040,13040,1000,0.6,normal,0.1,2205570475,-0.030232493251804795,8.24043285178201e-07,0.10832786560058594,-0.03104081043087038,9.890525311956583e-09,0.1526319980621338,ok
n,13040,13040,1000,0.6,normal,0.1,3885986222,-0.039109436763557076,0.00033821140401339955,0.13450241088867188,-0.053036028990970166,1.99266943995103e-05,0.11436200141906738,ok
n,13040,13040,1000,0.6,normal,0.1,1636439691,-0.03345041886410589,7.604876114565527e-05,0.12325143814086914,-0.041428655584553165,5.510944524764106e-07,0.15372967720031738,ok
n,13040,13040,1000,0.6,normal,0.1,607838908,-0.003542700363659022,9.813129234547074e-07,0.09416532516479492,-0.0007551306796397269,1.4274659846353925e-05,0.14180874824523926,ok
n,13040,13040,1000,0.6,normal,0.1,4282615791,0.024688365135645735,2.8618854304300485e-05,0.14436578750610352,0.01592528010690355,1.1651475410952854e-05,0.18555569648742676,ok
n,13040,13040,1000,0.6,normal,0.1,844598255,0.06209932841750829,9.854624175391314e-05,0.12177348136901855,0.07155979932845676,2.1769228870970045e-07,0.10986185073852539,ok
n,13040,13040,1000,0.6,normal,0.1,3087626457,-0.0037641987193049718,1.1471228005097181e-05,0.09934258460998535,-0.01811442623057189,0.00012019410861282032,0.12651371955871582,ok
n,13040,13040,1000,0.6,normal,0.1,1703569883,0.043296555296454355,6.640783381099074e-06,0.10501766204833984,0.04250644360496087,3.1928688553734227e-06,0.14684462547302246,ok
n,13040,13040,1000,0.6,normal,0.1,3359975563,0.005038676355541348,6.946970130820011e-06,0.13066673278808594,0.004502018461254065,4.406022073306516e-06,0.1436140537261963,ok
n,13040,13040,1000,0.6,normal,0.1,533646470,-0.018020985371312602,4.164887020414816e-06,0.13785910606384277,-0.02566691571792415,3.141742473400687e-05,0.13355112075805664,ok
n,13040,13040,1000,0.6,normal,0.1,523298135,0.005522972339385755,9.932557818611693e-06,0.14887332916259766,0.006708086588349898,1.8807056432128184e-05,0.12659549713134766,ok
n,13040,13040,1000,0.6,normal,0.1,4012559980,-0.012825339413086416,6.045776085513989e-05,0.11603784561157227,-0.005657311145757093,3.6897195394121935e-07,0.1328420639038086,ok
n,13040,13040,1000,0.6,normal,0.1,656589803,-0.034510216850189034,0.00037040766993451466,0.09205794334411621,-0.05391328977051839,2.467880780587607e-08,0.1405775547027588,ok
n,13040,13040,1000,0.6,normal,0.1,1338099747,-0.0152045965920783,1.7890129643764033e-05,0.09299993515014648,-0.0054908542690910445,3.0075021581578927e-05,0.14359068870544434,ok
n,13040,13040,1000,0.6,normal,0.1,332455103,-0.006687185153859519,0.00031644331830842,0.1126699447631836,-0.023778431047298175,4.866567438708451e-07,0.14114809036254883,ok
n,14040,14040,1000,0.6,normal,0.1,646397771,-0.009496409131628551,1.5671805307472694e-05,0.11165285110473633,-0.014363137241092568,8.244004525507047e-07,0.11789226531982422,ok
n,14040,14040,1000,0.6,normal,0.1,1542033262,0.01299308598608348,3.2204221950650125e-05,0.10959267616271973,0.008586790772892407,1.609298181782566e-06,0.13498687744140625,ok
n,14040,14040,1000,0.6,normal,0.1,150134081,-0.0368754972846404,1.422613407296733e-05,0.12112975120544434,-0.03168166252529852,2.0223114855486657e-06,0.19655060768127441,ok
n,14040,14040,1000,0.6,normal,0.1,1838173148,-0.006183507992524018,6.135099657368039e-09,0.15419816970825195,-0.007480803807324906,1.8923377901412306e-06,0.12294602394104004,ok
n,14040,14040,1000,0.6,normal,0.1,748282804,0.029218370412306738,3.200620830072488e-07,0.1160120964050293,0.02624139281373057,5.814065327250278e-06,0.1510787010192871,ok
n,14040,14040,1000,0.6,normal,0.1,3729274638,-0.01217923914986334,5.0406621361124335e-05,0.13739895820617676,-0.002899991583696758,4.75015705547102e-06,0.13881254196166992,ok
n,14040,14040,1000,0.6,normal,0.1,3519267435,0.04390849934431897,0.0001627463828859583,0.11330103874206543,0.05687706672446106,4.4672341391746065e-08,0.17100882530212402,ok
n,14040,14040,1000,0.6,normal,0.1,3166772364,-0.0041457327076729516,4.062073716098772e-05,0.10811376571655273,0.0015495349105685804,4.599177503723665e-07,0.12670636177062988,ok
n,14040,14040,1000,0.6,normal,0.1,4064018027,-0.01572879886105397,4.8740798611391126e-05,0.10300922393798828,-0.027413420600447942,2.211972032291423e-05,0.12797141075134277,ok
n,14040,14040,1000,0.6,normal,0.1,904713768,-0.005981511523948039,1.8313324246946193e-05,0.10110187530517578,8.396298143757332e-05,3.1900371441044286e-06,0.1878361701965332,ok
n,14040,14040,1000,0.6,normal,0.1,1144338687,-0.01014521637742305,2.4187445661545063e-06,0.09975695610046387,-0.011796223544321922,9.173006232374869e-09,0.15680861473083496,ok
n,14040,14040,1000,0.6,normal,0.1,3144836164,0.011456288752132636,2.437622849864021e-06,0.12516283988952637,0.019433506074645848,4.116413826003222e-05,0.16039752960205078,ok
n,14040,14040,1000,0.6,normal,0.1,4244452150,0.00540783066810739,1.697162223337849e-05,0.11210846900939941,0.012682130456714619,9.951734033931215e-06,0.13176536560058594,ok
n,14040,14040,1000,0.6,normal,0.1,1364987265,0.036941815146775164,0.0001353086950564019,0.12191462516784668,0.039645796496263666,7.971356277944119e-05,0.15558838844299316,ok
n,14040,14040,1000,0.6,normal,0.1,983257073,0.020079362592826527,2.554753890440049e-07,0.13899683952331543,0.016636729495053702,8.627069615571366e-06,0.1328439712524414,ok
n,14040,14040,1000,0.6,normal,0.1,3409133805,0.005204795663819928,0.00018784138546948885,0.12599706649780273,0.024971469705826973,3.673754100148905e-05,0.14047932624816895,ok
n,14040,14040,1000,0.6,normal,0.1,200106878,0.026840440652705275,2.661262536112659e-07,0.11104893684387207,0.030429456153014515,1.6850119956073947e-05,0.10647964477539062,ok
n,14040,14040,1000,0.6,normal,0.1,583796232,0.019806469166095703,5.671166247462232e-06,0.11564445495605469,0.018719016489305858,1.2033084976227343e-05,0.1299891471862793,ok
n,14040,14040,1000,0.6,normal,0.1,1014287778,0.01772524675543108,8.461573505234782e-05,0.1614067554473877,0.026226515717290542,4.863837717655757e-07,0.17626667022705078,ok
n,14040,14040,1000,0.6,normal,0.1,3221967790,0.021568590825594838,0.00036270309718544337,0.1370253562927246,0.0031313086854548493,3.6903616760784307e-07,0.1416158676147461,ok
n,14040,14040,1000,0.6,normal,0.1,475520944,-0.030432424700273977,3.318759622002839e-06,0.12464094161987305,-0.031253888028270754,6.986557196208863e-06,0.13616657257080078,ok
n,14040,14040,1000,0.6,normal,0.1,2501495164,0.013406166461788981,6.279858686284096e-05,0.1570754051208496,0.021678182791101067,1.2072872141079628e-07,0.15447020530700684,ok
n,14040,14040,1000,0.6,normal,0.1,1582002519,-0.009470860090277864,7.80966555925969e-05,0.08985352516174316,-0.019271567088662716,9.282855802382493e-07,0.12080526351928711,ok
n,14040,14040,1000,0.6,normal,0.1,3055630987,0.02359028869005513,3.993107996240063e-06,0.1387636661529541,0.01661381693371494,2.4782430437248887e-05,0.09781169891357422,ok
n,14040,14040,1000,0.6,normal,0.1,1831260958,-0.0058224947336481155,8.665568124775432e-06,0.1533222198486328,-0.00901369964138357,6.124199628232925e-08,0.10581088066101074,ok
n,14040,14040,1000,0.6,normal,0.1,1753277766,-0.008585066758589537,1.5452204918991122e-05,0.18034720420837402,0.0027880407827310014,5.538601743489796e-05,0.10942721366882324,ok
n,14040,14040,1000,0.6,normal,0.1,4132142155,0.0636518607358253,0.0003841204175645869,0.14871907234191895,0.07911301585817801,1.7121679278628335e-05,0.1785564422607422,ok
n,14040,14040,1000,0.6,normal,0.1,3451999487,0.01979009547996831,0.00014278371018925298,0.09525418281555176,0.014686065674892921,4.6856543781812466e-05,0.12121105194091797,ok
n,14040,14040,1000,0.6,normal,0.1,991066759,-0.04410432175431064,3.5838684954981617e-10,0.09272265434265137,-0.04489071605254713,5.889997483905917e-07,0.11546087265014648,ok
n,14040,14040,1000,0.6,normal,0.1,1642489830,0.002418112648935273,0.00017043355894715318,0.12707090377807617,-0.0011414843447135955,9.016306661341214e-05,0.16325163841247559,ok
n,14040,14040,1000,0.6,normal,0.1,3131420146,-0.0058558441883873585,3.562547244751424e-07,0.13820362091064453,-0.0013986234162292682,2.554384138759773e-05,0.12320899963378906,ok
n,14040,14040,1000,0.6,normal,0.1,834355118,-0.032510275988551135,0.00022366600007215308,0.11997818946838379,-0.053489083162422874,3.628062407760859e-05,0.12006402015686035,ok
n,14040,14040,1000,0.6,normal,0.1,3784542855,1.4764559850197829e-05,2.5414033625386646e-05,0.10982632637023926,0.004099901543559286,8.329063535256765e-05,0.14723753929138184,ok
n,14040,14040,1000,0.6,normal,0.1,761462855,-0.015271356651249235,3.9758538555714254e-05,0.1148834228515625,-0.02237679631190985,6.400039024806624e-07,0.14924168586730957,ok
n,14040,14040,1000,0.6,normal,0.1,854613098,0.019685693381108746,1.4213649395735593e-05,0.12680673599243164,0.02386749969973645,6.323280436781035e-05,0.18445801734924316,ok
n,14040,14040,1000,0.6,normal,0.1,4253829335,-0.005961990405055426,1.1415906364868895e-05,0.171966552734375,-0.006233106964922249,1.3321477080465751e-05,0.16805601119995117,ok
n,14040,14040,1000,0.6,normal,0.1,2880337009,-0.0009015163280404863,8.498058328305902e-05,0.1413271427154541,-0.003972576420629906,3.779091140670996e-05,0.13910388946533203,ok
n,14040,14040,1000,0.6,normal,0.1,37537681,-0.004444524919704865,2.5595648544466297e-06,0.11499977111816406,-0.011809124099714253,3.32321715660982e-05,0.1509685516357422,ok
n,14040,14040,1000,0.6,normal,0.1,127889041,0.030696358503574578,2.54251377817912e-07,0.14258193969726562,0.022178804149731852,6.421331181707581e-05,0.13701725006103516,ok
n,14040,14040,1000,0.6,normal,0.1,2985113763,0.0247931858988269,2.6082143452668803e-06,0.10277080535888672,0.025822739486956948,3.427436387787886e-07,0.1494741439819336,ok
n,14040,14040,1000,0.6,normal,0.1,1449141795,-0.017681596930978385,4.844975691488125e-06,0.09983468055725098,-0.01812460849832641,3.090982351845503e-06,0.0835118293762207,ok
n,14040,14040,1000,0.6,normal,0.1,4205621426,0.004391377196243179,1.2414079747475949e-06,0.14834284782409668,-0.0035080354628363847,4.6039315843921645e-05,0.15027904510498047,ok
n,14040,14040,1000,0.6,normal,0.1,3371994253,-0.018420450649616244,2.2400725807148618e-05,0.12433576583862305,-0.009576768316638586,1.6898198390807966e-05,0.16706013679504395,ok
n,14040,14040,1000,0.6,normal,0.1,3728863279,0.030787768118199624,0.00018800201110224368,0.10825824737548828,0.039929708440208836,2.0879802164903012e-05,0.14722299575805664,ok
n,14040,14040,1000,0.6,normal,0.1,525330096,0.020216172265740052,6.423116579828918e-05,0.1557619571685791,0.02781104381405778,1.7603335539658087e-07,0.14917254447937012,ok
n,14040,14040,1000,0.6,normal,0.1,2255409613,-0.011856960938339873,5.35186819686686e-07,0.10054874420166016,-0.009680083794421394,8.459033599264802e-06,0.15612196922302246,ok
n,14040,14040,1000,0.6,normal,0.1,670116249,-0.008341622684464685,0.00027556255742740293,0.13448691368103027,0.011767080899784123,1.2310460291796632e-05,0.14859652519226074,ok
n,14040,14040,1000,0.6,normal,0.1,2598053075,0.005706076529896143,9.268135951708838e-05,0.13297653198242188,0.01127281545747434,1.6486660721670285e-05,0.15590310096740723,ok
n,14040,14040,1000,0.6,normal,0.1,2864350075,-0.039464567369429146,3.7713602178629762e-06,0.09781980514526367,-0.04267698778143391,1.6139704974438761e-06,0.10180163383483887,ok
n,14040,14040,1000,0.6,normal,0.1,1395360292,-0.022139608482656874,4.0770163479780175e-06,0.16352605819702148,-0.013396072105087371,4.521720688749318e-05,0.1905374526977539,ok
n,15040,15040,1000,0.6,normal,0.1,2235013842,0.040956774477531856,2.578202920818615e-05,0.16829323768615723,0.027167396453344508,7.589506356365716e-05,0.16901707649230957,ok
n,15040,15040,1000,0.6,normal,0.1,2642598978,-0.004109712588794124,2.4174043312910956e-05,0.17000174522399902,-0.010557660168234652,2.344686628420071e-06,0.16326498985290527,ok
n,15040,15040,1000,0.6,normal,0.1,2073222979,-0.008047602375326292,2.292857353185591e-05,0.12484121322631836,-0.010086157144087915,4.660702480312548e-05,0.18142175674438477,ok
n,15040,15040,1000,0.6,normal,0.1,348212053,0.01096473894120036,5.158742245321809e-05,0.0888514518737793,0.007933711701826685,1.723421525078584e-05,0.17987799644470215,ok
n,15040,15040,1000,0.6,normal,0.1,1081199296,0.07475042671775986,4.1402603320360075e-05,0.14662718772888184,0.07885950011032856,5.407541350361468e-06,0.14440059661865234,ok
n,15040,15040,1000,0.6,normal,0.1,2596236063,-0.020242043658851804,4.602849150078334e-06,0.14505505561828613,-0.018895432044342433,1.2194320888104215e-05,0.15127778053283691,ok
n,15040,15040,1000,0.6,normal,0.1,948933059,0.023695681156521032,1.1296886593035703e-07,0.15773463249206543,0.023812697019256267,2.0532161012471632e-07,0.12224316596984863,ok
n,15040,15040,1000,0.6,normal,0.1,2157296314,0.006185670424938169,1.0219276262607437e-05,0.12772274017333984,-0.01052958824561505,0.00018274979884186403,0.1368269920349121,ok
n,15040,15040,1000,0.6,normal,0.1,2322937853,0.004348308507048446,4.3227660107376696e-05,0.16142988204956055,0.0007329435818177371,8.758105202967221e-06,0.15273475646972656,ok
n,15040,15040,1000,0.6,normal,0.1,1581060254,0.04347216053723028,7.159963862260341e-05,0.1464402675628662,0.04692343061553735,2.5103976771676248e-05,0.12670493125915527,ok
n,15040,15040,1000,0.6,normal,0.1,1562136834,-0.01291339290353666,2.0665586192726713e-05,0.1441349983215332,-0.020190411919457432,7.4587831535849015e-06,0.18103933334350586,ok
n,15040,15040,1000,0.6,normal,0.1,862409531,0.006404237269629459,8.166876292602776e-05,0.1505260467529297,0.018761385325520775,1.102287099980536e-05,0.18063569068908691,ok
n,15040,15040,1000,0.6,normal,0.1,3523742726,-0.008730747850534433,0.00010578931173550755,0.1582930088043213,0.010244679707690454,7.551669845087897e-05,0.16517305374145508,ok
n,15040,15040,1000,0.6,normal,0.1,529431540,-0.04038412921082986,2.6338372735928305e-05,0.12774062156677246,-0.04872276499812413,1.0281920286047485e-05,0.20066428184509277,ok
n,15040,15040,1000,0.6,normal,0.1,3862065641,0.0009741371026158028,0.00010127156173366017,0.13133955001831055,0.0025559576052543265,7.193680490746355e-05,0.1626427173614502,ok
n,15040,15040,1000,0.6,normal,0.1,1121070805,-0.013654900155583304,9.190853678852586e-05,0.13195562362670898,-0.01558202363500712,5.86720846046949e-05,0.1398005485534668,ok
n,15040,15040,1000,0.6,normal,0.1,935750472,-0.01407473517807591,0.00010251073248950372,0.10311079025268555,-0.024496986292688563,8.850192020936874e-08,0.1202089786529541,ok
n,15040,15040,1000,0.6,normal,0.1,3897957152,0.017123113339615522,2.8477891613164087e-05,0.11920619010925293,0.02086420411053073,2.5452287715880015e-06,0.18934178352355957,ok
n,15040,15040,1000,0.6,normal,0.1,2024016016,0.0016693727835387596,3.785701674040441e-05,0.1299750804901123,-0.0027977740580894237,2.8414454466655662e-06,0.12334752082824707,ok
n,15040,15040,1000,0.6,normal,0.1,3912092607,0.026273027838622474,0.00017635654272993499,0.14609527587890625,0.04410731614138111,2.0742178889714855e-05,0.16256380081176758,ok
n,15040,15040,1000,0.6,normal,0.1,3146520954,0.029299317380096425,7.590721058978453e-05,0.10966634750366211,0.03482162560935906,1.0177160350385765e-05,0.1578989028930664,ok
n,15040,15040,1000,0.6,normal,0.1,380192083,-0.06770887015723626,4.389763421341028e-05,0.10876059532165527,-0.060562437586483,2.713405549014927e-07,0.1563892364501953,ok
n,15040,15040,1000,0.6,normal,0.1,2997708231,0.03249935946676222,2.534376747262811e-06,0.13465499877929688,0.029004607656977086,2.5874765183119127e-05,0.17090892791748047,ok
n,15040,15040,1000,0.6,normal,0.1,3815883421,0.009981545114307964,3.3436085295025975e-07,0.12857627868652344,0.00785861414941781,7.296321570169265e-06,0.13433551788330078,ok
n,15040,15040,1000,0.6,normal,0.1,2548760693,-0.014914766065752049,1.2606043488275236e-05,0.1280219554901123,-0.007390773944727422,1.5788647203135846e-05,0.186171293258667,ok
n,15040,15040,1000,0.6,normal,0.1,3869384197,-0.02879311157706153,3.1679282095755066e-05,0.11954021453857422,-0.021365654550388604,0.00017045632019952066,0.13333368301391602,ok
n,15040,15040,1000,0.6,normal,0.1,915786591,0.00181116378373411,0.00018237643503666909,0.1567554473876953,0.016229237878805768,8.342851791596939e-07,0.12932038307189941,ok
n,15040,15040,1000,0.6,normal,0.1,2962807432,0.013741298341453514,1.4872251134187605e-06,0.12052154541015625,0.0067914537259546595,6.673849198173466e-05,0.16049838066101074,ok
n,15040,15040,1000,0.6,normal,0.1,3771063557,-0.006618901110983465,5.341553433361321e-05,0.11445069313049316,-0.013013431196797248,8.355113480163264e-07,0.14657068252563477,ok
n,15040,15040,1000,0.6,normal,0.1,2408851630,-0.009552693245462852,1.115442935566663e-05,0.13399982452392578,-0.003734485607810603,6.1423817415519356e-06,0.13599181175231934,ok
n,15040,15040,1000,0.6,normal,0.1,218193298,-0.008765298866102056,2.4663470544533158e-05,0.11516475677490234,-0.011060425249236163,5.272734057974362e-05,0.16302204132080078,ok
n,15040,15040,1000,0.6,normal,0.1,1167231131,0.03657222029964876,0.00011717912618024149,0.14108681678771973,0.018730202036520045,4.923951688301551e-05,0.15313220024108887,ok
n,15040,15040,1000,0.6,normal,0.1,3781377586,0.026114679974632744,7.878153359789653e-05,0.1772446632385254,0.018789127966482903,2.403567155948894e-06,0.1288013458251953,ok
n,15040,15040,1000,0.6,normal,0.1,1098129949,-0.017126584939149706,2.7048448130938058e-05,0.17195987701416016,-0.020994590959087154,1.7763724651368198e-06,0.18482613563537598,ok
n,15040,15040,1000,0.6,normal,0.1,3887966540,-0.0043242506473687254,0.00013270222529045058,0.15204596519470215,0.006875197554556726,1.0252611080956815e-07,0.11970806121826172,ok
n,15040,15040,1000,0.6,normal,0.1,2103712417,-0.014110390835860982,0.0002052571513772084,0.14735174179077148,-0.030722701120293617,5.223564736127274e-06,0.16398882865905762,ok
n,15040,15040,1000,0.6,normal,0.1,3400924432,0.019528731695875875,0.00016511140123392503,0.13998007774353027,0.029609340981863887,7.667133102763257e-06,0.13426542282104492,ok
n,15040,15040,1000,0.6,normal,0.1,4220846490,-0.025454778458527096,1.960964011316817e-06,0.1229851245880127,-0.023809124285726013,6.017695948442314e-08,0.12135505676269531,ok
n,15040,15040,1000,0.6,normal,0.1,231848602,-0.03399278827690682,2.018393545901366e-05,0.15360379219055176,-0.03347474692118863,2.5107062923682814e-05,0.19186735153198242,ok
n,15040,15040,1000,0.6,normal,0.1,2511571679,-0.04750234323165179,1.7092865506376782e-05,0.11948156356811523,-0.039304270928456196,0.00015208868634975783,0.16743779182434082,ok
n,15040,15040,1000,0.6,normal,0.1,879350528,-0.013958829956934303,5.119647943558146e-06,0.16587352752685547,-0.015468978003196026,1.4234110013861198e-05,0.18042898178100586,ok
n,15040,15040,1000,0.6,normal,0.1,1878844500,-0.011157491871618231,1.311960191159467e-06,0.12957000732421875,-0.005202221806836605,5.041963334825844e-05,0.16894960403442383,ok
n,15040,15040,1000,0.6,normal,0.1,1265509254,-0.0247296539725853,0.0002648565022690035,0.14333081245422363,-0.006873384240036077,2.5022722994203826e-06,0.18794775009155273,ok
n,15040,15040,1000,0.6,normal,0.1,3301112718,-0.019579761844980947,0.0002194946021663401,0.15837407112121582,-0.030855047424677238,1.2532057663522838e-05,0.19487309455871582,ok
n,15040,15040,1000,0.6,normal,0.1,2563612171,0.035649713773409836,9.062027599505187e-05,0.15653753280639648,0.03931956224790123,3.4218051660763615e-05,0.17006540298461914,ok
n,15040,15040,1000,0.6,normal,0.1,3309141160,0.007882247933455433,0.00024096548428668207,0.1364898681640625,-0.011888905806087431,1.8046275099771213e-05,0.14227843284606934,ok
n,15040,15040,1000,0.6,normal,0.1,1488530908,0.06154802997323082,0.00010297808988545427,0.16314959526062012,0.07361706955020475,3.691115118896425e-06,0.1963510513305664,ok
n,15040,15040,1000,0.6,normal,0.1,2142181601,-0.021913795866790636,2.878102426708883e-05,0.17236590385437012,-0.014812541811167179,3.015290415972331e-06,0.15442466735839844,ok
n,15040,15040,1000,0.6,normal,0.1,2967740014,0.02219414639899845,9.215893544832754e-05,0.1342175006866455,0.006622416489013928,3.56622203326927e-05,0.1461775302886963,ok
n,15040,15040,1000,0.6,normal,0.1,1853713147,-0.039467374717176505,0.0002672015059217493,0.14101147651672363,-0.025144905334768347,4.095888168820522e-06,0.16319680213928223,ok
n,16040,16040,1000,0.6,normal,0.1,2893584588,-0.01245026770014017,1.311653736090108e-07,0.1443800926208496,-0.010630946498143197,4.758893412026758e-06,0.17007064819335938,ok
n,16040,16040,1000,0.6,normal,0.1,2056858154,0.006430112727412568,9.377315431041544e-05,0.13660168647766113,-0.006166365064193595,8.48454258572115e-06,0.14791107177734375,ok
n,16040,16040,1000,0.6,normal,0.1,935972274,0.021963676952226143,8.244266544042446e-05,0.16093134880065918,0.010877796689871417,4.024380687276929e-06,0.16389155387878418,ok
n,16040,16040,1000,0.6,normal,0.1,3422416041,-0.04498060644150121,1.0321018483125073e-05,0.1349654197692871,-0.04156380704330373,4.394938979187678e-05,0.162461519241333,ok
n,16040,16040,1000,0.6,normal,0.1,1938994459,-0.015452996623743267,0.0001915471835467859,0.15494084358215332,-0.029824754021412374,2.8270509069249957e-07,0.18852019309997559,ok
n,16040,16040,1000,0.6,normal,0.1,1950808285,-0.040464442627921135,9.94129226537291e-06,0.1210935115814209,-0.041398813452237636,4.922233278207909e-06,0.1554117202758789,ok
n,16040,16040,1000,0.6,normal,0.1,2231954617,0.0031628564735212313,0.00012968529256764978,0.13713765144348145,-0.015149560631716888,4.794831317942322e-05,0.16512703895568848,ok
n,16040,16040,1000,0.6,normal,0.1,965676073,-0.0024676066313010663,0.00011420414204554767,0.158797025680542,0.0008932841426170714,5.3666510932340515e-05,0.17248821258544922,ok
n,16040,16040,1000,0.6,normal,0.1,1744255009,-0.033176028774690565,2.7251368438629507e-05,0.15231776237487793,-0.040270103133336406,3.51108908847157e-06,0.17279338836669922,ok
n,16040,16040,1000,0.6,normal,0.1,1455279388,0.03032675708783408,7.748898977394002e-06,0.11533284187316895,0.028487693164141077,2.1369802294358148e-05,0.17958760261535645,ok
n,16040,16040,1000,0.6,normal,0.1,360542530,-0.04040657391554259,4.011363652935948e-05,0.14585447311401367,-0.039483245767123025,5.2662029450539296e-05,0.18953943252563477,ok
n,16040,16040,1000,0.6,normal,0.1,2927445132,-0.028492527477378297,2.034153098986873e-06,0.1358633041381836,-0.021307524946285596,3.316337592461328e-05,0.13182306289672852,ok
n,16040,16040,1000,0.6,normal,0.1,347725038,-0.019866706647264552,3.509216085850951e-05,0.13817071914672852,-0.0229993928779112,7.790671534595438e-06,0.1331634521484375,ok
n,16040,16040,1000,0.6,normal,0.1,1484103815,0.00903771843714957,5.481635005638686e-05,0.1315603256225586,0.010138145553529283,7.23219886748164e-05,0.16383576393127441,ok
n,16040,16040,1000,0.6,normal,0.1,1806323017,-0.016153879378885277,1.3562531621942431e-05,0.14095783233642578,-0.015344663920250818,8.257110295687611e-06,0.1715090274810791,ok
n,16040,16040,1000,0.6,normal,0.1,634140832,-0.0016322646910270182,1.8471018567849674e-05,0.1674056053161621,-0.017447302465696375,0.00013264694355449516,0.17569637298583984,ok
n,16040,16040,1000,0.6,normal,0.1,3526958498,0.012738415721747907,6.638484994567442e-06,0.17301416397094727,0.01744106969843212,4.5204211916156035e-06,0.1749110221862793,ok
n,16040,16040,1000,0.6,normal,0.1,2159387378,0.004388499983495685,3.7133659000170028e-06,0.1123967170715332,0.0012197432783678578,1.541935936549817e-06,0.13681459426879883,ok
n,16040,16040,1000,0.6,normal,0.1,548705476,-0.010735313028587913,2.5392172047099623e-05,0.10865139961242676,-0.013720987918441783,4.216409303415517e-06,0.143843412399292,ok
n,16040,16040,1000,0.6,normal,0.1,3652618712,0.027311533563359684,8.4094104573785e-06,0.13683629035949707,0.023055850360172013,5.120234740638062e-05,0.14960479736328125,ok
n,16040,16040,1000,0.6,normal,0.1,1604716227,-0.021187767536920282,2.0629510944186403e-06,0.1460258960723877,-0.02533790594505781,3.1208268434616864e-05,0.12753915786743164,ok
n,16040,16040,1000,0.6,normal,0.1,1302511439,-0.014859282085436297,1.2286697724599517e-05,0.10077333450317383,-0.013392889363483599,2.471711811725659e-05,0.10003209114074707,ok
n,16040,16040,1000,0.6,normal,0.1,4053621251,-0.0092688335808527,7.371352669946021e-05,0.13123226165771484,-0.00021112469576387233,2.228318508194986e-07,0.16999030113220215,ok
n,16040,16040,1000,0.6,normal,0.1,1028648192,-0.05372582144051561,5.442895667105742e-05,0.16971945762634277,-0.0469588396904474,3.7285257062804456e-07,0.19361472129821777,ok
n,16040,16040,1000,0.6,normal,0.1,2840580115,-0.022603855134058905,5.2121823510922816e-06,0.20969867706298828,-0.021032505476020237,5.064753086414285e-07,0.19673538208007812,ok
n,16040,16040,1000,0.6,normal,0.1,2813572786,-0.006263294712777548,1.7436915691547412e-05,0.13288378715515137,-0.01132428596993325,7.836462261432175e-07,0.13303804397583008,ok
n,16040,16040,1000,0.6,normal,0.1,3872273980,0.061152891670376,0.0003733102054341794,0.1543715000152588,0.07718334313833503,1.0829270477961233e-05,0.14859485626220703,ok
n,16040,16040,1000,0.6,normal,0.1,697130855,-0.04945763972707065,1.0823940125645948e-06,0.13344264030456543,-0.049434247965018246,1.0342684663106717e-06,0.13466119766235352,ok
n,16040,16040,1000,0.6,normal,0.1,2927496353,-0.0295468399532367,9.875821873534035e-05,0.12020564079284668,-0.04282657775478782,1.1169103184877497e-05,0.20923328399658203,ok
n,16040,16040,1000,0.6,normal,0.1,2941518253,-0.022159006299160393,3.191456664129534e-06,0.1469440460205078,-0.024615756018838933,4.492818050776974e-07,0.15055465698242188,ok
n,16040,16040,1000,0.6,normal,0.1,457128479,-0.024548381481134206,0.0001764515243665324,0.12800049781799316,-0.03663634144186109,1.4293296763096482e-06,0.1422257423400879,ok
n,16040,16040,1000,0.6,normal,0.1,3459319322,0.005598036413268106,0.0001859393255263531,0.20435285568237305,0.019071332022182978,2.6458754637832952e-08,0.1404705047607422,ok
n,16040,16040,1000,0.6,normal,0.1,3570656722,-0.006008487227217334,8.459369894970397e-06,0.13621854782104492,-0.003537433012091043,1.913584605014824e-07,0.14438939094543457,ok
n,16040,16040,1000,0.6,normal,0.1,226083293,0.05582574401889965,3.3779115156583395e-07,0.1282520294189453,0.049636351299391146,3.145184766105427e-05,0.12909555435180664,ok
n,16040,16040,1000,0.6,normal,0.1,279402279,-0.02891418551790504,3.680295085382402e-08,0.12570762634277344,-0.030230955888099303,2.2759081213706042e-06,0.11234545707702637,ok
n,16040,16040,1000,0.6,normal,0.1,1546304478,-0.001964045753997669,3.442146614660931e-05,0.12832164764404297,0.007464280236267275,1.2683178083689114e-05,0.1887669563293457,ok
n,16040,16040,1000,0.6,normal,0.1,2692958289,-0.019481327386028355,1.6219226167648603e-05,0.165818452835083,-0.018586207529907257,2.423031609367178e-05,0.11426663398742676,ok
n,16040,16040,1000,0.6,normal,0.1,1505147888,-0.01125740788059044,4.003709229315026e-05,0.16607451438903809,-0.018829551819037085,1.5491707846649154e-06,0.15725207328796387,ok
n,16040,16040,1000,0.6,normal,0.1,979750019,-0.017319814250532816,4.709790923907091e-06,0.11741161346435547,-0.02174343224807839,5.077868910310761e-06,0.17307591438293457,ok
n,16040,16040,1000,0.6,normal,0.1,865846511,0.0022940987761130615,1.8265316680347794e-07,0.15577220916748047,0.002329562447244235,2.142237250194464e-07,0.21181082725524902,ok
n,16040,16040,1000,0.6,normal,0.1,2488754364,-0.029663302625271715,2.5848940365279145e-06,0.13448119163513184,-0.026621414437873678,2.161923352691987e-05,0.19829893112182617,ok
n,16040,16040,1000,0.6,normal,0.1,2945380207,-0.024954310212574552,7.176226475558475e-06,0.1981031894683838,-0.03618767121288421,7.317969309253849e-05,0.16413283348083496,ok
n,16040,16040,1000,0.6,normal,0.1,2923094979,-0.027512679355980434,0.0001571241971277307,0.11321091651916504,-0.03917989451603766,7.529101470644021e-07,0.13494873046875,ok
n,16040,16040,1000,0.6,normal,0.1,646397793,-0.015475543898962404,2.3962915029013133e-05,0.1154928207397461,-0.01754245133253765,4.847084318925831e-05,0.15735244750976562,ok
n,16040,16040,1000,0.6,normal,0.1,3277871705,0.009098736408550547,5.860430162776791e-09,0.16026782989501953,0.003731728233161829,2.7988911238991257e-05,0.16341876983642578,ok
n,16040,16040,1000,0.6,normal,0.1,1614336560,-0.005980062600180755,3.2410284571065637e-06,0.10737490653991699,-0.004317336602655205,1.1992449739205544e-05,0.13643789291381836,ok
n,16040,16040,1000,0.6,normal,0.1,208846441,0.05846001173453089,0.0002482913464822261,0.10611796379089355,0.072426937597829,3.205308111884865e-06,0.13866448402404785,ok
n,16040,16040,1000,0.6,normal,0.1,417239999,0.06681846965914588,0.00038568661774613863,0.13700461387634277,0.08193370210326807,2.046361987627625e-05,0.16181325912475586,ok
n,16040,16040,1000,0.6,normal,0.1,1223539889,-0.011226531629537803,8.791639101892114e-05,0.15566444396972656,-0.02523000179520997,2.1410018121482406e-05,0.1366722583770752,ok
n,16040,16040,1000,0.6,normal,0.1,2668125319,0.0003382929789405134,0.0002928594628279967,0.1148827075958252,-0.013245268240594871,1.245790618978066e-05,0.158433198928833,ok
n,17040,17040,1000,0.6,normal,0.1,3837893465,0.030657175504124223,1.7588565808734682e-05,0.12846589088439941,0.021811817526707872,2.163631796461122e-05,0.1325538158416748,ok
n,17040,17040,1000,0.6,normal,0.1,713749519,-5.798496866946591e-05,8.000055207433311e-05,0.16878771781921387,-0.009278788662287107,7.645275974424299e-08,0.18918490409851074,ok
n,17040,17040,1000,0.6,normal,0.1,55341023,0.012794440172479821,3.7737802714981394e-05,0.1349630355834961,0.014959472064652424,1.5825106884392614e-05,0.18101263046264648,ok
n,17040,17040,1000,0.6,normal,0.1,2579313988,0.03730523501921889,0.00017177785638421999,0.1928863525390625,0.0536282747404634,1.0346737859816521e-05,0.16447997093200684,ok
n,17040,17040,1000,0.6,normal,0.1,3669532467,-0.011822663842076243,9.126997261518638e-05,0.12432312965393066,-0.021490085998205524,1.2970980297756935e-08,0.1480560302734375,ok
n,17040,17040,1000,0.6,normal,0.1,2086336876,0.022203990985181672,1.6096120649549678e-06,0.16100120544433594,0.024379224055807936,1.1860708587185392e-05,0.15721631050109863,ok
n,17040,17040,1000,0.6,normal,0.1,2307427934,0.008001804307688485,7.029879805947159e-05,0.1742708683013916,-0.005650786863742899,2.7753439418762634e-05,0.1446976661682129,ok
n,17040,17040,1000,0.6,normal,0.1,3315716658,-0.010546624112268995,3.7477260632552952e-06,0.17855453491210938,-0.0044974320848360574,1.69191346442537e-05,0.203016996383667,ok
n,17040,17040,1000,0.6,normal,0.1,3957073644,0.03185843527852298,5.183733705313843e-05,0.16461443901062012,0.038735687368877066,1.040468763281495e-07,0.2175607681274414,ok
n,17040,17040,1000,0.6,normal,0.1,3407202230,0.009205057793410121,0.00022682526550190453,0.17033767700195312,0.021672447909110475,6.725356201060832e-06,0.15418195724487305,ok
n,17040,17040,1000,0.6,normal,0.1,3269167935,0.018499187688256393,7.111211133050948e-07,0.2031538486480713,0.01860239045343807,5.477142739202577e-07,0.18755412101745605,ok
n,17040,17040,1000,0.6,normal,0.1,2454870698,0.0333493864500488,1.4443658778411647e-05,0.16538500785827637,0.03789650058646904,5.574604614305948e-07,0.15233683586120605,ok
n,17040,17040,1000,0.6,normal,0.1,3384156749,-0.011996272873577903,4.377438777530285e-06,0.13751792907714844,-0.01166592125865488,5.868916044214869e-06,0.16758012771606445,ok
n,17040,17040,1000,0.6,normal,0.1,3082644643,0.026677668174800134,4.199959075620373e-05,0.12771153450012207,0.034176440743897654,1.0364531772530742e-06,0.15477657318115234,ok
n,17040,17040,1000,0.6,normal,0.1,2736732000,0.03201980740567682,0.0002564448727026531,0.14093637466430664,0.0077696152314692835,6.783657075844649e-05,0.2001943588256836,ok
n,17040,17040,1000,0.6,normal,0.1,2771261136,-0.015623830564882556,4.1919886894474833e-07,0.1679236888885498,-0.015527880011111503,3.041579139507471e-07,0.1519639492034912,ok
n,17040,17040,1000,0.6,normal,0.1,3543492260,-0.046011088065458235,3.762513477793522e-05,0.1684095859527588,-0.05040587759110357,3.0246202312090456e-06,0.1680619716644287,ok
n,17040,17040,1000,0.6,normal,0.1,1120606650,-0.011005834733658222,5.365832576925279e-05,0.132185697555542,-0.013148651378636541,2.685693503554723e-05,0.14392876625061035,ok
n,17040,17040,1000,0.6,normal,0.1,1282027436,0.009891099116539254,9.842610142656435e-06,0.18954753875732422,0.009896922691781537,9.879184585520927e-06,0.2026805877685547,ok
n,17040,17040,1000,0.6,normal,0.1,3122294870,-0.03844022581053847,0.000244554644988357,0.12976884841918945,-0.05221380907544563,3.4769560303764344e-06,0.1558549404144287,ok
n,17040,17040,1000,0.6,normal,0.1,1905937494,-0.08119196400336856,0.00014775948828003565,0.13647890090942383,-0.08805639156202169,2.799688751653504e-05,0.16930627822875977,ok
n,17040,17040,1000,0.6,normal,0.1,3879742522,-0.03285265406772576,0.00012498218135854671,0.1410994529724121,-0.04271782823278967,1.7275653954179073e-06,0.15386009216308594,ok
n,17040,17040,1000,0.6,normal,0.1,2650556147,0.0147817879258525,0.00017607349527217953,0.15932559967041016,-0.0012435226282996989,7.595765987475697e-06,0.17884182929992676,ok
n,17040,17040,1000,0.6,normal,0.1,3055837116,0.00808078434510918,5.919301858545497e-05,0.15028905868530273,0.0019219710664954235,2.3558770271320067e-06,0.16884732246398926,ok
n,17040,17040,1000,0.6,normal,0.1,4265879195,0.03445796445276626,0.00010401831897527864,0.12111830711364746,0.045274198039765026,3.8105489200121046e-07,0.1817455291748047,ok
n,17040,17040,1000,0.6,normal,0.1,3900186793,-0.007673511725801105,0.0002189769323356846,0.15218305587768555,-0.02113855074867338,1.7764362338099294e-06,0.18355703353881836,ok
n,17040,17040,1000,0.6,normal,0.1,2999761462,-0.002230004934625636,9.185054200322938e-05,0.14405179023742676,-0.008753851094543264,9.36373882206525e-06,0.1973741054534912,ok
n,17040,17040,1000,0.6,normal,0.1,311913004,0.02544863989152089,2.2504669858546422e-05,0.14295530319213867,0.019186809813843696,2.30408527533685e-06,0.12893176078796387,ok
n,17040,17040,1000,0.6,normal,0.1,103668356,-0.009690054779701201,2.246387112869174e-06,0.11662697792053223,-0.017294728150531596,3.72817479871892e-05,0.19126605987548828,ok
n,17040,17040,1000,0.6,normal,0.1,1063313624,0.02244252021782405,3.2470447062000812e-06,0.12041091918945312,0.02142200515334179,7.966341782490313e-06,0.14611434936523438,ok
n,17040,17040,1000,0.6,normal,0.1,1697227531,-0.012401355151269075,4.629100052049299e-05,0.14222097396850586,-0.011306198900814902,6.239270423168632e-05,0.1981368064880371,ok
n,17040,17040,1000,0.6,normal,0.1,3666501177,-0.0003534828853368564,7.271995271401288e-08,0.16519498825073242,-0.0005510977187356998,2.1835172583109735e-07,0.1965630054473877,ok
n,17040,17040,1000,0.6,normal,0.1,2769582788,-0.012854069857860499,1.5044954088847785e-06,0.17302489280700684,-0.016426437438281895,2.3029885799841933e-05,0.16071605682373047,ok
n,17040,17040,1000,0.6,normal,0.1,139431891,-0.02995214813047588,8.886140038329305e-06,0.1761949062347412,-0.024456448488130896,6.323900691673964e-06,0.18285846710205078,ok
n,17040,17040,1000,0.6,normal,0.1,3729569258,-0.007775314104348142,0.00018040836681134398,0.15239500999450684,0.005032839017230705,3.8870867341086804e-07,0.22312045097351074,ok
n,17040,17040,1000,0.6,normal,0.1,187234168,0.04952814817055573,1.828536429726209e-07,0.1501297950744629,0.051046969413684376,3.7886097459202167e-06,0.14195680618286133,ok
n,17040,17040,1000,0.6,normal,0.1,546878224,0.020454477674049034,3.496704048248856e-05,0.14374136924743652,0.019544345113092408,4.65591437463112e-05,0.1520528793334961,ok
n,17040,17040,1000,0.6,normal,0.1,3539198255,0.0409132108192319,3.092254384185809e-06,0.1512312889099121,0.043061420077484494,1.5188834647731823e-07,0.14132452011108398,ok
n,17040,17040,1000,0.6,normal,0.1,2874772651,-0.04990489766032012,6.481075204888916e-07,0.10519146919250488,-0.04709302194207272,1.3082160717727183e-05,0.15975046157836914,ok
n,17040,17040,1000,0.6,normal,0.1,659595274,-0.03260409089329179,7.17915610146776e-05,0.17792129516601562,-0.03805657650629438,9.12344727753722e-06,0.1478865146636963,ok
n,17040,17040,1000,0.6,normal,0.1,1607586923,0.022433381922014564,2.27526225542146e-05,0.14573121070861816,0.013932754438237152,1.3917798415181219e-05,0.18868350982666016,ok
n,17040,17040,1000,0.6,normal,0.1,1111779657,0.012905501332758767,2.9918532905483075e-05,0.1611015796661377,0.011604594667387925,1.7379535105414732e-05,0.15957283973693848,ok
n,17040,17040,1000,0.6,normal,0.1,2829513317,0.024084691546592308,0.00044363005744618765,0.13965797424316406,0.03768617128127671,5.566723119093936e-05,0.12846660614013672,ok
n,17040,17040,1000,0.6,normal,0.1,4223693063,0.022708308624338296,1.229785513459683e-05,0.14180660247802734,0.030458124842244357,1.8002933877527638e-05,0.17740607261657715,ok
n,17040,17040,1000,0.6,normal,0.1,1218192117,-0.0034536809216572815,0.00015925574506946318,0.13246393203735352,-0.020420517404905664,1.8897968676988315e-05,0.1203010082244873,ok
n,17040,17040,1000,0.6,normal,0.1,935199500,-0.05204814328707714,6.368067172899822e-05,0.14741230010986328,-0.06088361331129022,7.317998328219247e-07,0.17621564865112305,ok
n,17040,17040,1000,0.6,normal,0.1,1177872355,-0.015925748096693296,8.44732331391355e-05,0.1253068447113037,-0.005793619303645943,8.858511871158427e-07,0.1593492031097412,ok
n,17040,17040,1000,0.6,normal,0.1,903494354,-0.007617626378314369,2.4680548368252287e-05,0.15136384963989258,-0.02214693673328941,9.141957110190833e-05,0.2239987850189209,ok
n,17040,17040,1000,0.6,normal,0.1,2477530263,-0.0068017439391499625,2.2580020167273145e-06,0.12482070922851562,-0.007473565567351546,6.903006611885604e-07,0.19251322746276855,ok
n,17040,17040,1000,0.6,normal,0.1,3486132925,-0.003766340639226348,2.9366704186707114e-05,0.18190956115722656,-0.0005927914737798225,5.042523154927899e-06,0.15055179595947266,ok
n,18040,18040,1000,0.6,normal,0.1,1250027667,0.04672903559835187,1.2867660617845066e-05,0.1791706085205078,0.045622095681635104,2.2034500423193392e-05,0.2280271053314209,ok
n,18040,18040,1000,0.6,normal,0.1,2584536647,0.006456425655221827,5.826397861172083e-05,0.16133975982666016,-0.0027866851152777176,2.5921846702521164e-06,0.16409897804260254,ok
n,18040,18040,1000,0.6,normal,0.1,754377388,0.014812047796458084,5.6547520302903615e-06,0.16266703605651855,0.01025295112369447,4.757303739760919e-06,0.19112515449523926,ok
n,18040,18040,1000,0.6,normal,0.1,1141053077,-0.002851917908849923,0.0004760600116217931,0.17215609550476074,0.01835288313708566,3.769941016101805e-07,0.15645408630371094,ok
n,18040,18040,1000,0.6,normal,0.1,654828855,0.0015008972823860375,7.824668568603407e-05,0.16527247428894043,-0.0145626510501781,5.2097108367991616e-05,0.16049861907958984,ok
n,18040,18040,1000,0.6,normal,0.1,2385651412,0.025442977886955122,7.017674165471633e-05,0.1714797019958496,0.033415277910796695,1.6390831341097786e-07,0.2600429058074951,ok
n,18040,18040,1000,0.6,normal,0.1,1823978178,0.0006943230046987727,6.647159180302673e-05,0.16407108306884766,0.012857467025229018,1.6081165151873575e-05,0.1435408592224121,ok
n,18040,18040,1000,0.6,normal,0.1,388982695,0.010710736091124115,1.3168142377637975e-06,0.13642668724060059,0.005862027442479585,1.3698758426624661e-05,0.16911077499389648,ok
n,18040,18040,1000,0.6,normal,0.1,780549501,-0.03718306925806406,4.92744025825236e-05,0.1688082218170166,-0.04195978365813236,5.030413894172084e-06,0.1811826229095459,ok
n,18040,18040,1000,0.6,normal,0.1,2842105981,0.007574631210971108,6.199298189888207e-05,0.16736865043640137,0.0025078498386600363,7.878018679423942e-06,0.1807999610900879,ok
n,18040,18040,1000,0.6,normal,0.1,1847670441,0.035267842143613254,4.67395574411248e-06,0.1444838047027588,0.03452944464413114,8.411918948278252e-06,0.1572284698486328,ok
n,18040,18040,1000,0.6,normal,0.1,2678931767,-0.003504342271141781,4.396166661931318e-05,0.15846991539001465,0.013040803819705356,9.830299385970683e-05,0.15740180015563965,ok
n,18040,18040,1000,0.6,normal,0.1,1307605394,0.011991426101787743,1.4422560577705376e-05,0.13985085487365723,0.017295244591833285,2.2683789114416244e-06,0.18727326393127441,ok
n,18040,18040,1000,0.6,normal,0.1,3414069505,-0.001451799455270101,3.892079761477372e-06,0.16942954063415527,-0.0031732877350849164,6.317540616476154e-08,0.18116307258605957,ok
n,18040,18040,1000,0.6,normal,0.1,3603739857,0.021917294758110016,2.6657059166124417e-06,0.17333436012268066,0.016227623453961622,1.645902454495987e-05,0.19186973571777344,ok
n,18040,18040,1000,0.6,normal,0.1,1061434426,0.021345591411100127,1.0807769654292615e-05,0.22709393501281738,0.019475085449518013,2.6605203428069762e-05,0.20945048332214355,ok
n,18040,18040,1000,0.6,normal,0.1,2958452440,0.02090714069884798,0.00012476595704025224,0.18276596069335938,0.023512244423524727,7.335519161798865e-05,0.16108083724975586,ok
n,18040,18040,1000,0.6,normal,0.1,921199751,-0.014466000586495463,3.703237515974668e-05,0.17730188369750977,-0.02448519460838506,1.547455311402955e-05,0.1882014274597168,ok
n,18040,18040,1000,0.6,normal,0.1,979020940,0.026450928428976082,8.704368994701284e-05,0.16088056564331055,0.03819239050380853,5.8164960436666084e-06,0.1890883445739746,ok
n,18040,18040,1000,0.6,normal,0.1,571815043,0.001135583937618688,6.479275574392132e-06,0.14397287368774414,0.0058367646270321245,5.2513542108095695e-05,0.14606213569641113,ok
n,18040,18040,1000,0.6,normal,0.1,228024626,-0.04716252757407987,3.306721264315728e-05,0.17998266220092773,-0.052229354813168996,4.672850908607917e-07,0.15335917472839355,ok
n,18040,18040,1000,0.6,normal,0.1,4083091461,0.031613811259384714,9.46009055888052e-05,0.158949613571167,0.04043977372982572,8.106071023612274e-07,0.18901991844177246,ok
n,18040,18040,1000,0.6,normal,0.1,2235314756,0.027107990879400592,3.7276122778988426e-05,0.1569666862487793,0.022141933045146486,0.00012257756594948374,0.22637104988098145,ok
n,18040,18040,1000,0.6,normal,0.1,1149987941,0.04978825193978528,3.633882937504022e-05,0.19257473945617676,0.05701011496534811,1.4249038657815885e-06,0.23075056076049805,ok
n,18040,18040,1000,0.6,normal,0.1,575712469,-0.0030426003806440574,1.1709644903547103e-05,0.16939091682434082,-0.0023851346347795338,7.642294909828263e-06,0.22957181930541992,ok
n,18040,18040,1000,0.6,normal,0.1,396453377,-0.011878353550466802,5.618514277192924e-05,0.1702265739440918,0.0020578584970215217,4.148051826233255e-05,0.20193719863891602,ok
n,18040,18040,1000,0.6,normal,0.1,2714760672,-0.0013821608125097551,1.548846309095663e-05,0.16672587394714355,-0.0075509655928357846,4.987478388943316e-06,0.1793351173400879,ok
n,18040,18040,1000,0.6,normal,0.1,4043407446,0.015087575330069875,4.035030266214822e-05,0.16795063018798828,0.009806576259419475,1.1474474550334088e-06,0.2143392562866211,ok
n,18040,18040,1000,0.6,normal,0.1,1058454311,-0.04682044168600483,3.8460778015082805e-06,0.15075182914733887,-0.04621346456316847,6.59523564226983e-06,0.14443206787109375,ok
n,18040,18040,1000,0.6,normal,0.1,3625203751,0.038677479141256584,0.0005610132677335644,0.1280832290649414,0.062304480222057444,3.4477523540670615e-09,0.13266873359680176,ok
n,18040,18040,1000,0.6,normal,0.1,787294906,0.008504043440396476,8.34087473575696e-05,0.23404264450073242,0.01590572759377714,2.996896943303582e-06,0.19428133964538574,ok
n,18040,18040,1000,0.6,normal,0.1,3231751365,0.01034906305187127,2.582539389929908e-07,0.1686704158782959,0.02247178221672989,0.0001348973594192132,0.22763347625732422,ok
n,18040,18040,1000,0.6,normal,0.1,859446658,-0.0007499922711007404,5.253280704575694e-06,0.19223308563232422,-0.0024427656491848014,3.590769117116286e-07,0.17560529708862305,ok
n,18040,18040,1000,0.6,normal,0.1,3679232261,-0.021079889871819975,8.7487470498789e-05,0.17955636978149414,-0.028334897998752034,4.403557815688685e-06,0.1658010482788086,ok
n,18040,18040,1000,0.6,normal,0.1,1296474101,-0.015920555570872463,0.000281130883419726,0.16992807388305664,-0.027153851360438155,3.0621418398452254e-05,0.18323683738708496,ok
n,18040,18040,1000,0.6,normal,0.1,3960061236,0.06599797520296345,9.595335442719477e-05,0.16849398612976074,0.06723510497991343,7.3247041292737e-05,0.16794252395629883,ok
n,18040,18040,1000,0.6,normal,0.1,1198796242,-0.022527668178735603,0.00015546036863811917,0.17186784744262695,-0.029498367355969366,3.0224436585081052e-05,0.18511247634887695,ok
n,18040,18040,1000,0.6,normal,0.1,3281717585,-0.042257688072800226,2.1099455537887105e-05,0.16481781005859375,-0.036141606724614875,2.318514738600343e-06,0.1403658390045166,ok
n,18040,18040,1000,0.6,normal,0.1,3187028374,-0.012692691616154234,0.0001969208725828584,0.18670940399169922,0.0061065934619412895,2.2718905574971576e-05,0.1927495002746582,ok
n,18040,18040,1000,0.6,normal,0.1,14189465,-0.0048115438996618924,7.66760729587676e-06,0.16963815689086914,0.0014472245758082646,1.2178173610360303e-05,0.20583081245422363,ok
n,18040,18040,1000,0.6,normal,0.1,2670706277,-0.02363974438256035,2.9917639560580953e-05,0.17132115364074707,-0.022099331913250805,4.91417043496336e-05,0.1925492286682129,ok
n,18040,18040,1000,0.6,normal,0.1,49308260,-0.07910149630926656,0.00045884888037478597,0.19951963424682617,-0.09666357689026105,1.488939269935514e-05,0.19042348861694336,ok
n,18040,18040,1000,0.6,normal,0.1,3436399828,-0.05585947846339132,7.736946331813811e-05,0.12722134590148926,-0.05701684346850434,5.834861199291949e-05,0.16745471954345703,ok
n,18040,18040,1000,0.6,normal,0.1,704272530,-0.025391138909204684,3.863802450060754e-06,0.12853336334228516,-0.022181191041295813,1.5482629237155526e-06,0.14794278144836426,ok
n,18040,18040,1000,0.6,normal,0.1,2973093835,0.00011973274415628383,1.241245623750787e-07,0.1392378807067871,0.0014437692287591131,2.81014812937031e-06,0.19311213493347168,ok
n,18040,18040,1000,0.6,normal,0.1,1768355758,-0.029036647721103544,7.2380428120058325e-06,0.15202021598815918,-0.026085930134554475,6.778550360952028e-08,0.12577486038208008,ok
n,18040,18040,1000,0.6,normal,0.1,2785185320,-0.0017787922309327143,2.8767263998735698e-05,0.17909717559814453,0.005300081536044901,2.9424650242818608e-06,0.17471694946289062,ok
n,18040,18040,1000,0.6,normal,0.1,1632820083,0.006678689234315066,3.0238120432900856e-05,0.18373370170593262,0.0071704274712440595,2.5071868540524536e-05,0.216156005859375,ok
n,18040,18040,1000,0.6,normal,0.1,3375421500,0.007037242292978194,1.2137401125122165e-05,0.17139792442321777,0.010106391116260858,1.7199971936017227e-07,0.19571375846862793,ok
n,18040,18040,1000,0.6,normal,0.1,2191358377,-0.007984968986594043,8.294684558868747e-06,0.17598223686218262,0.001138199364905505,3.897653421563164e-05,0.17209076881408691,ok
n,19040,19040,1000,0.6,normal,0.1,3199909715,0.023370447978648304,5.499476254716854e-05,0.19145941734313965,0.033198883762309145,5.820592505578813e-06,0.23919177055358887,ok
n,19040,19040,1000,0.6,normal,0.1,3513701802,0.01793429092297226,2.6056219533837423e-06,0.18388152122497559,0.017257592814307714,8.788983625970327e-07,0.22176623344421387,ok
n,19040,19040,1000,0.6,normal,0.1,1101141922,0.002243535119047342,5.754342461971616e-05,0.22130513191223145,-0.01013927154458158,2.3011865477471486e-05,0.1780245304107666,ok
n,19040,19040,1000,0.6,normal,0.1,4080035545,-0.04309009999524278,0.0001013933693973241,0.14594697952270508,-0.05196601596881074,1.424469671222889e-06,0.1564464569091797,ok
n,19040,19040,1000,0.6,normal,0.1,1550207208,0.05391588908435596,0.00011941355988601827,0.16921305656433105,0.05539658352429667,8.924499128050188e-05,0.18483376502990723,ok
n,19040,19040,1000,0.6,normal,0.1,829766870,-0.019961247339225892,0.0001364955136772033,0.1676483154296875,-0.003249360459087383,2.528840132055176e-05,0.21999144554138184,ok
n,19040,19040,1000,0.6,normal,0.1,285458881,-0.018916425439582444,2.742190219295957e-05,0.165283203125,-0.025868941567130807,2.944393508293349e-06,0.21265459060668945,ok
n,19040,19040,1000,0.6,normal,0.1,3761351299,-0.03259094178623462,2.6350970917324973e-06,0.20528054237365723,-0.02262377383695407,6.962016215852419e-05,0.17931437492370605,ok
n,19040,19040,1000,0.6,normal,0.1,1153344788,0.01938180392455903,1.703877994111794e-05,0.17667722702026367,0.017060122229923737,4.1595887722565817e-05,0.1767139434814453,ok
n,19040,19040,1000,0.6,normal,0.1,3598704158,0.012389442799294877,0.00015177901753509956,0.17143869400024414,0.01906657769482422,3.1840377344774974e-05,0.17449378967285156,ok
n,19040,19040,1000,0.6,normal,0.1,3477235786,0.002425470912009056,8.909112557837748e-05,0.2059650421142578,0.0063277224148165796,3.0653474926172716e-05,0.1638627052307129,ok
n,19040,19040,1000,0.6,normal,0.1,2811354858,-0.01774735771818283,1.5211311627845469e-05,0.12595248222351074,-0.019481209594794775,4.692926212770907e-06,0.14587092399597168,ok
n,19040,19040,1000,0.6,normal,0.1,2321382970,0.0034459923565909826,1.6317563667745196e-06,0.1725630760192871,0.0021980602464903402,8.684858805290114e-10,0.22643828392028809,ok
n,19040,19040,1000,0.6,normal,0.1,4212866785,-0.014486180930587692,4.601996827222644e-05,0.16994452476501465,-0.010357427250558134,7.049281071417768e-06,0.23705315589904785,ok
n,19040,19040,1000,0.6,normal,0.1,773064435,0.0041572742488301855,7.492438781268491e-05,0.1954796314239502,0.013958154995774082,1.3110096149108147e-06,0.2207503318786621,ok
n,19040,19040,1000,0.6,normal,0.1,1734420784,-0.01784416605078674,6.091182209617929e-05,0.22014880180358887,-0.009727878232727262,9.7147661089201e-08,0.246262788772583,ok
n,19040,19040,1000,0.6,normal,0.1,1799606152,-0.043541403981056215,3.406153474048076e-05,0.16338658332824707,-0.04763229210459951,3.046204547441328e-06,0.1723921298980713,ok
n,19040,19040,1000,0.6,normal,0.1,2123079859,-0.002571436868282379,0.0001436586451543505,0.15892243385314941,0.010997791673464812,2.5073458862881927e-06,0.2289435863494873,ok
n,19040,19040,1000,0.6,normal,0.1,4004294178,0.01120456934057217,1.9315362006118384e-05,0.1688218116760254,0.014139283410905383,2.1322147133473665e-06,0.20198488235473633,ok
n,19040,19040,1000,0.6,normal,0.1,2309461296,0.015289604107907188,4.987909472691e-05,0.1781291961669922,0.007017124209946684,1.4640190629482407e-06,0.1805272102355957,ok
n,19040,19040,1000,0.6,normal,0.1,286519497,-0.005069247998273899,3.1643926806558564e-05,0.15939807891845703,-0.002407044278108981,8.779900961937078e-06,0.21832275390625,ok
n,19040,19040,1000,0.6,normal,0.1,3916705119,-0.011253712296784362,5.4217262075389635e-05,0.20364761352539062,-0.017214669154092196,1.9663901617720482e-06,0.23785805702209473,ok
n,19040,19040,1000,0.6,normal,0.1,2284074944,-0.06761448136833116,0.0001270161275310803,0.19565868377685547,-0.0779824384572574,8.13939761609235e-07,0.22035884857177734,ok
n,19040,19040,1000,0.6,normal,0.1,4148136635,-0.0009473568553649906,1.5741842086801713e-06,0.21529650688171387,-0.0024196057144136784,7.436059078296411e-06,0.20972156524658203,ok
n,19040,19040,1000,0.6,normal,0.1,1351479489,0.002063128802716783,9.5719425223786e-07,0.17232155799865723,0.005268319818467038,4.958762801264122e-06,0.2014448642730713,ok
n,19040,19040,1000,0.6,normal,0.1,3815538607,-0.004388303224272642,0.00018175709734975063,0.1924886703491211,0.005506035371417188,1.2869391338814208e-05,0.18381810188293457,ok
n,19040,19040,1000,0.6,normal,0.1,3783369111,-0.0008362381741341662,0.00010675781405825982,0.18803882598876953,0.013788262313781365,1.8422407287788772e-05,0.20661640167236328,ok
n,19040,19040,1000,0.6,normal,0.1,4123137912,0.030120505256672796,0.00014517234957039392,0.18940353393554688,0.042721497302733204,3.049725145936773e-07,0.18690896034240723,ok
n,19040,19040,1000,0.6,normal,0.1,2909316198,-0.020777420844119626,2.954956548364191e-05,0.16573047637939453,-0.025898055857907287,9.942429930960107e-08,0.2211291790008545,ok
n,19040,19040,1000,0.6,normal,0.1,2020737034,-0.023812911998686882,1.6762090677427806e-05,0.15207147598266602,-0.02948273261871779,2.482727721425041e-06,0.2553579807281494,ok
n,19040,19040,1000,0.6,normal,0.1,576974585,-0.03728172078683302,1.4455336232225123e-05,0.1749107837677002,-0.03505237689019327,3.637731896737938e-05,0.19729876518249512,ok
n,19040,19040,1000,0.6,normal,0.1,2247026706,-0.018567340515656307,1.9458514692997277e-05,0.20163416862487793,-0.013330264065323243,6.821038793617715e-07,0.1904921531677246,ok
n,19040,19040,1000,0.6,normal,0.1,418442935,0.027693869660823385,0.00025587417472782223,0.1847240924835205,0.04037277737498041,1.1003548892034715e-05,0.18741345405578613,ok
n,19040,19040,1000,0.6,normal,0.1,4103501543,0.021423884981533393,2.7464531139113407e-05,0.20072340965270996,0.025937455925624305,5.286604241974376e-07,0.22744202613830566,ok
n,19040,19040,1000,0.6,normal,0.1,536109145,-0.04162123416938666,4.2599277452594065e-05,0.20739150047302246,-0.044750487009408084,1.1543409582988146e-05,0.19092154502868652,ok
n,19040,19040,1000,0.6,normal,0.1,1280386062,-0.026619559242441866,2.9912476330401986e-06,0.1987287998199463,-0.027342906282253557,1.0123887978195376e-06,0.17761516571044922,ok
n,19040,19040,1000,0.6,normal,0.1,4104879991,-0.0019360815402001213,2.393252507553184e-07,0.1885693073272705,-0.0012868598486112405,1.296023985942948e-06,0.20187163352966309,ok
n,19040,19040,1000,0.6,normal,0.1,1612733685,0.021862067139262673,3.920116674198561e-07,0.20706534385681152,0.02445588864353399,3.871895052840653e-06,0.21544313430786133,ok
n,19040,19040,1000,0.6,normal,0.1,1329297062,0.016254157214650938,3.744246100978144e-05,0.1700291633605957,0.023271251344770837,8.065290343926099e-07,0.20173406600952148,ok
n,19040,19040,1000,0.6,normal,0.1,1368052978,0.004106720960504031,6.260324932538144e-05,0.1598043441772461,0.0017983932743367735,3.1403626061086014e-05,0.18634390830993652,ok
n,19040,19040,1000,0.6,normal,0.1,2119480000,0.013112364571263756,7.947250956683965e-05,0.15365934371948242,0.0028801078055861666,1.7358622069054766e-06,0.18219685554504395,ok
n,19040,19040,1000,0.6,normal,0.1,2237543495,0.012183721284342737,2.312979287178486e-06,0.14872026443481445,0.008713701189992323,3.799271022799509e-06,0.19361233711242676,ok
n,19040,19040,1000,0.6,normal,0.1,951434561,-0.005191545519341989,2.1416469351547657e-06,0.1274099349975586,-0.004270164565475583,5.6873551774127756e-06,0.18864917755126953,ok
n,19040,19040,1000,0.6,normal,0.1,902478459,-0.0068441723269545085,8.800752940219149e-06,0.1883072853088379,-0.005955356785068412,4.317214435217573e-06,0.1993098258972168,ok
n,19040,19040,1000,0.6,normal,0.1,2531885820,0.017118358917332287,4.943723233487669e-05,0.144927978515625,0.01669723108429393,5.553661661682818e-05,0.18905425071716309,ok
n,19040,19040,1000,0.6,normal,0.1,1632582590,-0.01793999819832077,7.761876650639683e-06,0.16642284393310547,-0.022684639051568672,3.836217292570277e-06,0.20117545127868652,ok
n,19040,19040,1000,0.6,normal,0.1,1921009375,0.004029048794883189,9.139488189674864e-10,0.16890668869018555,0.003932687644607723,4.3731192124383765e-09,0.18584513664245605,ok
n,19040,19040,1000,0.6,normal,0.1,826636711,0.008187388008860385,0.00021373075114858244,0.157196044921875,0.018058900071552864,2.2543704773153046e-05,0.1549370288848877,ok
n,19040,19040,1000,0.6,normal,0.1,2336895311,-0.031101336525462053,0.00012988955401782928,0.1615142822265625,-0.04244346151581605,3.0013803119054103e-09,0.15468215942382812,ok
n,19040,19040,1000,0.6,normal,0.1,2072763088,-0.027108504378790827,2.5844920557500333e-05,0.1117401123046875,-0.036902336780305696,2.2184499615478925e-05,0.12196993827819824,ok
