param_name,param_value,n,m,alpha,distribution,true_mean,seed,dame_estimate,dame_mse,dame_time,dame_backtrack_estimate,dame_backtrack_mse,dame_backtrack_time,status
n,40,40,1000,0.6,uniform,0.1,781020512,,nan,nan,,nan,nan,error: IndexError('list index out of range')
n,40,40,1000,0.6,uniform,0.1,2678185529,-0.273776234919653,0.0749598838308521,0.000682830810546875,-0.28570161973333513,0.08163215379696992,0.0013453960418701172,ok
n,40,40,1000,0.6,uniform,0.1,727841268,0.0510029390552692,0.0025969959136373623,0.000446319580078125,0.020476213657498257,0.00041754850859937535,0.0007786750793457031,ok
n,40,40,1000,0.6,uniform,0.1,947380072,-0.2805379906952896,0.07872450297617097,0.00037360191345214844,0.1360549026675111,0.018499814218937958,0.0007672309875488281,ok
n,40,40,1000,0.6,uniform,0.1,4204554059,-0.4392833203586773,0.19291790143700782,0.00046563148498535156,0.22429278862729643,0.05033377724142697,0.0017185211181640625,ok
n,40,40,1000,0.6,uniform,0.1,259495031,-0.07215748146879473,0.005206256789394289,0.0003821849822998047,-0.28331365850353024,0.08026488050769748,0.0007321834564208984,ok
n,40,40,1000,0.6,uniform,0.1,1369685350,0.16229635212969093,0.0263335013171603,0.0004665851593017578,-0.19948264634299592,0.03980144499664423,0.0012257099151611328,ok
n,40,40,1000,0.6,uniform,0.1,2028053869,-0.037571588533612914,0.0014114727041926248,0.00034165382385253906,0.25544837640520857,0.06525490349785631,0.0007343292236328125,ok
n,40,40,1000,0.6,uniform,0.1,1051880743,,nan,nan,,nan,nan,error: IndexError('list index out of range')
n,40,40,1000,0.6,uniform,0.1,470475814,0.2266519513282876,0.05138492356226012,0.0005211830139160156,-0.05190270843949857,0.002690728337430521,0.0014507770538330078,ok
n,40,40,1000,0.6,uniform,0.1,2690882795,0.0399647602067187,0.0015991980341683568,0.00034356117248535156,-0.06769775841623198,0.00457957327265013,0.0008375644683837891,ok
n,40,40,1000,0.6,uniform,0.1,4125618433,-0.20710176737053013,0.042898621599820635,0.0004451274871826172,-0.19419052190987351,0.03771697207769239,0.0013689994812011719,ok
n,40,40,1000,0.6,uniform,0.1,2320123009,-0.02705266848731909,0.0007333445575060071,0.0027604103088378906,-0.2775627884375294,0.07705646082085968,0.002000570297241211,ok
n,40,40,1000,0.6,uniform,0.1,1472501943,,nan,nan,,nan,nan,error: IndexError('list index out of range')
n,40,40,1000,0.6,uniform,0.1,2954173373,0.19575970360399536,0.03832593454311648,0.0007326602935791016,-0.1631423126115037,0.026612020014010307,0.0016679763793945312,ok
n,40,40,1000,0.6,uniform,0.1,3452587823,,nan,nan,,nan,nan,error: IndexError('list index out of range')
n,40,40,1000,0.6,uniform,0.1,2841777980,0.02559612692968017,0.0006554487349394683,0.0005307197570800781,-0.46430641297130704,0.21557523924653998,0.0013942718505859375,ok
n,40,40,1000,0.6,uniform,0.1,1346599503,-0.2627251977031691,0.06901447617593043,0.00048542022705078125,0.02744638703473833,0.0007543548175320724,0.0011563301086425781,ok
n,40,40,1000,0.6,uniform,0.1,1989427189,-0.1365717586696532,0.018654129366032696,0.0005738735198974609,-0.06611941473128682,0.004372882857309077,0.0016326904296875,ok
n,40,40,1000,0.6,uniform,0.1,2387800701,-0.46037992863768384,0.21192091086132256,0.0004923343658447266,-0.12408133570605971,0.01538842509428542,0.001344919204711914,ok
n,40,40,1000,0.6,uniform,0.1,3926379781,-0.12059264742346283,0.014544061166317183,0.0004360675811767578,-0.2630996711122968,0.06922465396199522,0.0012164115905761719,ok
n,40,40,1000,0.6,uniform,0.1,4243162185,-0.08619479673558335,0.007434856201332662,0.0005555152893066406,-0.08138703397016048,0.006628866208504044,0.0016045570373535156,ok
n,40,40,1000,0.6,uniform,0.1,312743187,-0.10491607348910692,0.011011019617084923,0.00048089027404785156,0.2838125339619617,0.0805397165767292,0.0010738372802734375,ok
n,40,40,1000,0.6,uniform,0.1,2390268618,-0.027850550634395968,0.0007795586190147859,0.0004322528839111328,-0.07388638069100109,0.005469550142078377,0.0013115406036376953,ok
n,40,40,1000,0.6,uniform,0.1,1139351029,-0.19103782173815342,0.036488356997176764,0.0003275871276855469,0.10708520048664433,0.01147121627170065,0.001268625259399414,ok
n,40,40,1000,0.6,uniform,0.1,1863184316,,nan,nan,,nan,nan,error: IndexError('list index out of range')
n,40,40,1000,0.6,uniform,0.1,1803210951,-0.41064848467895687,0.1686464374104675,0.00046372413635253906,0.11311237509263534,0.012790482046480514,0.00208282470703125,ok
n,40,40,1000,0.6,uniform,0.1,3194031095,,nan,nan,,nan,nan,error: IndexError('list index out of range')
n,40,40,1000,0.6,uniform,0.1,3387436816,-0.08082716592835482,0.006527747176396983,0.0004417896270751953,0.053414255312318075,0.00285657607179972,0.0013129711151123047,ok
n,40,40,1000,0.6,uniform,0.1,845025431,-0.02544696727388317,0.000647608490876796,0.0003349781036376953,-0.12600675353268453,0.015878000755088075,0.0007557868957519531,ok
n,40,40,1000,0.6,uniform,0.1,1100160589,,nan,nan,,nan,nan,error: IndexError('list index out of range')
n,40,40,1000,0.6,uniform,0.1,1705053442,0.26377807692178445,0.06959076115886646,0.0005588531494140625,0.02666451688496145,0.0007121985671981185,0.0015170574188232422,ok
n,40,40,1000,0.6,uniform,0.1,2142071295,0.14594820847782922,0.02130958804313716,0.00046753883361816406,-0.051023697490419684,0.002600374407993963,0.0013241767883300781,ok
n,40,40,1000,0.6,uniform,0.1,4045147272,,nan,nan,,nan,nan,error: IndexError('list index out of range')
n,40,40,1000,0.6,uniform,0.1,3329482216,-0.035899861777311935,0.0012898338544657679,0.00033664703369140625,-0.26644122567827727,0.07099859789935964,0.0007770061492919922,ok
n,40,40,1000,0.6,uniform,0.1,1974704002,0.17177017256461316,0.029503957578368944,0.0005278587341308594,-0.11491282585973006,0.013205649704071617,0.0013113021850585938,ok
n,40,40,1000,0.6,uniform,0.1,378778862,0.15367222288822324,0.02362030824468496,0.0004413127899169922,0.05640034186141349,0.0031828911383864015,0.0011649131774902344,ok
n,40,40,1000,0.6,uniform,0.1,4214505796,0.06019950592919643,0.0036280497965354634,0.00042891502380371094,-0.09787922425234577,0.009573729234633632,0.001804351806640625,ok
n,40,40,1000,0.6,uniform,0.1,1972023672,-0.2536760880996644,0.06436962435045086,0.0003371238708496094,0.30504943758113634,0.0930334367013862,0.0015480518341064453,ok
n,40,40,1000,0.6,uniform,0.1,1402619146,-0.2306552099267822,0.053193285354123654,0.0008425712585449219,-0.0215821583555446,0.0004649907435034136,0.0013816356658935547,ok
n,40,40,1000,0.6,uniform,0.1,1531504262,,nan,nan,,nan,nan,error: IndexError('list index out of range')
n,40,40,1000,0.6,uniform,0.1,1203735892,0.30827970735168525,0.09505710780598456,0.000392913818359375,0.12822076581158773,0.01644918747296773,0.0007519721984863281,ok
n,40,40,1000,0.6,uniform,0.1,3805239392,,nan,nan,,nan,nan,error: IndexError('list index out of range')
n,40,40,1000,0.6,uniform,0.1,1341160856,-0.054078890613649525,0.002939355972365799,0.0004413127899169922,-0.19216189814553108,0.03697884202859337,0.0014600753784179688,ok
n,40,40,1000,0.6,uniform,0.1,749546756,-0.11400190342898259,0.012997222305428808,0.0003676414489746094,-0.3296943171966115,0.10870062259617486,0.002105712890625,ok
n,40,40,1000,0.6,uniform,0.1,1571121076,0.10072948235657586,0.010153550977909124,0.00044083595275878906,0.09688082163500211,0.009392743880089023,0.0011546611785888672,ok
n,40,40,1000,0.6,uniform,0.1,192949088,0.28758863133130014,0.08268616881294436,0.0005025863647460938,0.030231902369760068,0.0009117560846553833,0.0013141632080078125,ok
n,40,40,1000,0.6,uniform,0.1,1538947423,,nan,nan,,nan,nan,error: IndexError('list index out of range')
n,40,40,1000,0.6,uniform,0.1,4065730800,,nan,nan,,nan,nan,error: IndexError('list index out of range')
n,40,40,1000,0.6,uniform,0.1,3116093383,0.1747153963964052,0.030526068771063872,0.0003445148468017578,0.007428659714611584,5.521045803801048e-05,0.0020627975463867188,ok
n,1040,1040,1000,0.6,uniform,0.1,3149462701,-0.02331267816627126,0.0005435029524812153,0.012750625610351562,0.03741407221321697,0.0013997775101125102,0.009699106216430664,ok
n,1040,1040,1000,0.6,uniform,0.1,839291543,-0.019303575876532298,0.000372716299480111,0.021360397338867188,0.025335453240703507,0.0006417693667962285,0.010091066360473633,ok
n,1040,1040,1000,0.6,uniform,0.1,567857515,-0.04091118590030178,0.0016737190904185996,0.0233917236328125,-0.014721467362511514,0.00021671942739146882,0.010958194732666016,ok
n,1040,1040,1000,0.6,uniform,0.1,3607595641,-0.03427519497532061,0.0011746805682801022,0.01640605926513672,0.022285049645056634,0.0004966939358431042,0.03223872184753418,ok
n,1040,1040,1000,0.6,uniform,0.1,3935420626,-0.07758060044412901,0.0060186883819160816,0.008959531784057617,-0.026579270708609163,0.0007064366699623364,0.010407209396362305,ok
n,1040,1040,1000,0.6,uniform,0.1,2965783971,-0.018533278931681565,0.00034347433623948143,0.008310079574584961,0.01756543446773801,0.0003085521572876368,0.012641191482543945,ok
n,1040,1040,1000,0.6,uniform,0.1,2878366397,-0.04863724739390824,0.0023654737753546146,0.011542320251464844,0.013202135084954473,0.0001743257039146887,0.02149367332458496,ok
n,1040,1040,1000,0.6,uniform,0.1,3722008050,-0.013808894436280876,0.0001906944028338913,0.012336254119873047,0.00438443039320155,1.9220424102737882e-05,0.018749475479125977,ok
n,1040,1040,1000,0.6,uniform,0.1,3668915175,0.04727937836103952,0.0022353003544196273,0.009770393371582031,0.021593853466070945,0.00046627657470585957,0.014714956283569336,ok
n,1040,1040,1000,0.6,uniform,0.1,1297834098,-0.008898134800665902,7.919086509456863e-05,0.0121917724609375,0.019101130455381952,0.00036482300017421634,0.011530399322509766,ok
n,1040,1040,1000,0.6,uniform,0.1,4158125581,-0.024173607157938128,0.0005845298493017625,0.009997129440307617,0.03154497103416828,0.0009948678668418244,0.012293577194213867,ok
n,1040,1040,1000,0.6,uniform,0.1,3690036118,0.022109315090589183,0.000488928438296488,0.007230997085571289,0.008161926611153326,6.665641143181701e-05,0.015616416931152344,ok
n,1040,1040,1000,0.6,uniform,0.1,4147998539,0.025447341919469815,0.0006477146346984992,0.009014129638671875,-0.022441046645447788,0.0005034705827513924,0.014438629150390625,ok
n,1040,1040,1000,0.6,uniform,0.1,1671550611,-0.04482584157103912,0.0020092552716615497,0.00968170166015625,-0.00808959264800648,6.542331899561272e-05,0.0162808895111084,ok
n,1040,1040,1000,0.6,uniform,0.1,3425846353,0.03175682453954339,0.0010085352993635674,0.008803367614746094,-0.013045280471982402,0.0001701631603880248,0.014820337295532227,ok
n,1040,1040,1000,0.6,uniform,0.1,2118991218,0.019880173427626463,0.00039533929577232057,0.009127616882324219,-0.0008726734668888278,7.56388354045597e-07,0.01888561248779297,ok
n,1040,1040,1000,0.6,uniform,0.1,2785251670,-0.09229654048360424,0.008518684860291567,0.015336036682128906,-0.005514459593843195,3.041126468345819e-05,0.015452861785888672,ok
n,1040,1040,1000,0.6,uniform,0.1,1331297472,-0.08625710384144637,0.007440350891405617,0.009309053421020508,0.005901217396293356,3.4820061706905985e-05,0.054503440856933594,ok
n,1040,1040,1000,0.6,uniform,0.1,3126907547,0.04042007070212615,0.0016338008774431036,0.00824284553527832,0.005343200908767264,2.855227616418767e-05,0.010251283645629883,ok
n,1040,1040,1000,0.6,uniform,0.1,2932353902,-0.025492496875392616,0.0006497116645289284,0.012443304061889648,-0.010581867522050504,0.00011191128160227926,0.010763883590698242,ok
n,1040,1040,1000,0.6,uniform,0.1,2769674521,-0.029044904088534676,0.0008436422481596856,0.009810447692871094,-0.010031544079178865,0.00010064423963503123,0.01001429557800293,ok
n,1040,1040,1000,0.6,uniform,0.1,3366929965,-0.018160234785078947,0.00032986364411992863,0.01034402847290039,0.022897801838550325,0.0005242216854262482,0.04901933670043945,ok
n,1040,1040,1000,0.6,uniform,0.1,2450129809,-0.027589975622436872,0.0007611425322894786,0.011395931243896484,0.006240227131216484,3.895496199699161e-05,0.014623165130615234,ok
n,1040,1040,1000,0.6,uniform,0.1,3350062007,-0.031064857316709788,0.0009651502955572116,0.008964061737060547,-0.03832279868915975,0.001468791023584618,0.014520883560180664,ok
n,1040,1040,1000,0.6,uniform,0.1,3644118693,0.0031290063375718066,9.790482807019263e-06,0.00793313980102539,-0.004033205428885222,1.6267001061802032e-05,0.011046409606933594,ok
n,1040,1040,1000,0.6,uniform,0.1,2950365321,0.06286006565129595,0.00395164274642936,0.008926868438720703,-0.017108594467178127,0.00029263463583343284,0.013765573501586914,ok
n,1040,1040,1000,0.6,uniform,0.1,414085428,-0.05291372062171853,0.0027999382665969187,0.011681556701660156,0.004503362493979741,2.027376898183707e-05,0.010976314544677734,ok
n,1040,1040,1000,0.6,uniform,0.1,3363109461,-0.008427367577695433,7.101964522393372e-05,0.008800745010375977,0.009748322666414011,9.503081166996056e-05,0.010665416717529297,ok
n,1040,1040,1000,0.6,uniform,0.1,1823564740,0.05170399449570551,0.0026733728464447886,0.008374214172363281,-0.024587925028494096,0.0006045328645416217,0.029660463333129883,ok
n,1040,1040,1000,0.6,uniform,0.1,1281930966,-0.04299824853299806,0.0018489131294104739,0.012014389038085938,-0.14547764146226858,0.021163959860436645,0.029059171676635742,ok
n,1040,1040,1000,0.6,uniform,0.1,3104234836,-0.011948960900417712,0.0001427767467496663,0.015517711639404297,0.02027930908734057,0.00041125193819740855,0.016043663024902344,ok
n,1040,1040,1000,0.6,uniform,0.1,2410088788,0.0239480237735915,0.0005735149129626562,0.011542320251464844,0.016987748833093348,0.00028858862580584095,0.011380910873413086,ok
n,1040,1040,1000,0.6,uniform,0.1,454333241,0.05993504341947275,0.0035919491728431544,0.0087432861328125,0.021121845493635747,0.0004460406423987636,0.009807825088500977,ok
n,1040,1040,1000,0.6,uniform,0.1,3351659772,-0.01176129563944334,0.00013839800428852095,0.012549400329589844,0.015460337826485619,0.00023893014358301296,0.008959531784057617,ok
n,1040,1040,1000,0.6,uniform,0.1,2243273589,-0.041205250157321203,0.0016982650837666633,0.00967097282409668,-0.015011681383383645,0.00022549356523996234,0.011105060577392578,ok
n,1040,1040,1000,0.6,uniform,0.1,3677776869,0.032100938187399564,0.0010304560593997673,0.007558345794677734,-0.009756005699118145,9.518395470761236e-05,0.01325225830078125,ok
n,1040,1040,1000,0.6,uniform,0.1,2428095278,-0.007055256005455389,4.979691836007367e-05,0.011163711547851562,0.009463882009843032,8.953786263194329e-05,0.011758565902709961,ok
n,1040,1040,1000,0.6,uniform,0.1,2575611675,-0.03171695586650497,0.0010056945107991097,0.008735418319702148,-0.004952780489382708,2.4487766351611572e-05,0.010392904281616211,ok
n,1040,1040,1000,0.6,uniform,0.1,436542514,0.0015874177125761691,2.509575522948376e-06,0.013371706008911133,0.01963349926190539,0.0003853465396336819,0.010119915008544922,ok
n,1040,1040,1000,0.6,uniform,0.1,3363705510,0.009292364794158034,8.632811989944772e-05,0.01444101333618164,0.002679669671508624,7.174884941712213e-06,0.008999347686767578,ok
n,1040,1040,1000,0.6,uniform,0.1,859614142,0.03731237514627369,0.0013922656229245992,0.008078813552856445,-0.0005970087902465208,3.5558343734002066e-07,0.009171009063720703,ok
n,1040,1040,1000,0.6,uniform,0.1,2336080084,0.04186389619633183,0.0017527131391348622,0.010930776596069336,0.012270254779938254,0.00015059647554965366,0.013863086700439453,ok
n,1040,1040,1000,0.6,uniform,0.1,2438470446,0.024869183740537922,0.0006183844960042985,0.012111186981201172,-0.016209334943125642,0.0002628023812457559,0.012543916702270508,ok
n,1040,1040,1000,0.6,uniform,0.1,970245105,0.015912396380473325,0.0002531966154922663,0.008240938186645508,-0.000524002817725932,2.7483399735885655e-07,0.018737316131591797,ok
n,1040,1040,1000,0.6,uniform,0.1,577716231,-0.0033316625364213197,1.1094512184823724e-05,0.009610891342163086,-0.023591354172107747,0.0005565133038171527,0.011525869369506836,ok
n,1040,1040,1000,0.6,uniform,0.1,1587732028,-0.06038145936651399,0.0036460061337767686,0.010056257247924805,0.009547646632347428,9.114403758198419e-05,0.007824897766113281,ok
n,1040,1040,1000,0.6,uniform,0.1,3570953663,0.04115378647484112,0.0016936310217848846,0.012602090835571289,0.008867893555693167,7.863886393530473e-05,0.011034965515136719,ok
n,1040,1040,1000,0.6,uniform,0.1,2102821587,-0.047045391311098174,0.0022132963787296835,0.012521743774414062,-0.02833629396852924,0.0008029621408052225,0.01626110076904297,ok
n,1040,1040,1000,0.6,uniform,0.1,2444062403,0.005376403348042005,2.890772331890038e-05,0.01410365104675293,-0.15915781188649022,0.02533114957288166,0.010024547576904297,ok
n,1040,1040,1000,0.6,uniform,0.1,2423443052,-0.008557961612579577,7.327766958127746e-05,0.007726907730102539,0.016596579390106968,0.0002753709019061956,0.010518312454223633,ok
n,2040,2040,1000,0.6,uniform,0.1,1820881438,-0.0018362133410865544,3.3684132091758446e-06,0.023949384689331055,-0.00036421072017573823,1.320022313335841e-07,0.022131681442260742,ok
n,2040,2040,1000,0.6,uniform,0.1,3185495976,0.017320278900278624,0.0002999777611469,0.02252650260925293,0.003806957214710126,1.4489780252660269e-05,0.023036956787109375,ok
n,2040,2040,1000,0.6,uniform,0.1,3689975065,0.05064173111766753,0.0025645324967799666,0.02237558364868164,0.011159488353366455,0.00012452262612339083,0.021834611892700195,ok
n,2040,2040,1000,0.6,uniform,0.1,1441505965,-0.013065892717406376,0.00017069008063459281,0.01795363426208496,-0.006486476157900751,4.206073527604164e-05,0.017394065856933594,ok
n,2040,2040,1000,0.6,uniform,0.1,2165663450,0.00824657756335619,6.801304710200677e-05,0.019685745239257812,-0.003233186490625539,1.0450748493014115e-05,0.020386695861816406,ok
n,2040,2040,1000,0.6,uniform,0.1,4198392232,0.0016849657150283658,2.8399633356021316e-06,0.02499103546142578,-0.010237753434662619,0.00010480640774978448,0.021567344665527344,ok
n,2040,2040,1000,0.6,uniform,0.1,1167967466,-0.012997276435417688,0.00016891727623732577,0.019768714904785156,-0.009099305861511652,8.278902316172189e-05,0.020884275436401367,ok
n,2040,2040,1000,0.6,uniform,0.1,3848499095,-0.0097934794907414,9.591534891347364e-05,0.019975900650024414,-0.03289619765700436,0.0010821702612389362,0.0211179256439209,ok
n,2040,2040,1000,0.6,uniform,0.1,3708029225,0.01071448808837412,0.00011479758795661842,0.017520666122436523,0.0024204584576512115,5.858016659190583e-06,0.022939682006835938,ok
n,2040,2040,1000,0.6,uniform,0.1,4099314454,0.03087094617312576,0.0009529930515807954,0.02723550796508789,0.0035598963255433517,1.2670294345403182e-05,0.024475812911987305,ok
n,2040,2040,1000,0.6,uniform,0.1,3443082061,0.01844563598067201,0.0003402836152271701,0.02043604850769043,0.012916867040150987,0.00016687495571194395,0.021857738494873047,ok
n,2040,2040,1000,0.6,uniform,0.1,1684010960,-0.018705146971106704,0.00034989957769744834,0.021333932876586914,0.0162806771351463,0.00026504560440014614,0.025295734405517578,ok
n,2040,2040,1000,0.6,uniform,0.1,2252834183,-0.04024767088594298,0.0016198139850879443,0.019478321075439453,-0.006094425368539836,3.71327802177482e-05,0.01650238037109375,ok
n,2040,2040,1000,0.6,uniform,0.1,17633407,-0.07727385426026158,0.005971198467688259,0.02091050148010254,0.0023264599729839555,5.413923994036858e-06,0.022174358367919922,ok
n,2040,2040,1000,0.6,uniform,0.1,1243093914,-0.041687786304582836,0.0017378362994054904,0.02109074592590332,0.0011280928378666463,1.2735469103057493e-06,0.02374744415283203,ok
n,2040,2040,1000,0.6,uniform,0.1,3743994401,-0.0068990903127938066,4.759192388635997e-05,0.01899862289428711,-0.5552159745404152,0.3082643338786101,0.019488096237182617,ok
n,2040,2040,1000,0.6,uniform,0.1,2986124634,-0.019588090881862665,0.0003836950569170602,0.01634955406188965,-0.002182324313775613,4.762734661985072e-06,0.02485799789428711,ok
n,2040,2040,1000,0.6,uniform,0.1,886006139,0.00757541856377203,5.739143501940424e-05,0.022320270538330078,-0.007983382205983616,6.372968237200196e-05,0.025266408920288086,ok
n,2040,2040,1000,0.6,uniform,0.1,2857014511,0.0032180664318068337,1.0357193137328344e-05,0.02217411994934082,0.010029377924694396,0.00010059229096049133,0.022777080535888672,ok
n,2040,2040,1000,0.6,uniform,0.1,2260294147,0.01016389515732484,0.0001032993832273573,0.017020702362060547,-0.2072672811126451,0.04295983556444343,0.021956443786621094,ok
n,2040,2040,1000,0.6,uniform,0.1,694650268,0.0247673050100709,0.0006134315215948699,0.021231651306152344,-0.009049233698009952,8.188420080682815e-05,0.02121114730834961,ok
n,2040,2040,1000,0.6,uniform,0.1,3264952906,0.04284086196375066,0.0018353345652445641,0.021413803100585938,-0.015825622037761864,0.00025045211874156483,0.019574642181396484,ok
n,2040,2040,1000,0.6,uniform,0.1,2483695673,-0.03394027498093338,0.0011519585121905296,0.020941495895385742,0.010743968325848998,0.00011542771257801922,0.018431663513183594,ok
n,2040,2040,1000,0.6,uniform,0.1,3317850090,-0.026366463312402194,0.00069519950385396,0.01829051971435547,0.019382831218642257,0.0003756874444552401,0.020966291427612305,ok
n,2040,2040,1000,0.6,uniform,0.1,2831372508,0.027556228372874792,0.0007593498345083622,0.01761031150817871,-0.00800153240843554,6.402332677692215e-05,0.01766180992126465,ok
n,2040,2040,1000,0.6,uniform,0.1,255305064,0.0024014525714988505,5.769513088425888e-06,0.01979541778564453,-0.030971178231034565,0.0009591811444969853,0.023143291473388672,ok
n,2040,2040,1000,0.6,uniform,0.1,1630128417,0.0021814179462349534,4.757971567957327e-06,0.020612239837646484,-0.015718134694950085,0.00024706417315493225,0.023517608642578125,ok
n,2040,2040,1000,0.6,uniform,0.1,1487832142,-0.0029252576109583066,8.558574065873998e-06,0.019278526306152344,-0.1370637856344495,0.01878654889383275,0.022556781768798828,ok
n,2040,2040,1000,0.6,uniform,0.1,2044948565,-0.019718332362168592,0.000388801641530104,0.02171945571899414,0.0013046641211447376,1.7028756800296965e-06,0.022471904754638672,ok
n,2040,2040,1000,0.6,uniform,0.1,71943399,-0.008666915027028963,7.5117898328671e-05,0.019998550415039062,-0.0008104511274548134,6.570631653817e-07,0.021205425262451172,ok
n,2040,2040,1000,0.6,uniform,0.1,224745834,-0.022891811358244068,0.0005239810210420156,0.02001190185546875,-0.0069774237125404615,4.866798153694769e-05,0.02084493637084961,ok
n,2040,2040,1000,0.6,uniform,0.1,3751950896,-0.001295934484555768,1.682243376903356e-06,0.019626617431640625,8.112221898501851e-05,6.406954070396046e-09,0.020529747009277344,ok
n,2040,2040,1000,0.6,uniform,0.1,2262563793,-0.007210177934180174,5.198376716061786e-05,0.021462202072143555,0.00560368742788511,3.1403565691565826e-05,0.02462458610534668,ok
n,2040,2040,1000,0.6,uniform,0.1,3671936948,-0.0006792026125889578,4.5933219677341366e-07,0.014279842376708984,0.016727825304767567,0.00027986905721030813,0.02302241325378418,ok
n,2040,2040,1000,0.6,uniform,0.1,3011018095,0.0282634651098577,0.0007988178103960751,0.022554397583007812,-0.005995719949161067,3.594985621297965e-05,0.02269577980041504,ok
n,2040,2040,1000,0.6,uniform,0.1,2688266395,-0.0316750683524873,0.0010033206737158856,0.016408205032348633,-0.18437359783437818,0.03399368596875555,0.01986408233642578,ok
n,2040,2040,1000,0.6,uniform,0.1,2477701436,-0.009064445911634323,8.217715037065147e-05,0.01856851577758789,-0.009331309656386138,8.708669244022998e-05,0.01974320411682129,ok
n,2040,2040,1000,0.6,uniform,0.1,1155736471,-0.0021458171676830094,4.601922818399314e-06,0.017024993896484375,0.013576123058905504,0.00018432762342768298,0.01597142219543457,ok
n,2040,2040,1000,0.6,uniform,0.1,2176805048,-0.0019768487380746225,3.9105351918438264e-06,0.015199422836303711,0.023654165940800134,0.0005594884104817182,0.014350414276123047,ok
n,2040,2040,1000,0.6,uniform,0.1,677886635,-0.005217936848557386,2.722730593081504e-05,0.01808929443359375,-0.025071425212756977,0.0006285784810139605,0.01833796501159668,ok
n,2040,2040,1000,0.6,uniform,0.1,1551260608,0.003965444611954834,1.572988453143937e-05,0.022907733917236328,-0.06844284404729833,0.004684334304614907,0.022908926010131836,ok
n,2040,2040,1000,0.6,uniform,0.1,664360170,0.0026976669157856813,7.2810782174391185e-06,0.020888328552246094,-0.006970166089764339,4.857373082934013e-05,0.01859140396118164,ok
n,2040,2040,1000,0.6,uniform,0.1,851611952,0.007656817641128221,5.862782177608053e-05,0.022784709930419922,0.011001250270128377,0.00012102889456347849,0.026300907135009766,ok
n,2040,2040,1000,0.6,uniform,0.1,2356895101,-0.0147380181353854,0.00021717178440602388,0.02373671531677246,-0.0024874877110056277,6.181285052457599e-06,0.02296161651611328,ok
n,2040,2040,1000,0.6,uniform,0.1,4124194038,0.04102519769731798,0.0016830696462954843,0.022090435028076172,0.0008629389289328657,7.447224964535753e-07,0.020238876342773438,ok
n,2040,2040,1000,0.6,uniform,0.1,3751315827,-0.0140821672957676,0.0001983049716523142,0.0211026668548584,0.000338638238566171,1.1473511928152422e-07,0.01914811134338379,ok
n,2040,2040,1000,0.6,uniform,0.1,2580761093,-0.003034471181991252,9.213570426470896e-06,0.0223996639251709,0.012017029245441952,0.00014438699699655387,0.021823883056640625,ok
n,2040,2040,1000,0.6,uniform,0.1,4101204663,-0.008064994485605484,6.504052038383653e-05,0.016347646713256836,0.02210971451542226,0.0004888493882883142,0.01634955406188965,ok
n,2040,2040,1000,0.6,uniform,0.1,944677902,-0.015545850934207829,0.00024167453354625572,0.021088600158691406,-0.011377826562078322,0.00012945570742674918,0.015748977661132812,ok
n,2040,2040,1000,0.6,uniform,0.1,2824350594,-0.0019262630349212312,3.7100527053664685e-06,0.015636444091796875,0.0014688398810655458,2.1578235213533703e-06,0.018101930618286133,ok
n,3040,3040,1000,0.6,uniform,0.1,2769450498,-0.0003531782312463187,1.2449214538523045e-07,0.031319379806518555,-0.00438283674980825,1.9206244573269798e-05,0.03728818893432617,ok
n,3040,3040,1000,0.6,uniform,0.1,159265289,0.01126487352172241,0.00012688948224224176,0.03613138198852539,-0.008412562605425902,7.077710442845632e-05,0.03182649612426758,ok
n,3040,3040,1000,0.6,uniform,0.1,389491436,-0.019310886149216226,0.00037290698505488775,0.032312631607055664,0.0020556842913575504,4.226193337653655e-06,0.03517484664916992,ok
n,3040,3040,1000,0.6,uniform,0.1,1714958982,0.017377434595304057,0.00030196981958366127,0.03333282470703125,-0.006456501208313759,4.168841925709748e-05,0.026241779327392578,ok
n,3040,3040,1000,0.6,uniform,0.1,3309821526,0.016066302054615116,0.0002580924268452559,0.0323328971862793,-0.002714485399108182,7.374115048444597e-06,0.027959585189819336,ok
n,3040,3040,1000,0.6,uniform,0.1,2344340789,-0.016546907901982478,0.00027379683708230785,0.03250932693481445,0.008540398316234703,7.294011905769228e-05,0.02768731117248535,ok
n,3040,3040,1000,0.6,uniform,0.1,2810882944,0.013518780984016874,0.00018276161254763437,0.02639937400817871,0.009495595354901654,9.016926244571042e-05,0.025552988052368164,ok
n,3040,3040,1000,0.6,uniform,0.1,3908954905,-0.028728020461515624,0.0008253164745707287,0.0206148624420166,-0.0018513004874894416,3.4284293945467566e-06,0.021224021911621094,ok
n,3040,3040,1000,0.6,uniform,0.1,3875562183,0.002554268397040965,6.523277122922593e-06,0.027625083923339844,0.00030099033815798046,9.047621086846115e-08,0.02799510955810547,ok
n,3040,3040,1000,0.6,uniform,0.1,736410639,0.01759692831947463,0.00030965363283052427,0.03188896179199219,0.01155374443903994,0.00013349015730851644,0.03392624855041504,ok
n,3040,3040,1000,0.6,uniform,0.1,2782622965,-0.013556864142549278,0.00018379756539278367,0.03146028518676758,-0.003335419708360896,1.1127239003466148e-05,0.029987573623657227,ok
n,3040,3040,1000,0.6,uniform,0.1,2048140797,-0.0015073789337687064,2.2712818663838853e-06,0.031071901321411133,-0.0012435541616270772,1.54567674755529e-06,0.026203155517578125,ok
n,3040,3040,1000,0.6,uniform,0.1,3623886711,-0.0022775101395392894,5.187294579712295e-06,0.022685766220092773,0.00644478694949654,4.153459362793686e-05,0.02279496192932129,ok
n,3040,3040,1000,0.6,uniform,0.1,2231998619,0.0015428312825012762,2.379956742346119e-06,0.029344558715820312,0.0006095163114235972,3.7136332762427854e-07,0.02587437629699707,ok
n,3040,3040,1000,0.6,uniform,0.1,913633422,-0.016965670224254024,0.0002878320212735626,0.03050398826599121,-0.010898834665046594,0.00011878334765324292,0.02496814727783203,ok
n,3040,3040,1000,0.6,uniform,0.1,370243791,-0.016251072527862655,0.00026409102072310806,0.03288984298706055,0.0005423539028952541,2.943593021000065e-07,0.028227567672729492,ok
n,3040,3040,1000,0.6,uniform,0.1,66254125,-0.018811554722069565,0.0003538988248113289,0.02196502685546875,0.00741516251313005,5.497508318424598e-05,0.02407097816467285,ok
n,3040,3040,1000,0.6,uniform,0.1,2977201051,-0.0008258214472292063,6.819411516136544e-07,0.022525310516357422,-0.0007089937403542035,5.026378590153119e-07,0.0203549861907959,ok
n,3040,3040,1000,0.6,uniform,0.1,2710776288,-0.010887798246670362,0.00011855892503306463,0.03293728828430176,0.013366666854241661,0.00017864964570422998,0.04584836959838867,ok
n,3040,3040,1000,0.6,uniform,0.1,1654726241,0.0022409923563389894,5.022914752326145e-06,0.03217172622680664,-0.005591836289783614,3.1266467317943696e-05,0.03872990608215332,ok
n,3040,3040,1000,0.6,uniform,0.1,1954861691,-0.015500892879944843,0.00024026192303233318,0.043502092361450195,-0.00660913926260651,4.367400358625725e-05,0.0332942008972168,ok
n,3040,3040,1000,0.6,uniform,0.1,3562628228,-0.018696954843185353,0.0003495873905633196,0.026462554931640625,0.001836888574019863,3.373052492960358e-06,0.03397631645202637,ok
n,3040,3040,1000,0.6,uniform,0.1,3125658334,0.009439186265402466,8.90946835876417e-05,0.04259324073791504,-0.011222511431820167,0.00012594898808546555,0.046761274337768555,ok
n,3040,3040,1000,0.6,uniform,0.1,2734987911,-0.0014037020565427706,1.970715697041847e-06,0.028720617294311523,-0.00489349159907355,2.394743214913257e-05,0.039605140686035156,ok
n,3040,3040,1000,0.6,uniform,0.1,714782370,-0.024630939533818078,0.0006066623037985447,0.04498600959777832,0.008321520020453131,6.925474946275955e-05,0.03012561798095703,ok
n,3040,3040,1000,0.6,uniform,0.1,2384443122,0.01210830023385199,0.0001466068405443975,0.028107404708862305,0.002902736529016201,8.424897917271064e-06,0.043436288833618164,ok
n,3040,3040,1000,0.6,uniform,0.1,2790424227,-0.002294956689330389,5.2651772352824284e-06,0.03372001647949219,-0.005946136135445293,3.535226232244156e-05,0.03926491737365723,ok
n,3040,3040,1000,0.6,uniform,0.1,2958095239,0.00978471414717227,9.574080673680949e-05,0.03210902214050293,-0.0038857670269193986,1.509911557481952e-05,0.021889448165893555,ok
n,3040,3040,1000,0.6,uniform,0.1,3342860453,0.011369667513986171,0.00012926780348910348,0.03891301155090332,-0.0144278552068785,0.00020816495489060481,0.03592562675476074,ok
n,3040,3040,1000,0.6,uniform,0.1,3423353788,0.0102909543369676,0.00010589978381324097,0.038414716720581055,-0.007898292766696992,6.238606595605306e-05,0.038173675537109375,ok
n,3040,3040,1000,0.6,uniform,0.1,3969224228,-0.024944309993050487,0.0006221672985378361,0.04374551773071289,-0.010068588739077714,0.00010135577195092256,0.0429229736328125,ok
n,3040,3040,1000,0.6,uniform,0.1,3562245828,-0.00041428835382631174,1.724226150651022e-07,0.039217233657836914,-0.00031578986649306314,1.003239329358091e-07,0.03888750076293945,ok
n,3040,3040,1000,0.6,uniform,0.1,838089174,-0.004356934880236965,1.898036730510634e-05,0.044121742248535156,0.0006523797142036691,4.25975854358858e-07,0.05498790740966797,ok
n,3040,3040,1000,0.6,uniform,0.1,2771836536,0.00020109672402545046,4.0340380358553915e-08,0.03712105751037598,-0.005977302611752282,3.573110624424011e-05,0.0351109504699707,ok
n,3040,3040,1000,0.6,uniform,0.1,3333209928,-0.007579128812327882,5.7446289126571926e-05,0.05018973350524902,-0.012425960395785448,0.00015440956691372624,0.04736590385437012,ok
n,3040,3040,1000,0.6,uniform,0.1,517636502,-0.00179563292909814,3.225701192296723e-06,0.03155207633972168,0.0034498240645647613,1.1898589929630364e-05,0.04081535339355469,ok
n,3040,3040,1000,0.6,uniform,0.1,1468509405,0.0012484401268169996,1.558757635415142e-06,0.032128334045410156,0.0040346434845150245,1.6278848588335853e-05,0.03326416015625,ok
n,3040,3040,1000,0.6,uniform,0.1,674724751,-0.011932642704137707,0.0001423917907426234,0.03755545616149902,0.0048052249925230675,2.3088645407920467e-05,0.0351715087890625,ok
n,3040,3040,1000,0.6,uniform,0.1,2940166135,-0.023858002719786924,0.0005691878411441645,0.029735803604125977,-0.008001947351266334,6.402564329673405e-05,0.029825687408447266,ok
n,3040,3040,1000,0.6,uniform,0.1,2154284034,-0.0006941792264070694,4.83505489289889e-07,0.03285956382751465,0.011808621812416575,0.000139416004180074,0.031124353408813477,ok
n,3040,3040,1000,0.6,uniform,0.1,1166182655,-0.02650172682774471,0.0007023105020562771,0.02377605438232422,-0.006866838265760313,4.7145429733517126e-05,0.0422673225402832,ok
n,3040,3040,1000,0.6,uniform,0.1,523775468,0.003029482866106554,9.17864201139987e-06,0.036081790924072266,0.006200265574305544,3.844508515900718e-05,0.035738468170166016,ok
n,3040,3040,1000,0.6,uniform,0.1,1179075891,0.002783720605071007,7.752321218160852e-06,0.03673434257507324,0.002077014043932171,4.316390563449795e-06,0.03555417060852051,ok
n,3040,3040,1000,0.6,uniform,0.1,1362663379,0.013084256144223611,0.0001711842304961866,0.038959503173828125,0.011381691847619979,0.00012953114134885797,0.035470008850097656,ok
n,3040,3040,1000,0.6,uniform,0.1,1243484685,0.014623380173121507,0.00021388655398010833,0.03992319107055664,-0.01834644462247962,0.0003365377032965375,0.03557324409484863,ok
n,3040,3040,1000,0.6,uniform,0.1,2361128748,-0.025731533684991287,0.0006621203714984504,0.03225827217102051,-0.005912995029762098,3.496547401190502e-05,0.04333782196044922,ok
n,3040,3040,1000,0.6,uniform,0.1,1518485986,-0.013435727175845253,0.00018051612100325882,0.036939382553100586,-0.0014262657588594771,2.033953378035031e-06,0.03933262825012207,ok
n,3040,3040,1000,0.6,uniform,0.1,82573506,0.010747194472554861,0.00011549999218260035,0.03837394714355469,-0.105818939977566,0.011197669688679251,0.04004311561584473,ok
n,3040,3040,1000,0.6,uniform,0.1,2982510237,-0.013609671032961559,0.00018521726851768804,0.03293466567993164,0.0021967614000580555,4.826709337428123e-06,0.024228572845458984,ok
n,3040,3040,1000,0.6,uniform,0.1,2146314306,-0.010884258531967634,0.00011846554269283458,0.030474424362182617,-0.022611760220435564,0.0005112884986708544,0.04575634002685547,ok
n,4040,4040,1000,0.6,uniform,0.1,2003409182,-0.014937898617134068,0.00022314092354713114,0.04180645942687988,0.009977366103025392,9.95477619166672e-05,0.044455766677856445,ok
n,4040,4040,1000,0.6,uniform,0.1,2556468550,-0.017399506376544492,0.00030270824786379454,0.03257322311401367,-0.0029473416523391124,8.68096701964496e-06,0.05625033378601074,ok
n,4040,4040,1000,0.6,uniform,0.1,2607385473,-0.017495649633665965,0.0003061054243950562,0.03151965141296387,-0.004081159248341124,1.6657649607070992e-05,0.06608462333679199,ok
n,4040,4040,1000,0.6,uniform,0.1,1626999094,-0.006301161686857892,3.9705149191505714e-05,0.05373740196228027,0.00757297388118879,5.7349319765362e-05,0.046608924865722656,ok
n,4040,4040,1000,0.6,uniform,0.1,1466082943,-0.012073294220210272,0.00014576675893136542,0.044864654541015625,0.0009596894653704442,9.208190209411812e-07,0.06333446502685547,ok
n,4040,4040,1000,0.6,uniform,0.1,3890968778,0.00594559191131444,3.534970651443692e-05,0.059429168701171875,0.006824720979165214,4.657640704508118e-05,0.047980308532714844,ok
n,4040,4040,1000,0.6,uniform,0.1,4246959534,0.0021195681610921367,4.4930110318110145e-06,0.031923770904541016,0.0009665618894734823,9.34443380268559e-07,0.04175877571105957,ok
n,4040,4040,1000,0.6,uniform,0.1,2137857281,-0.0017717519468093271,3.1396162309954206e-06,0.05154109001159668,-0.0006819582885134605,4.6526391105249357e-07,0.055060386657714844,ok
n,4040,4040,1000,0.6,uniform,0.1,164394434,-0.008203254539432289,6.729124289680222e-05,0.061920881271362305,0.012035117145859867,0.00014484718752499727,0.05573415756225586,ok
n,4040,4040,1000,0.6,uniform,0.1,3592648294,-0.007167065419331701,5.1363615085992504e-05,0.040097713470458984,0.008149623006314085,6.642000718592604e-05,0.04151153564453125,ok
n,4040,4040,1000,0.6,uniform,0.1,3672690052,-0.009880711524243722,9.762715594137578e-05,0.05889081954956055,-0.0065243579630949265,4.2566385597002454e-05,0.05626511573791504,ok
n,4040,4040,1000,0.6,uniform,0.1,861671677,0.013201820977587961,0.00017428686854493249,0.05238962173461914,0.008447779140348602,7.136419904098949e-05,0.0547943115234375,ok
n,4040,4040,1000,0.6,uniform,0.1,4219612204,0.01522305046754685,0.00023174454271242468,0.04082226753234863,-0.08975247881226343,0.008055488131367687,0.06872010231018066,ok
n,4040,4040,1000,0.6,uniform,0.1,2404603284,0.0033043547103593957,1.0918222541927382e-05,0.05440664291381836,0.00012083678810519366,1.4581879557640037e-08,0.05778980255126953,ok
n,4040,4040,1000,0.6,uniform,0.1,336399281,0.0072217274229201735,5.21528939205925e-05,0.04472184181213379,-0.011709174809274588,0.0001371055092841826,0.0729072093963623,ok
n,4040,4040,1000,0.6,uniform,0.1,2135266716,-0.009640643271551229,9.294045157600601e-05,0.03934502601623535,-0.0024827152402020786,6.16347551690343e-06,0.041106224060058594,ok
n,4040,4040,1000,0.6,uniform,0.1,1932948813,0.01852195182376421,0.000343055233476287,0.04670262336730957,0.005493711052599732,3.01786467360068e-05,0.03464961051940918,ok
n,4040,4040,1000,0.6,uniform,0.1,3779440239,-0.007961782773984665,6.338765591940272e-05,0.05209779739379883,-0.009155416921767445,8.381898081960158e-05,0.0486760139465332,ok
n,4040,4040,1000,0.6,uniform,0.1,3060553201,0.009316881496296751,8.681054106185541e-05,0.04332423210144043,0.005661753062164213,3.205925205476439e-05,0.04555106163024902,ok
n,4040,4040,1000,0.6,uniform,0.1,3288106415,0.012937568964353555,0.00016739176866865403,0.03473806381225586,-0.008116356185105759,6.586828828651441e-05,0.03863954544067383,ok
n,4040,4040,1000,0.6,uniform,0.1,3216837944,-0.021957610949554774,0.0004821469813322541,0.04107975959777832,-0.009642253118877056,9.297756947638846e-05,0.06402587890625,ok
n,4040,4040,1000,0.6,uniform,0.1,1177593651,-0.018203442353330167,0.00033137297942628934,0.043010711669921875,0.006111663648757112,3.734985884355777e-05,0.04764223098754883,ok
n,4040,4040,1000,0.6,uniform,0.1,149118367,0.003991523713536349,1.59256364967196e-05,0.029460906982421875,0.001983609550700747,3.931414836836139e-06,0.04747128486633301,ok
n,4040,4040,1000,0.6,uniform,0.1,3681984854,0.010059173691057651,0.00010118300667694629,0.0406193733215332,0.009052895663737182,8.195134824176758e-05,0.047178030014038086,ok
n,4040,4040,1000,0.6,uniform,0.1,1849545639,-0.005537972053526797,3.066859119983859e-05,0.04231977462768555,-0.017268065378902492,0.000298184387956594,0.04822230339050293,ok
n,4040,4040,1000,0.6,uniform,0.1,1915087823,-0.01412326777456719,0.00019947116445687667,0.026708364486694336,-0.0012222386557471654,1.4942543497131877e-06,0.03929567337036133,ok
n,4040,4040,1000,0.6,uniform,0.1,1149996483,-0.013715282180243885,0.00018809920566861045,0.04732966423034668,0.012803487317097685,0.00016393839851767643,0.05553007125854492,ok
n,4040,4040,1000,0.6,uniform,0.1,884721174,-0.006521088055136884,4.2531628415622406e-05,0.039873361587524414,0.0002563957423702325,6.546232073171192e-08,0.045886993408203125,ok
n,4040,4040,1000,0.6,uniform,0.1,4220707382,-0.0005537069078418517,3.0639376650150495e-07,0.0366215705871582,-0.002358089668800688,5.559745370530051e-06,0.057086944580078125,ok
n,4040,4040,1000,0.6,uniform,0.1,728423228,0.019713074794998224,0.0003885990876041121,0.04142117500305176,-0.000755952220530481,5.717027025049643e-07,0.0712895393371582,ok
n,4040,4040,1000,0.6,uniform,0.1,694569576,-0.028914143664696513,0.0008360457999037623,0.03455662727355957,-0.00019811875083039745,3.937513015347394e-08,0.05868124961853027,ok
n,4040,4040,1000,0.6,uniform,0.1,1952394912,-0.008268926018835852,6.837527162246194e-05,0.03838300704956055,0.004878981330666678,2.380437969067574e-05,0.052979469299316406,ok
n,4040,4040,1000,0.6,uniform,0.1,1967315514,-0.010657177372186981,0.00011357199495709072,0.042945146560668945,-0.0031954114769149637,1.0209624710756146e-05,0.07125473022460938,ok
n,4040,4040,1000,0.6,uniform,0.1,3309258835,-0.0029610998003916024,8.767473879600408e-06,0.04084658622741699,-0.013934307736319844,0.00019416192905695722,0.068511962890625,ok
n,4040,4040,1000,0.6,uniform,0.1,2955618638,-0.020259816007744843,0.00041045724018260815,0.05619382858276367,0.000623300064404406,3.8859233304427987e-07,0.06561851501464844,ok
n,4040,4040,1000,0.6,uniform,0.1,317533377,0.005237550516337224,2.743445719586148e-05,0.04617571830749512,-0.0065613976165600635,4.304877962033838e-05,0.05413556098937988,ok
n,4040,4040,1000,0.6,uniform,0.1,1527507611,-0.002879284362921383,8.2934525182022e-06,0.030109643936157227,-4.0144956649082515e-05,1.6561722021450315e-09,0.045630693435668945,ok
n,4040,4040,1000,0.6,uniform,0.1,1415955110,0.0035269338929315914,1.2439449011811443e-05,0.03888845443725586,-0.00748087216889167,5.5963053197577575e-05,0.03450751304626465,ok
n,4040,4040,1000,0.6,uniform,0.1,3492580233,0.012336992522238566,0.00015219618515834385,0.04256486892700195,0.0019046802634409745,3.627004229899345e-06,0.05848050117492676,ok
n,4040,4040,1000,0.6,uniform,0.1,1563444596,0.003547670692951389,1.2588003124379658e-05,0.0379946231842041,-0.0009184644726138338,8.430500437234973e-07,0.057718515396118164,ok
n,4040,4040,1000,0.6,uniform,0.1,2101676313,0.01132294749423048,0.00012820441770739586,0.046683311462402344,-0.006463553627685551,4.1780221199563044e-05,0.05304121971130371,ok
n,4040,4040,1000,0.6,uniform,0.1,3694743232,0.009772093734249492,9.549526919013392e-05,0.03415703773498535,0.010649396716385855,0.00011341123412816922,0.02911829948425293,ok
n,4040,4040,1000,0.6,uniform,0.1,2609699585,0.007583961185549154,5.7502994379903023e-05,0.042555809020996094,-0.012439049394835642,0.00015475204986393877,0.0451052188873291,ok
n,4040,4040,1000,0.6,uniform,0.1,43991982,0.013958744662884494,0.00019483653892513763,0.04256272315979004,-0.0045754120999467775,2.0937678336187188e-05,0.03316783905029297,ok
n,4040,4040,1000,0.6,uniform,0.1,4262881764,0.006798160535678615,4.62056898090926e-05,0.05076026916503906,0.0018953109375909993,3.5896119450642453e-06,0.05806756019592285,ok
n,4040,4040,1000,0.6,uniform,0.1,1861658710,0.010195685260768457,0.00010395818150154725,0.03605818748474121,0.00039237866890222547,1.5419908133818105e-07,0.04615426063537598,ok
n,4040,4040,1000,0.6,uniform,0.1,570706956,0.020360577122023542,0.0004145837193550256,0.053919315338134766,0.010339246899397874,0.00010691557507604145,0.053937673568725586,ok
n,4040,4040,1000,0.6,uniform,0.1,1037791459,-0.02003242840966763,0.00040129710123828366,0.04731392860412598,0.00461259196251541,2.1276254844593376e-05,0.06164145469665527,ok
n,4040,4040,1000,0.6,uniform,0.1,925632437,-0.011246746610371235,0.00012649675209642347,0.03667116165161133,-0.0013306414088709918,1.7714872363469178e-06,0.05246162414550781,ok
n,4040,4040,1000,0.6,uniform,0.1,1569431836,-0.0018532729457999913,3.4339565973017064e-06,0.04703688621520996,0.01679682724186996,0.0002821394238983011,0.05219316482543945,ok
n,5040,5040,1000,0.6,uniform,0.1,3391528270,0.011857150831955003,0.00014058241335137593,0.05330252647399902,-0.0024213171786727954,5.864740020686201e-06,0.058680057525634766,ok
n,5040,5040,1000,0.6,uniform,0.1,2834904991,0.0002551920708636019,6.496333120325623e-08,0.06426644325256348,0.0054134295775489834,2.9301830879078508e-05,0.07262945175170898,ok
n,5040,5040,1000,0.6,uniform,0.1,4143800568,0.015485744593383173,0.00023980794278998795,0.05968213081359863,0.010269450077708716,0.00010546137755477069,0.06444549560546875,ok
n,5040,5040,1000,0.6,uniform,0.1,1422135692,0.013629133304137163,0.00018575627980790466,0.0469818115234375,0.0097450926042791,9.496897863523782e-05,0.05653119087219238,ok
n,5040,5040,1000,0.6,uniform,0.1,2031126715,-0.0019633329209291805,3.853733999212064e-06,0.04729580879211426,-0.009930461132387006,9.860929266385267e-05,0.044342041015625,ok
n,5040,5040,1000,0.6,uniform,0.1,3149507297,-0.014348474973168872,0.00020586903816848643,0.06086397171020508,-0.22258051740347934,0.049541936318629715,0.07116508483886719,ok
n,5040,5040,1000,0.6,uniform,0.1,1247563642,0.0111390554253612,0.00012408361349189106,0.07985639572143555,-0.008945548290784769,8.00187725617802e-05,0.08629035949707031,ok
n,5040,5040,1000,0.6,uniform,0.1,2063672444,0.000770059399676129,5.931668937816684e-07,0.06573057174682617,0.010099563668748358,0.00010200348675988308,0.07742881774902344,ok
n,5040,5040,1000,0.6,uniform,0.1,3890530114,0.010375848485725188,0.00010765870806506526,0.05094718933105469,-0.0035562039269860057,1.2646423136152922e-05,0.0664055347442627,ok
n,5040,5040,1000,0.6,uniform,0.1,2425126116,0.0021430447045714383,4.592981388821399e-06,0.06678652763366699,0.010421494123995933,0.00010860919695890184,0.07051897048950195,ok
n,5040,5040,1000,0.6,uniform,0.1,1488112041,0.01895613293310947,0.0003593351982401461,0.04775428771972656,0.005737365873227097,3.291743449497862e-05,0.07331180572509766,ok
n,5040,5040,1000,0.6,uniform,0.1,300097794,0.0004282944159343629,1.8339806551255513e-07,0.04193258285522461,-0.007460950814445269,5.5666449775262714e-05,0.0688178539276123,ok
n,5040,5040,1000,0.6,uniform,0.1,202998311,0.0013034297755697766,1.6992223109778119e-06,0.05417633056640625,0.005194950157666179,2.6988675406444087e-05,0.053644657135009766,ok
n,5040,5040,1000,0.6,uniform,0.1,1098832502,0.019894730029535422,0.0003957981186351634,0.047287940979003906,0.011779154359251828,0.00013874719598665704,0.05261802673339844,ok
n,5040,5040,1000,0.6,uniform,0.1,3982048255,0.013358878768768503,0.00017844955541911997,0.058083295822143555,-0.0023041666038729237,5.310923652384788e-06,0.06266570091247559,ok
n,5040,5040,1000,0.6,uniform,0.1,2052178470,0.007713843729255595,5.949833309296401e-05,0.06404638290405273,0.003363497769820099,1.131091447045945e-05,0.07183361053466797,ok
n,5040,5040,1000,0.6,uniform,0.1,4002960246,-0.01865054507935315,0.0003478406903200836,0.05132317543029785,-0.0025644910029180407,6.5763196546026135e-06,0.04548788070678711,ok
n,5040,5040,1000,0.6,uniform,0.1,44203601,0.008427890147957914,7.103350638701782e-05,0.055066823959350586,-0.009125277415674817,8.326616860810029e-05,0.05152463912963867,ok
n,5040,5040,1000,0.6,uniform,0.1,3740000321,-0.0019383556592553167,3.757963801108204e-06,0.0680379867553711,0.005000686790645357,2.5004956473007106e-05,0.07242250442504883,ok
n,5040,5040,1000,0.6,uniform,0.1,2344988326,0.010596316558223027,0.00011228657925506896,0.051253318786621094,-0.013442486607807039,0.00018069454141796722,0.07519268989562988,ok
n,5040,5040,1000,0.6,uniform,0.1,1751252760,-0.010430553050176046,0.00010879027376627951,0.05805563926696777,-0.006772503391784431,4.586280051081559e-05,0.055556535720825195,ok
n,5040,5040,1000,0.6,uniform,0.1,3406653530,-0.008917274103951035,7.95241532124498e-05,0.05889534950256348,0.01962609022246181,0.00038516938535861317,0.06200599670410156,ok
n,5040,5040,1000,0.6,uniform,0.1,2478145369,0.004550139345511444,2.0704054828139408e-05,0.05925321578979492,-0.004420499089475232,1.9540533607791148e-05,0.06652426719665527,ok
n,5040,5040,1000,0.6,uniform,0.1,3095712030,0.008319317315297347,6.922082288294296e-05,0.04038810729980469,0.009801773759307115,9.608629420755288e-05,0.05768728256225586,ok
n,5040,5040,1000,0.6,uniform,0.1,2207359444,-0.0019956706946018333,3.9833899219521515e-06,0.06513500213623047,-0.011457675321437698,0.00013128227592141731,0.08748459815979004,ok
n,5040,5040,1000,0.6,uniform,0.1,1660672265,-0.0015529549338831707,2.4136984424049312e-06,0.0824289321899414,-0.0005948842243526944,3.546649038188268e-07,0.06720304489135742,ok
n,5040,5040,1000,0.6,uniform,0.1,3525450229,0.0077405827435584286,5.991548461009358e-05,0.0738215446472168,0.006472302960994734,4.1889755249719066e-05,0.07183265686035156,ok
n,5040,5040,1000,0.6,uniform,0.1,1671548641,0.009230730727490808,8.520799661253567e-05,0.05514383316040039,0.006095983108478945,3.716207122606e-05,0.057488441467285156,ok
n,5040,5040,1000,0.6,uniform,0.1,242687526,-0.010207879753741376,0.00010419921310521155,0.07548236846923828,-0.010308083115903349,0.00010625496589628073,0.07052373886108398,ok
n,5040,5040,1000,0.6,uniform,0.1,554184772,-0.0006051034438646518,3.661192992616639e-07,0.050318241119384766,-0.006264689565270978,3.924601565512216e-05,0.05229449272155762,ok
n,5040,5040,1000,0.6,uniform,0.1,1425630028,0.020958163324290357,0.00043924195126306424,0.06710481643676758,-0.001669174771614498,2.786356167038044e-06,0.05526304244995117,ok
n,5040,5040,1000,0.6,uniform,0.1,2664845411,0.004534753818402447,2.0563621721122037e-05,0.059136390686035156,-0.0027680663265954647,7.662417331764717e-06,0.07239723205566406,ok
n,5040,5040,1000,0.6,uniform,0.1,4158229905,-0.0021688441264538626,4.7037458273029564e-06,0.038360595703125,-0.0014523485459350676,2.109223207265204e-06,0.05496716499328613,ok
n,5040,5040,1000,0.6,uniform,0.1,608095043,0.011749386065845633,0.0001380502335433051,0.05413818359375,-0.0031870861615977235,1.0156932132298242e-05,0.05282020568847656,ok
n,5040,5040,1000,0.6,uniform,0.1,1117608069,-0.005489418138256381,3.0132581565792227e-05,0.06929469108581543,0.007162617563541008,5.1304564724801477e-05,0.07135295867919922,ok
n,5040,5040,1000,0.6,uniform,0.1,3389019639,-0.005728887556530752,3.282012536566037e-05,0.05457305908203125,0.017281153107269884,0.0002986383349758418,0.07287764549255371,ok
n,5040,5040,1000,0.6,uniform,0.1,2823306203,-9.759453534346075e-05,9.509194640260689e-09,0.060690879821777344,0.0020893523375530086,4.365725135469466e-06,0.07029175758361816,ok
n,5040,5040,1000,0.6,uniform,0.1,926179998,9.560805668992333e-05,9.085862817197077e-09,0.059772491455078125,-0.0006266499868468446,3.9305157077777415e-07,0.06786942481994629,ok
n,5040,5040,1000,0.6,uniform,0.1,1301272021,-0.0008406999204399504,7.060522100448456e-07,0.0422666072845459,0.0059572188475898675,3.549358921509048e-05,0.044333696365356445,ok
n,5040,5040,1000,0.6,uniform,0.1,4178603270,0.013068269359933252,0.00017078049208204245,0.06128549575805664,0.0017998049829452522,3.2394120148963074e-06,0.06966304779052734,ok
n,5040,5040,1000,0.6,uniform,0.1,376488434,0.0020433260692770635,4.175708329275358e-06,0.060027122497558594,-0.22145353372467622,0.049041610495674376,0.0670156478881836,ok
n,5040,5040,1000,0.6,uniform,0.1,4077693986,-0.022919888473008455,0.0005253316569576465,0.059258222579956055,-0.010612238929901834,0.00011262441628793323,0.06522488594055176,ok
n,5040,5040,1000,0.6,uniform,0.1,2607227223,0.014023966272299071,0.0001966766077090079,0.05348086357116699,0.0037443294750029305,1.4021332262334433e-05,0.06315374374389648,ok
n,5040,5040,1000,0.6,uniform,0.1,273747260,-0.010377774748602877,0.00010769651183230587,0.06990265846252441,0.0014223579252233966,2.023334648968597e-06,0.09044671058654785,ok
n,5040,5040,1000,0.6,uniform,0.1,3400210458,0.009932401905476201,9.864113288812634e-05,0.07089042663574219,-0.015232210779797478,0.00023203784358246017,0.06612586975097656,ok
n,5040,5040,1000,0.6,uniform,0.1,1471142916,0.023323835278311215,0.0005439956281245305,0.05274701118469238,0.012672034013820884,0.00016057736877465273,0.07909321784973145,ok
n,5040,5040,1000,0.6,uniform,0.1,3133159902,-0.0021243041718727114,4.512357160002032e-06,0.04193305969238281,-0.0007823422292907053,6.119448114064055e-07,0.060120344161987305,ok
n,5040,5040,1000,0.6,uniform,0.1,4141030569,-0.012684535802603371,0.0001608947390506234,0.051741600036621094,-0.012257244984011265,0.00015023743639289212,0.07955741882324219,ok
n,5040,5040,1000,0.6,uniform,0.1,4140692821,0.0002740255894867828,7.506657519880258e-08,0.04904770851135254,-0.00595434525170916,3.545473693420652e-05,0.05475449562072754,ok
n,5040,5040,1000,0.6,uniform,0.1,2004155231,0.012947841907984835,0.00016765855703466525,0.06887435913085938,0.0045408643084483315,2.0623638656790307e-05,0.08265018463134766,ok
n,6040,6040,1000,0.6,uniform,0.1,2267512913,0.007158183316582059,5.1238724176333395e-05,0.05812835693359375,-0.00584557645340895,3.4171469823871175e-05,0.057184457778930664,ok
n,6040,6040,1000,0.6,uniform,0.1,1000073880,-0.0033423801646641207,1.1172401297697638e-05,0.05637621879577637,-0.002787855274236462,7.77288449079531e-06,0.062195777893066406,ok
n,6040,6040,1000,0.6,uniform,0.1,2395104275,-0.005029195669009679,2.5292445460315724e-05,0.04853487014770508,0.0072051797887720224,5.191513673483591e-05,0.050145864486694336,ok
n,6040,6040,1000,0.6,uniform,0.1,3061428546,-0.017264053298523777,0.0002980474194702866,0.0754547119140625,-0.004951006636103168,2.4512433207818883e-05,0.07193946838378906,ok
n,6040,6040,1000,0.6,uniform,0.1,2608765024,0.014496598146027934,0.00021015677242442357,0.05221223831176758,0.0009479650287590527,8.989918022822791e-07,0.040256500244140625,ok
n,6040,6040,1000,0.6,uniform,0.1,1814733653,0.003166370108032481,1.0027312062032754e-05,0.05899858474731445,-0.010814242123861168,0.00011694300909831782,0.0699150562286377,ok
n,6040,6040,1000,0.6,uniform,0.1,3790104586,-0.00074013250991624,5.479668618802959e-07,0.06752753257751465,0.0020710800573827954,4.288894909394593e-06,0.07280826568603516,ok
n,6040,6040,1000,0.6,uniform,0.1,1406957998,0.01898561833151608,0.00036045460889173143,0.053069114685058594,-0.005765564499664887,3.3241459029349845e-05,0.066558837890625,ok
n,6040,6040,1000,0.6,uniform,0.1,1222897894,-0.015658342673300296,0.00024518690852592603,0.08051371574401855,0.005041890871453671,2.541962892619662e-05,0.08572983741760254,ok
n,6040,6040,1000,0.6,uniform,0.1,4205173290,0.01704174934053501,0.0002904371816576715,0.08516716957092285,0.0062288391077695415,3.8804270616120424e-05,0.060944557189941406,ok
n,6040,6040,1000,0.6,uniform,0.1,3389141757,-0.012214412890507433,0.00014919471598786986,0.09000229835510254,0.007816547330335004,6.109659876050994e-05,0.06051158905029297,ok
n,6040,6040,1000,0.6,uniform,0.1,3345600729,-0.011269891684733442,0.00012701043264216536,0.05872154235839844,0.0005357206376239091,2.8699783481444854e-07,0.05988955497741699,ok
n,6040,6040,1000,0.6,uniform,0.1,2690101446,-0.013593955095332103,0.00018479488689778577,0.045503854751586914,0.001506864973502125,2.2707227728019074e-06,0.06828141212463379,ok
n,6040,6040,1000,0.6,uniform,0.1,4101303619,-0.01336978016259751,0.00017874813756260863,0.07784628868103027,0.012569849502094268,0.00015800382800611274,0.06713485717773438,ok
n,6040,6040,1000,0.6,uniform,0.1,617762685,-0.027064746580568445,0.0007325007992736889,0.07773447036743164,-0.008753813975119484,7.662935349179282e-05,0.07678365707397461,ok
n,6040,6040,1000,0.6,uniform,0.1,3125136315,-0.011534485931437265,0.0001330445958839128,0.06105351448059082,0.0010645116100700346,1.1331637247639527e-06,0.0786895751953125,ok
n,6040,6040,1000,0.6,uniform,0.1,3800968107,-0.0005491335090003466,3.015219955558652e-07,0.06135964393615723,0.004389660608913461,1.926932502860225e-05,0.06591320037841797,ok
n,6040,6040,1000,0.6,uniform,0.1,4253698565,0.003445280186980613,1.1871384124346457e-05,0.06787586212158203,0.006786046462252981,4.605324032542357e-05,0.09058022499084473,ok
n,6040,6040,1000,0.6,uniform,0.1,285778481,0.003908312970953629,1.5274469437690055e-05,0.060193777084350586,6.240413697707708e-05,3.887240518141337e-09,0.07353687286376953,ok
n,6040,6040,1000,0.6,uniform,0.1,3062697723,-0.006938864710127315,4.814843739492298e-05,0.055816650390625,-0.008622074912541128,7.434091380023349e-05,0.06668853759765625,ok
n,6040,6040,1000,0.6,uniform,0.1,1635216484,0.0026490931145406837,7.0179462714572834e-06,0.04893827438354492,0.0019344096912623273,3.7421248262566533e-06,0.07298421859741211,ok
n,6040,6040,1000,0.6,uniform,0.1,772787564,-0.011333001590811565,0.00012843880380469536,0.06714868545532227,-0.00022485999630582443,5.05993012160151e-08,0.07924365997314453,ok
n,6040,6040,1000,0.6,uniform,0.1,1560797097,0.020732163121895783,0.0004298233375777725,0.06819558143615723,-0.018284598134424342,0.0003343258675994966,0.09747862815856934,ok
n,6040,6040,1000,0.6,uniform,0.1,964132313,-0.006960344038042911,4.84536630864252e-05,0.08024477958679199,0.005755046252136561,3.3114543509756876e-05,0.07661652565002441,ok
n,6040,6040,1000,0.6,uniform,0.1,1216467615,0.005192949714851011,2.6969462198216897e-05,0.053853511810302734,0.01177008758792555,0.00013854116179410735,0.04973554611206055,ok
n,6040,6040,1000,0.6,uniform,0.1,1207998608,-0.020542399257075312,0.0004219999301229221,0.05458807945251465,-0.0034083983181265503,1.161879900175455e-05,0.07437419891357422,ok
n,6040,6040,1000,0.6,uniform,0.1,3813362239,0.01702639276816854,0.0002898914425590771,0.06911683082580566,0.005401567264527068,2.917483252917379e-05,0.0640873908996582,ok
n,6040,6040,1000,0.6,uniform,0.1,1017673930,0.01988298886685653,0.00039533813238395716,0.05970954895019531,-0.0031885298773378346,1.0165939237443749e-05,0.05913424491882324,ok
n,6040,6040,1000,0.6,uniform,0.1,42960713,0.018989243244032568,0.0003605900250899529,0.06334066390991211,0.002674614475030764,7.1533747139803e-06,0.057808876037597656,ok
n,6040,6040,1000,0.6,uniform,0.1,3272761664,0.006860973038084723,4.70787254373563e-05,0.05418539047241211,-0.008569323325991121,7.34260904549166e-05,0.07815670967102051,ok
n,6040,6040,1000,0.6,uniform,0.1,4208803674,0.02394362703583143,0.0005733116035046566,0.07186269760131836,-0.0006051275897093121,3.658173830767715e-07,0.05384373664855957,ok
n,6040,6040,1000,0.6,uniform,0.1,2341723761,0.015619303358074927,0.0002439597969334343,0.06703925132751465,0.0031698795746416663,1.0047560063896868e-05,0.09526467323303223,ok
n,6040,6040,1000,0.6,uniform,0.1,2030841677,-0.0017278905060614223,2.9851682190900187e-06,0.07283782958984375,0.0035116930830850017,1.2332877275112009e-05,0.06453824043273926,ok
n,6040,6040,1000,0.6,uniform,0.1,1474383026,0.010177464491752766,0.00010358174014719377,0.08493924140930176,0.012792876940051618,0.00016365890291386592,0.0630335807800293,ok
n,6040,6040,1000,0.6,uniform,0.1,1613632718,-0.021221690128672147,0.000450372954150132,0.05172109603881836,0.005237411353430569,2.7427313333278452e-05,0.06040358543395996,ok
n,6040,6040,1000,0.6,uniform,0.1,858822619,-0.01242107988320257,0.00015428371519285816,0.05626416206359863,-0.0031046304751774527,9.638852794468214e-06,0.059411048889160156,ok
n,6040,6040,1000,0.6,uniform,0.1,3900794659,0.0028563792001782174,8.156203951715941e-06,0.048180341720581055,0.007894309120041876,6.231265899303119e-05,0.08219671249389648,ok
n,6040,6040,1000,0.6,uniform,0.1,4222406786,0.0036340669681351506,1.3206000868591037e-05,0.06176042556762695,0.010252615186333297,0.00010511487155347327,0.07031965255737305,ok
n,6040,6040,1000,0.6,uniform,0.1,2445025697,-0.003210438127374684,1.0306789837417549e-05,0.06654548645019531,-0.005472728870671049,2.995055139204089e-05,0.0629279613494873,ok
n,6040,6040,1000,0.6,uniform,0.1,702983664,0.00925291451759358,8.561472127557361e-05,0.06341338157653809,-0.005962445798496014,3.555185910344155e-05,0.055045366287231445,ok
n,6040,6040,1000,0.6,uniform,0.1,1501027944,0.0035379733584622484,1.2520350642030218e-05,0.06216120719909668,-0.0034825381188076454,1.2125025468639359e-05,0.060243844985961914,ok
n,6040,6040,1000,0.6,uniform,0.1,3113484211,0.012704189998487481,0.000161396422860705,0.04797649383544922,0.0045585758331280835,2.0780606214152957e-05,0.05349087715148926,ok
n,6040,6040,1000,0.6,uniform,0.1,87275351,-0.0022048095383617114,4.861093505550065e-06,0.0548553466796875,0.0028202865186524356,7.954133212075994e-06,0.07054877281188965,ok
n,6040,6040,1000,0.6,uniform,0.1,2798904886,0.008703466329179056,7.574981296184449e-05,0.06002235412597656,-0.007664774975992257,5.874922737132285e-05,0.06211543083190918,ok
n,6040,6040,1000,0.6,uniform,0.1,2832465702,-0.0015771747302564213,2.4876645653188147e-06,0.053758859634399414,-0.007038711729796139,4.9544285913612425e-05,0.10866165161132812,ok
n,6040,6040,1000,0.6,uniform,0.1,35713661,0.006176768429518545,3.815840337809796e-05,0.09609484672546387,-0.01105884866169171,0.00012228750811654724,0.07497930526733398,ok
n,6040,6040,1000,0.6,uniform,0.1,728497418,-0.016866484286109963,0.0002844848388803834,0.0854649543762207,-0.0035063029050808473,1.2295521059517712e-05,0.059137821197509766,ok
n,6040,6040,1000,0.6,uniform,0.1,1210009376,0.005279460767019581,2.786993939532796e-05,0.07149004936218262,-0.006307112216669901,3.978296977957372e-05,0.06313490867614746,ok
n,6040,6040,1000,0.6,uniform,0.1,916636769,0.016812894112256314,0.0002826746633843793,0.0915689468383789,-0.010233927878281762,0.0001047325159353767,0.051508426666259766,ok
n,6040,6040,1000,0.6,uniform,0.1,1311646717,0.000371554552901454,1.3805985577442042e-07,0.07218074798583984,-0.007841856156175643,6.149455876020188e-05,0.05443692207336426,ok
n,7040,7040,1000,0.6,uniform,0.1,316088587,0.0009264438571965273,8.582251574650984e-07,0.062221527099609375,0.012755298143995892,0.00016269662478848727,0.09024834632873535,ok
n,7040,7040,1000,0.6,uniform,0.1,783200138,0.006997642655541304,4.896628492702834e-05,0.09459567070007324,-0.0012981015874656994,1.685200891801323e-06,0.09764671325683594,ok
n,7040,7040,1000,0.6,uniform,0.1,2132000252,-0.01489330647508221,0.00022180641477793727,0.07790493965148926,-0.009342486886488512,8.72794498159406e-05,0.0627291202545166,ok
n,7040,7040,1000,0.6,uniform,0.1,4279644526,-0.020168724855199133,0.00040677957290795536,0.049875497817993164,-0.005680438567448196,3.2267976768888206e-05,0.08743000030517578,ok
n,7040,7040,1000,0.6,uniform,0.1,384316860,-0.008532412960130558,7.279661800634536e-05,0.06941986083984375,0.0038618861324715256,1.4916632712371114e-05,0.08469367027282715,ok
n,7040,7040,1000,0.6,uniform,0.1,2546740465,-0.004456614340339133,1.986082657480742e-05,0.09664559364318848,0.007264958344002248,5.2780573070288834e-05,0.0825967788696289,ok
n,7040,7040,1000,0.6,uniform,0.1,3327421938,-0.007415668848875421,5.499246005137012e-05,0.0889139175415039,0.007865753113078576,6.186973730822855e-05,0.09826827049255371,ok
n,7040,7040,1000,0.6,uniform,0.1,2552346084,0.0020958090717836165,4.392565041876022e-06,0.07248473167419434,0.007759298205101601,6.020726166777695e-05,0.07042217254638672,ok
n,7040,7040,1000,0.6,uniform,0.1,610180238,0.018463103484030595,0.0003408836733278998,0.05509471893310547,0.004584073914321927,2.101310874361452e-05,0.06669092178344727,ok
n,7040,7040,1000,0.6,uniform,0.1,2909289209,0.015475791839107305,0.00023949664655646395,0.08163809776306152,0.0008496307738031579,7.216810532258324e-07,0.09675192832946777,ok
n,7040,7040,1000,0.6,uniform,0.1,1551034745,-0.006129581081995872,3.757324508745657e-05,0.08018231391906738,0.00044806515429455764,2.0065415000233258e-07,0.09473800659179688,ok
n,7040,7040,1000,0.6,uniform,0.1,1781338105,0.008545997457860385,7.303437326707078e-05,0.04845023155212402,-0.002921857728616577,8.537149772103553e-06,0.07358503341674805,ok
n,7040,7040,1000,0.6,uniform,0.1,1262367782,-0.008352126074322648,6.975986245045538e-05,0.08328080177307129,0.0040149233838730515,1.6118719292577676e-05,0.08423423767089844,ok
n,7040,7040,1000,0.6,uniform,0.1,3144770083,0.009329186157064035,8.703333677933728e-05,0.07087469100952148,0.003264273481684414,1.065534925076973e-05,0.08013701438903809,ok
n,7040,7040,1000,0.6,uniform,0.1,1762075334,0.0010038260752466336,1.0071664299488103e-06,0.07485318183898926,0.000927607044474685,8.599924658298729e-07,0.09113311767578125,ok
n,7040,7040,1000,0.6,uniform,0.1,81623018,0.009572455063966466,9.163610338277501e-05,0.07900071144104004,0.008605197198254326,7.405320111294576e-05,0.07552576065063477,ok
n,7040,7040,1000,0.6,uniform,0.1,2652987808,-0.003933962959420942,1.5475550067660027e-05,0.058231353759765625,-0.002066168459827237,4.268781885151744e-06,0.0700082778930664,ok
n,7040,7040,1000,0.6,uniform,0.1,2385111280,-0.008567330384099065,7.339774708277684e-05,0.0588374137878418,-0.000589880627410291,3.478625728964359e-07,0.10626912117004395,ok
n,7040,7040,1000,0.6,uniform,0.1,794145471,-0.024022785185821485,0.0005770951290313656,0.09225702285766602,0.005023277364087421,2.523312290259784e-05,0.10204315185546875,ok
n,7040,7040,1000,0.6,uniform,0.1,355925020,-0.0009288872691600953,8.624697085453132e-07,0.07457733154296875,-0.0030497072310189956,9.299526087530044e-06,0.10689806938171387,ok
n,7040,7040,1000,0.6,uniform,0.1,3291900336,-0.009706163791522816,9.420861727324965e-05,0.07288026809692383,0.0025669795398567505,6.589647974088398e-06,0.0846564769744873,ok
n,7040,7040,1000,0.6,uniform,0.1,1292212573,-0.0030612415439891854,9.371503415477057e-06,0.07696747779846191,0.002757350167060883,7.602706464661747e-06,0.08669209480285645,ok
n,7040,7040,1000,0.6,uniform,0.1,1007521043,-0.01100265810764851,0.000121037491319577,0.0798499584197998,0.02213305250385985,0.000489914247841436,0.11215591430664062,ok
n,7040,7040,1000,0.6,uniform,0.1,1308034584,0.004214934672183472,1.7765943207268762e-05,0.08926558494567871,0.0023364619129235,5.459203339295823e-06,0.0751948356628418,ok
n,7040,7040,1000,0.6,uniform,0.1,323678775,-0.002364957242143342,5.593901448576114e-06,0.06559920310974121,-0.005969643200712097,3.56388578908023e-05,0.10066437721252441,ok
n,7040,7040,1000,0.6,uniform,0.1,2168168455,0.00475358319629209,2.2596322935763097e-05,0.0682523250579834,-0.012430171914489587,0.00015450977595580172,0.06309819221496582,ok
n,7040,7040,1000,0.6,uniform,0.1,1973125613,0.003915235125958466,1.5327866731395738e-05,0.06122088432312012,0.0026079276667747516,6.800487832372708e-06,0.08298516273498535,ok
n,7040,7040,1000,0.6,uniform,0.1,2646630561,0.01663462170759923,0.0002767105255754215,0.06421303749084473,-0.0028516661634955687,8.132019413212519e-06,0.09179544448852539,ok
n,7040,7040,1000,0.6,uniform,0.1,486611800,-0.005667742828839809,3.212158337320239e-05,0.0617063045501709,0.007322399388184516,5.361976197210456e-05,0.10185933113098145,ok
n,7040,7040,1000,0.6,uniform,0.1,3799030368,0.015605159729888995,0.0002435174036059812,0.07776284217834473,-0.005599051307643413,3.1350669589543517e-05,0.12455081939697266,ok
n,7040,7040,1000,0.6,uniform,0.1,1860341684,0.00376033716984258,1.4140494823663721e-05,0.06528258323669434,9.753771009258324e-05,9.522924053029438e-09,0.09003257751464844,ok
n,7040,7040,1000,0.6,uniform,0.1,3042432617,-0.007998708135031797,6.397763735494206e-05,0.07528424263000488,-0.0023425827148775493,5.48719752301001e-06,0.10549473762512207,ok
n,7040,7040,1000,0.6,uniform,0.1,1083363903,-0.003346812950425025,1.120116020631482e-05,0.10407590866088867,0.004227697240363485,1.7873419811385206e-05,0.0785219669342041,ok
n,7040,7040,1000,0.6,uniform,0.1,1114122542,-0.0023329846792715767,5.441974635279701e-06,0.06267976760864258,-0.00789484660283105,6.232575049424795e-05,0.10278582572937012,ok
n,7040,7040,1000,0.6,uniform,0.1,2445822241,-0.001587613443158837,2.521465618988167e-06,0.0707390308380127,-4.114500205048452e-05,1.7175972633412008e-09,0.1013798713684082,ok
n,7040,7040,1000,0.6,uniform,0.1,257609021,0.005970681003036832,3.564817047093761e-05,0.06108999252319336,-0.003535771071602866,1.250218705384704e-05,0.0935676097869873,ok
n,7040,7040,1000,0.6,uniform,0.1,3675304712,-0.012156320729100127,0.00014778167376143349,0.0918724536895752,-0.005737049892960011,3.29163560911984e-05,0.08122396469116211,ok
n,7040,7040,1000,0.6,uniform,0.1,47315238,-0.0019774976733211197,3.908979415462416e-06,0.08644366264343262,-0.0007917572397085628,6.262719800689448e-07,0.0684671401977539,ok
n,7040,7040,1000,0.6,uniform,0.1,218545861,0.013174973543146845,0.00017358759443810746,0.08798885345458984,-0.003790935766614522,1.4368988133284237e-05,0.06506538391113281,ok
n,7040,7040,1000,0.6,uniform,0.1,405568960,-0.02523232068354267,0.000636684901084033,0.055783748626708984,-0.0031307904551901495,9.8036969777948e-06,0.08750271797180176,ok
n,7040,7040,1000,0.6,uniform,0.1,2077636716,0.0010535014234587473,1.1098485501421024e-06,0.07722997665405273,0.006577553894964067,4.326411097979329e-05,0.054443359375,ok
n,7040,7040,1000,0.6,uniform,0.1,3491851556,0.029377510275757916,0.0008630492395809656,0.09787511825561523,0.004189401958663761,1.755267594396568e-05,0.08694577217102051,ok
n,7040,7040,1000,0.6,uniform,0.1,2386045776,0.002729993092510764,7.453098475137189e-06,0.11097931861877441,-0.00051066919756061,2.607388501470945e-07,0.0926215648651123,ok
n,7040,7040,1000,0.6,uniform,0.1,747088105,0.0012762904504308081,1.6295514563509826e-06,0.057012319564819336,0.005748862969995301,3.305228163329452e-05,0.09404993057250977,ok
n,7040,7040,1000,0.6,uniform,0.1,2822830091,-0.0011184850965703526,1.251063486151427e-06,0.0781712532043457,-0.0007603829312073007,5.782193040737403e-07,0.08432817459106445,ok
n,7040,7040,1000,0.6,uniform,0.1,693211193,0.004523807597164821,2.0464651828793353e-05,0.0848541259765625,0.0031629961168997125,1.0004416241195883e-05,0.06313157081604004,ok
n,7040,7040,1000,0.6,uniform,0.1,1566607104,0.006132818443155318,3.761303055751382e-05,0.06017041206359863,-0.0007781991981520807,6.053949818641215e-07,0.10584163665771484,ok
n,7040,7040,1000,0.6,uniform,0.1,4053985930,0.012679201424003795,0.0001607603218565003,0.08146262168884277,-0.012340266377562761,0.00015228395233765106,0.08091306686401367,ok
n,7040,7040,1000,0.6,uniform,0.1,2976612033,0.0008594247247264011,7.384843263264615e-07,0.07059216499328613,-0.005511714790000994,3.0379811443705335e-05,0.08849859237670898,ok
n,7040,7040,1000,0.6,uniform,0.1,141577416,0.01646241106499244,0.0002710090081398641,0.07784771919250488,0.004848083662457872,2.3503335067006135e-05,0.10131525993347168,ok
n,8040,8040,1000,0.6,uniform,0.1,1299537539,-0.0021032093454069925,4.422987524503474e-06,0.10256218910217285,-0.012070116640901029,0.0001456848345778088,0.11212420463562012,ok
n,8040,8040,1000,0.6,uniform,0.1,292484253,0.011676568153698741,0.0001363441026679756,0.07011079788208008,-0.0066268689454518324,4.391433708346626e-05,0.07413291931152344,ok
n,8040,8040,1000,0.6,uniform,0.1,700997805,-0.014790197917577198,0.00021875296360116689,0.06368231773376465,0.004709535352551919,2.217876506558673e-05,0.09514474868774414,ok
n,8040,8040,1000,0.6,uniform,0.1,2244544455,0.00700781781928599,4.910653390774628e-05,0.07930946350097656,0.009021288670269684,8.137981732548904e-05,0.09929704666137695,ok
n,8040,8040,1000,0.6,uniform,0.1,2646006507,0.009623945779760305,9.262144595967447e-05,0.06609249114990234,0.0027740547355645418,7.695700664493097e-06,0.08884763717651367,ok
n,8040,8040,1000,0.6,uniform,0.1,1198973423,0.00596641004297815,3.559861066896512e-05,0.07637667655944824,-0.0003271411168219318,1.0699050516210941e-07,0.09504246711730957,ok
n,8040,8040,1000,0.6,uniform,0.1,3689525694,0.004800155820079947,2.303473264890139e-05,0.07472395896911621,-0.002194658806378356,4.819620195615358e-06,0.1013038158416748,ok
n,8040,8040,1000,0.6,uniform,0.1,825153116,0.004961389191133991,2.4615105802173264e-05,0.07536172866821289,0.0028559467914151095,8.156272680385471e-06,0.09830474853515625,ok
n,8040,8040,1000,0.6,uniform,0.1,402868865,-0.018998794801941377,0.0003609513717715942,0.0834505558013916,-0.007910818544664619,6.257987078232461e-05,0.11071372032165527,ok
n,8040,8040,1000,0.6,uniform,0.1,2072859852,-0.0019470887665095785,3.790921652255478e-06,0.06557250022888184,-0.006902946890516109,4.764984967327507e-05,0.10762500762939453,ok
n,8040,8040,1000,0.6,uniform,0.1,387289652,-0.0018701541551439027,3.4983698750319983e-06,0.09059739112854004,-0.00497682446443387,2.477115892013455e-05,0.09376263618469238,ok
n,8040,8040,1000,0.6,uniform,0.1,2451855548,-0.002456246028827746,6.0323729828894105e-06,0.09270381927490234,0.0006057235145436228,3.6709128045400307e-07,0.08414268493652344,ok
n,8040,8040,1000,0.6,uniform,0.1,416750430,-0.0063052685332268205,3.975335226466629e-05,0.09343671798706055,0.0042734125809291874,1.8264128438737442e-05,0.08884501457214355,ok
n,8040,8040,1000,0.6,uniform,0.1,144617178,-0.0001633406743078895,2.6670331265585585e-08,0.09843730926513672,-0.0018776386478144124,3.525413716086282e-06,0.09683990478515625,ok
n,8040,8040,1000,0.6,uniform,0.1,602143314,0.006090562951798221,3.7096213935299426e-05,0.07489728927612305,-0.004189654672589678,1.7552341704750565e-05,0.09494161605834961,ok
n,8040,8040,1000,0.6,uniform,0.1,3383657820,-0.006283867723476072,3.948580918532026e-05,0.07299518585205078,-0.0007839308693111765,6.143998606619567e-07,0.08260965347290039,ok
n,8040,8040,1000,0.6,uniform,0.1,2388021675,-0.014245384423230622,0.00020293239548024313,0.09477400779724121,0.006155016131151967,3.788361085222184e-05,0.08286309242248535,ok
n,8040,8040,1000,0.6,uniform,0.1,2581486151,0.006224574642380191,3.8744344285081124e-05,0.07367825508117676,-0.0016557335528850844,2.741715667021598e-06,0.09120821952819824,ok
n,8040,8040,1000,0.6,uniform,0.1,592142153,-0.009385078376168822,8.808142991144231e-05,0.09133124351501465,0.0021414032541951142,4.585212308088729e-06,0.10301566123962402,ok
n,8040,8040,1000,0.6,uniform,0.1,3574014583,-0.000640144215979442,4.0975770658730255e-07,0.07732248306274414,-0.00037484359961472775,1.4049196651481855e-07,0.08104348182678223,ok
n,8040,8040,1000,0.6,uniform,0.1,677708735,0.009296835287861028,8.642962246698975e-05,0.0707697868347168,0.00613948510393787,3.7692270982215295e-05,0.07456469535827637,ok
n,8040,8040,1000,0.6,uniform,0.1,1738508688,0.005500628187920141,3.0254553768761006e-05,0.0773475170135498,-0.0008797486882529538,7.743347278568594e-07,0.07633042335510254,ok
n,8040,8040,1000,0.6,uniform,0.1,3681152078,0.013572716330947057,0.00018421410270399926,0.06197690963745117,-0.0063975782739583735,4.093114111972721e-05,0.0916748046875,ok
n,8040,8040,1000,0.6,uniform,0.1,3932955265,-0.0053310320257377,2.8417610963782847e-05,0.07261490821838379,-0.00660281337214335,4.359430625702558e-05,0.1053459644317627,ok
n,8040,8040,1000,0.6,uniform,0.1,4130983892,-0.0033601847300828475,1.1292942343164834e-05,0.0735018253326416,0.008972455848465984,8.049935437041678e-05,0.10087084770202637,ok
n,8040,8040,1000,0.6,uniform,0.1,3365433654,0.012413618564407581,0.00015410000282055236,0.06751871109008789,-0.0061626626073594355,3.7977379329951076e-05,0.09893608093261719,ok
n,8040,8040,1000,0.6,uniform,0.1,2315641142,-0.011314392356597765,0.00012801917608104424,0.09148740768432617,-0.003214937454040322,1.0336874670068228e-05,0.08859086036682129,ok
n,8040,8040,1000,0.6,uniform,0.1,3032117763,0.00976559823305255,9.536759363595881e-05,0.07303786277770996,0.005797451387363592,3.361084912017719e-05,0.09757781028747559,ok
n,8040,8040,1000,0.6,uniform,0.1,2618635675,-0.001596498994445485,2.5488920285597517e-06,0.08932876586914062,0.003220774802126812,1.0373222905568952e-05,0.09750533103942871,ok
n,8040,8040,1000,0.6,uniform,0.1,2337308173,0.004823890483851312,2.3270458021843267e-05,0.07257652282714844,-0.006016024672768838,3.61918811384615e-05,0.06588244438171387,ok
n,8040,8040,1000,0.6,uniform,0.1,3679740235,-0.0007364005259124946,5.421436402610751e-07,0.04962348937988281,0.003207941626701593,1.0291508527885744e-05,0.08187699317932129,ok
n,8040,8040,1000,0.6,uniform,0.1,337406568,0.017722651958542474,0.00031407629226359353,0.08201980590820312,0.00793036132366189,6.288342648459383e-05,0.07558393478393555,ok
n,8040,8040,1000,0.6,uniform,0.1,3424457933,-0.0021505248423290164,4.623738856300138e-06,0.07207679748535156,-0.004545430856572717,2.0658789416302243e-05,0.06410074234008789,ok
n,8040,8040,1000,0.6,uniform,0.1,4158472018,0.005827054167143396,3.395476125667505e-05,0.07197761535644531,0.0019305716327460672,3.727173419666362e-06,0.07371926307678223,ok
n,8040,8040,1000,0.6,uniform,0.1,4039339415,-0.0019040562004536722,3.6268382901359263e-06,0.08822441101074219,0.011128771918961344,0.00012384133431188855,0.12269949913024902,ok
n,8040,8040,1000,0.6,uniform,0.1,1294388276,0.015616276331990649,0.00024387001291055203,0.06261539459228516,0.0036313244921424843,1.318696553257822e-05,0.08784103393554688,ok
n,8040,8040,1000,0.6,uniform,0.1,2072362620,0.01631916247281533,0.00026632096312729326,0.08130407333374023,-0.002007073130571538,4.027617039094715e-06,0.08681130409240723,ok
n,8040,8040,1000,0.6,uniform,0.1,2099156396,0.004702620293339867,2.2114543555138262e-05,0.05199098587036133,0.002595493115558221,6.736532594378946e-06,0.07769227027893066,ok
n,8040,8040,1000,0.6,uniform,0.1,1949284224,0.009995721868465538,9.991406179194287e-05,0.05304551124572754,0.006799105284084431,4.622756474656276e-05,0.0905606746673584,ok
n,8040,8040,1000,0.6,uniform,0.1,3756464819,-0.026732311352722086,0.0007146188676161423,0.06488418579101562,-0.010021525595146234,0.0001004318739871877,0.07718491554260254,ok
n,8040,8040,1000,0.6,uniform,0.1,911242799,-0.00930983166192214,8.666946953535858e-05,0.09147071838378906,-0.0016138661753060302,2.6039580201833807e-06,0.08284235000610352,ok
n,8040,8040,1000,0.6,uniform,0.1,3296186110,0.0014464546654898948,2.0920673862097816e-06,0.07987523078918457,-0.004043620439798513,1.6351323939690837e-05,0.07245469093322754,ok
n,8040,8040,1000,0.6,uniform,0.1,3284619634,-0.003639531356725297,1.3245384035551535e-05,0.06258177757263184,-0.005178320069946513,2.681385415562291e-05,0.08134698867797852,ok
n,8040,8040,1000,0.6,uniform,0.1,4161884342,-0.00424904660742447,1.8054783654081948e-05,0.08036184310913086,0.0011386572407410182,1.2964367184735045e-06,0.06475210189819336,ok
n,8040,8040,1000,0.6,uniform,0.1,1644991604,-0.0028429174051576352,8.080280462635088e-06,0.07147717475891113,0.009455582104818415,8.941434922382847e-05,0.06788492202758789,ok
n,8040,8040,1000,0.6,uniform,0.1,2580794063,0.005057909101547912,2.5579918514385655e-05,0.06449389457702637,0.001033631444157514,1.0678778071567653e-06,0.07455062866210938,ok
n,8040,8040,1000,0.6,uniform,0.1,177536276,0.00711713852290504,5.065435811614283e-05,0.0525670051574707,-0.005407920613123293,2.9245075475244417e-05,0.08333826065063477,ok
n,8040,8040,1000,0.6,uniform,0.1,2557155077,-0.0051970879830215925,2.700903990402291e-05,0.07007932662963867,0.00739615711877119,5.470411298995122e-05,0.08844375610351562,ok
n,8040,8040,1000,0.6,uniform,0.1,3989185666,-0.002137066696894708,4.567723845535235e-06,0.0756230354309082,0.0005370382011336881,2.8824174693754496e-07,0.08651447296142578,ok
n,8040,8040,1000,0.6,uniform,0.1,1891608276,0.004623537101315277,2.137829481670269e-05,0.08040952682495117,-0.0014947374977351362,2.233852427959689e-06,0.0733344554901123,ok
n,9040,9040,1000,0.6,uniform,0.1,731682681,-0.008708763931546584,7.584894370522294e-05,0.09493565559387207,-0.01215697995752429,0.00014780106008972844,0.1301875114440918,ok
n,9040,9040,1000,0.6,uniform,0.1,68160041,-0.008147477790469102,6.638096437057313e-05,0.0858612060546875,-0.002240284287539674,5.018755460568161e-06,0.11595416069030762,ok
n,9040,9040,1000,0.6,uniform,0.1,3668784928,-0.001058360366191705,1.1205205987418957e-06,0.11704492568969727,-0.004712442661578124,2.2208869744973617e-05,0.12158012390136719,ok
n,9040,9040,1000,0.6,uniform,0.1,195428936,-0.005450214157886833,2.9706299179873106e-05,0.12364792823791504,0.0035338106745310244,1.2486868157494741e-05,0.09414529800415039,ok
n,9040,9040,1000,0.6,uniform,0.1,4049208799,0.003450000660775275,1.1902545282543618e-05,0.1242835521697998,0.00032370124169336624,1.0478631481723738e-07,0.1017007827758789,ok
n,9040,9040,1000,0.6,uniform,0.1,1653229771,0.0013587105800128149,1.846499706875801e-06,0.1021280288696289,0.00029025279425629383,8.433327662435165e-08,0.10035586357116699,ok
n,9040,9040,1000,0.6,uniform,0.1,348997891,-7.57243585798307e-05,5.7466191208258166e-09,0.0783090591430664,-0.005098755300310897,2.5998142832011803e-05,0.07397747039794922,ok
n,9040,9040,1000,0.6,uniform,0.1,3835752925,-0.003070136013651502,9.426356855422034e-06,0.07073163986206055,0.002152267261709174,4.631818541740432e-06,0.08132290840148926,ok
n,9040,9040,1000,0.6,uniform,0.1,1864751005,-0.0038948684491901596,1.5168969864621573e-05,0.09665822982788086,0.006133791415859568,3.7625019848318145e-05,0.13561248779296875,ok
n,9040,9040,1000,0.6,uniform,0.1,891381198,-0.004281394997289002,1.8329993554924494e-05,0.10310912132263184,-0.004979261908008078,2.4792642600854926e-05,0.14687252044677734,ok
n,9040,9040,1000,0.6,uniform,0.1,3872694805,0.0022914252116716153,5.251954557425154e-06,0.08329367637634277,-0.001191213021752598,1.4182997504519852e-06,0.1341686248779297,ok
n,9040,9040,1000,0.6,uniform,0.1,3816716879,-0.009009967157441156,8.118048669747362e-05,0.13516688346862793,0.005857921676354607,3.43146101769042e-05,0.10317087173461914,ok
n,9040,9040,1000,0.6,uniform,0.1,4275389826,-0.014228750620057835,0.0002024600453115499,0.09432005882263184,0.004580616082973815,2.0981174153833683e-05,0.09365296363830566,ok
n,9040,9040,1000,0.6,uniform,0.1,3959675334,-0.008585822916666874,7.37156969997049e-05,0.08518052101135254,-0.006047163878806298,3.65677274249009e-05,0.10117888450622559,ok
n,9040,9040,1000,0.6,uniform,0.1,3894894854,-0.009445738287528729,8.922235539323636e-05,0.07656025886535645,-0.003413347900802078,1.1651082510153374e-05,0.09420418739318848,ok
n,9040,9040,1000,0.6,uniform,0.1,2509293977,-0.008700234434116974,7.569067059297926e-05,0.12087440490722656,0.00013765916305596754,1.9004016859555298e-08,0.09508824348449707,ok
n,9040,9040,1000,0.6,uniform,0.1,440163363,0.006657493962444063,4.432467491259052e-05,0.0974416732788086,1.2230874812853676e-05,1.5412736558525315e-10,0.07995271682739258,ok
n,9040,9040,1000,0.6,uniform,0.1,508729448,-0.009177133785992202,8.421896311992067e-05,0.08436203002929688,-0.0071849295483760066,5.162256952318148e-05,0.0744931697845459,ok
n,9040,9040,1000,0.6,uniform,0.1,3880290940,-0.0027709227189988386,7.676971741567628e-06,0.06786823272705078,-0.005836982755403218,3.406817482521207e-05,0.07627177238464355,ok
n,9040,9040,1000,0.6,uniform,0.1,2492571066,-0.022955089995758047,0.0005269363648954223,0.09228944778442383,0.00011989206799818224,1.4373020676059562e-08,0.0924525260925293,ok
n,9040,9040,1000,0.6,uniform,0.1,1679235767,-0.007178427193498981,5.153152333682701e-05,0.07304763793945312,-0.0033315386089330158,1.1099941441389471e-05,0.07691431045532227,ok
n,9040,9040,1000,0.6,uniform,0.1,436501957,0.012781502996573688,0.00016336331077191558,0.0677034854888916,-0.0028887915415761823,8.345909466910912e-06,0.07895684242248535,ok
n,9040,9040,1000,0.6,uniform,0.1,1786053875,-0.010725584230056442,0.00011503942520314446,0.07816624641418457,0.010329963135810055,0.00010670691704275119,0.0912315845489502,ok
n,9040,9040,1000,0.6,uniform,0.1,2880590537,-0.008706186528551934,7.57963473682717e-05,0.10495352745056152,0.012014293649514554,0.0001443450962456685,0.08537745475769043,ok
n,9040,9040,1000,0.6,uniform,0.1,2226816222,0.004327157016648676,1.8723449704602282e-05,0.08363509178161621,0.01494751663772194,0.00022342535837534017,0.07355332374572754,ok
n,9040,9040,1000,0.6,uniform,0.1,3177572194,-0.00863695795428515,7.45943951213449e-05,0.06634211540222168,-0.0029509637144890188,8.707282267981312e-06,0.07741951942443848,ok
n,9040,9040,1000,0.6,uniform,0.1,724993673,-0.0028024368036379125,7.852525006860203e-06,0.0734093189239502,-0.0038526193167530446,1.4841126210415829e-05,0.09336543083190918,ok
n,9040,9040,1000,0.6,uniform,0.1,2249456830,0.011512953018134809,0.00013254859195912667,0.08537817001342773,0.010446176706401755,0.00010912306577218603,0.09648871421813965,ok
n,9040,9040,1000,0.6,uniform,0.1,1752380818,-0.008380828584113764,7.023980885251485e-05,0.09755253791809082,0.001489438555382132,2.2181568911555333e-06,0.0993962287902832,ok
n,9040,9040,1000,0.6,uniform,0.1,398544342,-0.0006121673085511367,3.7448721065320873e-07,0.08058929443359375,0.0012995552496306276,1.689399340192051e-06,0.07095909118652344,ok
n,9040,9040,1000,0.6,uniform,0.1,1313426725,-0.009296804930674878,8.642714116701126e-05,0.09286332130432129,-0.0041369958648745375,1.7113203700820792e-05,0.10933542251586914,ok
n,9040,9040,1000,0.6,uniform,0.1,4178908020,-0.005637764288784644,3.1784978122196376e-05,0.09620928764343262,-0.004671157233391384,2.182020035534623e-05,0.08501005172729492,ok
n,9040,9040,1000,0.6,uniform,0.1,243897745,-0.0005135196052703328,2.6377669958402635e-07,0.05731916427612305,-0.003672606151983862,1.3488567400856587e-05,0.09756040573120117,ok
n,9040,9040,1000,0.6,uniform,0.1,2148333446,0.005224544056812845,2.729500473632793e-05,0.11137652397155762,-0.008128044462851699,6.606643831305916e-05,0.1297438144683838,ok
n,9040,9040,1000,0.6,uniform,0.1,1982109810,-0.001429113595148194,2.0425955443153805e-06,0.11496376991271973,0.0021368288261152174,4.565693734022052e-06,0.12177705764770508,ok
n,9040,9040,1000,0.6,uniform,0.1,1264806741,0.008681538941710665,7.537200321221074e-05,0.06743717193603516,-0.010897567319345014,0.00011875335235512708,0.08003449440002441,ok
n,9040,9040,1000,0.6,uniform,0.1,2234843385,0.004471432518043694,1.99943139169956e-05,0.0769343376159668,-0.009448355569530541,8.92701442634324e-05,0.1020212173461914,ok
n,9040,9040,1000,0.6,uniform,0.1,784987714,0.0025747617181092405,6.629922562094531e-06,0.07820248603820801,-0.0025608054827782425,6.557202928127742e-06,0.08099865913391113,ok
n,9040,9040,1000,0.6,uniform,0.1,253820438,0.009109269282594704,8.298448770488416e-05,0.06763935089111328,-0.007366985079944174,5.4267858874596166e-05,0.07382655143737793,ok
n,9040,9040,1000,0.6,uniform,0.1,2243520159,-0.008121478145929523,6.595756279671316e-05,0.10011458396911621,-0.002318249708251006,5.374040658191604e-06,0.10674667358398438,ok
n,9040,9040,1000,0.6,uniform,0.1,471244397,0.004439490886220597,1.9708376653574624e-05,0.0718684196472168,0.0013583174978853377,1.8448114371655276e-06,0.06579113006591797,ok
n,9040,9040,1000,0.6,uniform,0.1,1605649521,-0.01664553761425998,0.0002770753839480463,0.059613704681396484,-0.0023604395049351434,5.571881904998694e-06,0.10460352897644043,ok
n,9040,9040,1000,0.6,uniform,0.1,4249645313,-0.005071609631673411,2.5720880302009203e-05,0.05318045616149902,-0.003753139625779656,1.4085802514811059e-05,0.12146997451782227,ok
n,9040,9040,1000,0.6,uniform,0.1,3625143144,-0.0015603544542020782,2.4346134579934544e-06,0.0873556137084961,0.0006445951804756499,4.155411871926167e-07,0.06326174736022949,ok
n,9040,9040,1000,0.6,uniform,0.1,2431031588,0.00018349470577495403,3.3668942657325125e-08,0.053369760513305664,-0.0007516687712790415,5.650115308821128e-07,0.08184671401977539,ok
n,9040,9040,1000,0.6,uniform,0.1,1467973937,-0.0033531114373178536,1.1242351267897189e-05,0.06456637382507324,-0.0031715942849539383,1.005805967334639e-05,0.09687042236328125,ok
n,9040,9040,1000,0.6,uniform,0.1,1844424547,0.000664495617090906,4.411163841601072e-07,0.07959270477294922,-0.0028591249784590796,8.176480977501545e-06,0.10486221313476562,ok
n,9040,9040,1000,0.6,uniform,0.1,2907402838,-0.009868461428469899,9.738581647475325e-05,0.10167765617370605,-0.005780861910487501,3.341794588615982e-05,0.11942243576049805,ok
n,9040,9040,1000,0.6,uniform,0.1,2492180858,-0.00238737645428157,5.6995205846185496e-06,0.11650681495666504,0.0028111669267182333,7.90271336110732e-06,0.09998869895935059,ok
n,9040,9040,1000,0.6,uniform,0.1,2727782583,-0.005008247598824905,2.5083042602337826e-05,0.06109142303466797,-0.00020114408440447988,4.047896977216728e-08,0.0632941722869873,ok
n,10040,10040,1000,0.6,uniform,0.1,1782322949,0.0041508143917411405,1.722916843177442e-05,0.08848762512207031,-0.004350414913661111,1.8926206012928757e-05,0.08950471878051758,ok
n,10040,10040,1000,0.6,uniform,0.1,3267313666,0.013123642888242568,0.00017222952088515026,0.11990499496459961,-0.0013230729589976903,1.750570625617306e-06,0.1304612159729004,ok
n,10040,10040,1000,0.6,uniform,0.1,3201122094,-0.0168594474668668,0.00028423964949408144,0.09345388412475586,5.361666748987004e-05,2.878944525131303e-09,0.09074854850769043,ok
n,10040,10040,1000,0.6,uniform,0.1,2936368754,-0.0010248015078637995,1.0502436397558995e-06,0.09373879432678223,-0.0012313032142958194,1.516138254955647e-06,0.1570584774017334,ok
n,10040,10040,1000,0.6,uniform,0.1,1804903420,0.0020701692241299864,4.285586115394886e-06,0.11557626724243164,0.004184775037830571,1.7512312803687376e-05,0.0964806079864502,ok
n,10040,10040,1000,0.6,uniform,0.1,2034401684,-0.0032992945075819404,1.088542229832555e-05,0.07881832122802734,0.0033161284821220153,1.0996629661419179e-05,0.14102554321289062,ok
n,10040,10040,1000,0.6,uniform,0.1,360414428,-0.005264389838066226,2.7713466823712834e-05,0.084320068359375,0.004015222710581233,1.6122267815503e-05,0.09845829010009766,ok
n,10040,10040,1000,0.6,uniform,0.1,2838118950,-0.00256964360275697,6.603011884379852e-06,0.09013175964355469,0.007542074879755838,5.688305891504308e-05,0.1337571144104004,ok
n,10040,10040,1000,0.6,uniform,0.1,3219066722,-0.0018824706542589973,3.5424348132912795e-06,0.0788571834564209,-0.0026548276499057818,7.0463314995576744e-06,0.09011077880859375,ok
n,10040,10040,1000,0.6,uniform,0.1,4136975193,0.005824412095966935,3.3923504042303996e-05,0.08528900146484375,0.0005673478147439622,3.2185702668847977e-07,0.09664487838745117,ok
n,10040,10040,1000,0.6,uniform,0.1,2852803971,-0.010138207283532716,0.00010278369796623997,0.08166217803955078,-0.0022071398106501333,4.871564338383711e-06,0.11953306198120117,ok
n,10040,10040,1000,0.6,uniform,0.1,840590188,-0.0004313385362728048,1.8610002938303707e-07,0.07815194129943848,0.0031464524026016093,9.899819195234537e-06,0.11714553833007812,ok
n,10040,10040,1000,0.6,uniform,0.1,379094718,0.0006127954258977439,3.7540772604178224e-07,0.08347272872924805,0.003287318829975292,1.080587223848231e-05,0.10694169998168945,ok
n,10040,10040,1000,0.6,uniform,0.1,1945567774,-0.010997993969971606,0.00012095503855715618,0.10193300247192383,-0.0023050978002179937,5.31330131967589e-06,0.1310718059539795,ok
n,10040,10040,1000,0.6,uniform,0.1,939424304,-0.00292365759554758,8.547299666559277e-06,0.1322157382965088,-0.00804248025690738,6.468018458756116e-05,0.08913135528564453,ok
n,10040,10040,1000,0.6,uniform,0.1,2486570497,0.012596936931100413,0.00015867969858999692,0.1127469539642334,-0.0009159389728205416,8.391711833608053e-07,0.08777761459350586,ok
n,10040,10040,1000,0.6,uniform,0.1,1629979154,-0.010347503677668592,0.00010706701549641417,0.07994604110717773,0.0029296719755012254,8.58405858991695e-06,0.07663702964782715,ok
n,10040,10040,1000,0.6,uniform,0.1,3261229062,4.908520507759209e-05,2.3920488104968284e-09,0.05035281181335449,0.0037163245104052628,1.3809755076211388e-05,0.08267426490783691,ok
n,10040,10040,1000,0.6,uniform,0.1,3810380059,-0.007768636205435657,6.035219324608585e-05,0.06923532485961914,-0.0020709449746287457,4.2889423131627805e-06,0.08562207221984863,ok
n,10040,10040,1000,0.6,uniform,0.1,315551706,0.003103523465905983,9.631397605934725e-06,0.07639288902282715,-0.005385375893690974,2.9003072260659407e-05,0.09784793853759766,ok
n,10040,10040,1000,0.6,uniform,0.1,1661335758,-0.006624281403342366,4.3881295975973075e-05,0.06895685195922852,-0.0037007585455450143,1.3695721001074676e-05,0.10138583183288574,ok
n,10040,10040,1000,0.6,uniform,0.1,2238733422,0.007149231056045197,5.111366796817365e-05,0.06852936744689941,0.008958084942902775,8.024999645239577e-05,0.06921768188476562,ok
n,10040,10040,1000,0.6,uniform,0.1,705137838,0.00276304793696258,7.633576328711939e-06,0.07492232322692871,-0.008655211448805735,7.491537166000342e-05,0.08452939987182617,ok
n,10040,10040,1000,0.6,uniform,0.1,4019671904,-0.008718199251911697,7.600781450860574e-05,0.0751492977142334,-0.0020291537688404116,4.117655015366582e-06,0.1036992073059082,ok
n,10040,10040,1000,0.6,uniform,0.1,4226428896,-0.012693462464235755,0.0001611215170090357,0.0831451416015625,0.002301301173073225,5.296435327765831e-06,0.10648727416992188,ok
n,10040,10040,1000,0.6,uniform,0.1,1183892242,-0.008259646493742017,6.822170600341424e-05,0.07596373558044434,-0.00692878887120726,4.800806975642188e-05,0.06364226341247559,ok
n,10040,10040,1000,0.6,uniform,0.1,955760583,0.007859239371810147,6.176924991538991e-05,0.07541298866271973,0.007858646995695377,6.175993889385148e-05,0.07962369918823242,ok
n,10040,10040,1000,0.6,uniform,0.1,913592208,-0.005539176485286959,3.068348961570132e-05,0.06960177421569824,-0.003346827626089326,1.1201867517477057e-05,0.08505487442016602,ok
n,10040,10040,1000,0.6,uniform,0.1,1850721787,-2.4514631670264045e-05,5.928185363301846e-10,0.07785940170288086,0.009053979996781529,8.197757361179225e-05,0.09838318824768066,ok
n,10040,10040,1000,0.6,uniform,0.1,230892138,-0.019131684408585346,0.00036603115850904693,0.07292985916137695,-0.00012135799251992754,1.4790056691104282e-08,0.07822585105895996,ok
n,10040,10040,1000,0.6,uniform,0.1,2136136033,-0.0063676197598165635,4.054620713518292e-05,0.08399844169616699,-0.006643906850310452,4.4141107725778625e-05,0.07983636856079102,ok
n,10040,10040,1000,0.6,uniform,0.1,3288771273,0.006385576065427134,4.0780706736412725e-05,0.0795297622680664,0.002860839693558076,8.186699944658276e-06,0.061092376708984375,ok
n,10040,10040,1000,0.6,uniform,0.1,2093097233,0.001756212275753834,3.0840120371379935e-06,0.051151275634765625,-0.0004676525850932611,2.187707169709913e-07,0.06850194931030273,ok
n,10040,10040,1000,0.6,uniform,0.1,1062107271,-0.017657248070304336,0.00031177610290168185,0.06298184394836426,-0.004805415713751865,2.3091392467702183e-05,0.08857488632202148,ok
n,10040,10040,1000,0.6,uniform,0.1,3862595890,0.004938147510121999,2.4385321464941165e-05,0.07290244102478027,-0.003215732775144434,1.0340923844747928e-05,0.08976078033447266,ok
n,10040,10040,1000,0.6,uniform,0.1,3417173326,-0.005922892807098455,3.5082715727512414e-05,0.08478188514709473,0.002831841731549728,8.018344376343906e-06,0.07975625991821289,ok
n,10040,10040,1000,0.6,uniform,0.1,4235191094,0.010145556949892706,0.00010293498080619791,0.09755635261535645,-0.001334754702751792,1.7812208450000878e-06,0.08754849433898926,ok
n,10040,10040,1000,0.6,uniform,0.1,1564779756,-0.0016039712482781843,2.573529874742831e-06,0.09525418281555176,-0.008391397022836623,7.041976100053107e-05,0.11001706123352051,ok
n,10040,10040,1000,0.6,uniform,0.1,2566364472,0.0011475332058572384,1.3163352777367463e-06,0.0973200798034668,0.0006699381936769892,4.4852694512682173e-07,0.08374238014221191,ok
n,10040,10040,1000,0.6,uniform,0.1,1204544033,0.007534773851701065,5.677434640941617e-05,0.09014701843261719,-0.002940586897777979,8.646454435524462e-06,0.07659292221069336,ok
n,10040,10040,1000,0.6,uniform,0.1,854034906,-0.007097202349869015,5.0370299089602654e-05,0.06688094139099121,-0.0024508127694666225,6.006489410367907e-06,0.06491827964782715,ok
n,10040,10040,1000,0.6,uniform,0.1,2813338848,-0.007683131058775867,5.9029968343507146e-05,0.07044124603271484,0.0051299729846404464,2.6316979722314557e-05,0.0868678092956543,ok
n,10040,10040,1000,0.6,uniform,0.1,3515602152,0.01158769339723901,0.00013427733644681182,0.06836986541748047,-0.0032670331337529427,1.0672744790264913e-05,0.07150053977966309,ok
n,10040,10040,1000,0.6,uniform,0.1,2629690941,0.00013172142310790863,1.7363236673726916e-08,0.08176732063293457,0.0016419836294406273,2.6962685675230144e-06,0.0846402645111084,ok
n,10040,10040,1000,0.6,uniform,0.1,811329192,-0.001279494202325983,1.6371514392275913e-06,0.09720182418823242,0.006601389726014767,4.35781088542363e-05,0.10001039505004883,ok
n,10040,10040,1000,0.6,uniform,0.1,2092684969,0.012040490511860293,0.00014497167201187703,0.07381272315979004,-0.0008772582465408242,7.697087935051696e-07,0.09418010711669922,ok
n,10040,10040,1000,0.6,uniform,0.1,4092812832,0.0034240157577758125,1.1723601148391006e-05,0.09631872177124023,-0.008582141055619939,7.3653853832494e-05,0.07617640495300293,ok
n,10040,10040,1000,0.6,uniform,0.1,1159970677,-0.009751337606241448,9.508612346645066e-05,0.09840822219848633,0.0027747209190251646,7.69977665426544e-06,0.0790400505065918,ok
n,10040,10040,1000,0.6,uniform,0.1,1011975993,-0.007024553175767549,4.934354025544087e-05,0.06303095817565918,-0.004314904715339014,1.861790695644367e-05,0.07248353958129883,ok
n,10040,10040,1000,0.6,uniform,0.1,3731647404,0.0020533635521573844,4.216300285553106e-06,0.055222272872924805,-0.007456228767248609,5.5595353209643485e-05,0.06104278564453125,ok
n,11040,11040,1000,0.6,uniform,0.1,2933360059,0.005854343102136417,3.4270553799403e-05,0.09180593490600586,-0.002529102144465824,6.39755843285386e-06,0.10052156448364258,ok
n,11040,11040,1000,0.6,uniform,0.1,53170217,0.008730468870923137,7.621898995831432e-05,0.07098865509033203,-0.0032779171328162606,1.0745527988455399e-05,0.08913826942443848,ok
n,11040,11040,1000,0.6,uniform,0.1,514027789,0.004197048834552541,1.7615547318981196e-05,0.09352374076843262,-0.0042940344719594485,1.8438396061439516e-05,0.1057279109954834,ok
n,11040,11040,1000,0.6,uniform,0.1,3255710565,0.005395879773100928,2.9117598051054133e-05,0.08589673042297363,-0.0024762138744626326,6.130680894886923e-06,0.0956869125366211,ok
n,11040,11040,1000,0.6,uniform,0.1,1919984157,-0.007058314309728394,4.981891232646166e-05,0.08848834037780762,-0.00056477308598731,3.188975432356124e-07,0.09749984741210938,ok
n,11040,11040,1000,0.6,uniform,0.1,1333218208,-0.007988022445786808,6.380859127285054e-05,0.08275699615478516,0.0033787523436689722,1.1415929890916267e-05,0.08409428596496582,ok
n,11040,11040,1000,0.6,uniform,0.1,2998596691,-0.0004632742723172789,2.1452528028463606e-07,0.07212448120117188,0.0008564434468959082,7.336761564330072e-07,0.05104804039001465,ok
n,11040,11040,1000,0.6,uniform,0.1,2682515406,0.012355830370202499,0.00015266569711606013,0.05893373489379883,-0.0033084303018097935,1.0945937864081356e-05,0.059316158294677734,ok
n,11040,11040,1000,0.6,uniform,0.1,2136895200,-0.013917919922476433,0.00019370650921140552,0.08062052726745605,-0.008102764213784428,6.565363183404395e-05,0.10222744941711426,ok
n,11040,11040,1000,0.6,uniform,0.1,3885469625,0.00023614916687087089,5.5842137722944644e-08,0.08236455917358398,0.0027404924076719346,7.511176957775234e-06,0.10288572311401367,ok
n,11040,11040,1000,0.6,uniform,0.1,973247062,-0.0010198094986688104,1.040149570123743e-06,0.08866739273071289,0.003604074763786646,1.2988866669311368e-05,0.10008072853088379,ok
n,11040,11040,1000,0.6,uniform,0.1,4270102141,0.014222607730933238,0.00020228738704450137,0.08265447616577148,0.002226082438821669,4.956196894274576e-06,0.09119105339050293,ok
n,11040,11040,1000,0.6,uniform,0.1,268980558,0.006658356550858603,4.4330810822139516e-05,0.08553600311279297,0.010729072316865694,0.00011510831794924476,0.10484981536865234,ok
n,11040,11040,1000,0.6,uniform,0.1,1638299767,-0.004823155208340178,2.326253061272331e-05,0.08825182914733887,0.008274729924442299,6.847166237998305e-05,0.09967947006225586,ok
n,11040,11040,1000,0.6,uniform,0.1,396906662,-0.003382690560906043,1.1441770095133322e-05,0.08087730407714844,0.006956246072197435,4.839105670261674e-05,0.07037949562072754,ok
n,11040,11040,1000,0.6,uniform,0.1,1582234959,0.011525638493181497,0.00013283906068736488,0.07780861854553223,-0.007183223602410671,5.1599500311834766e-05,0.06453776359558105,ok
n,11040,11040,1000,0.6,uniform,0.1,2186292471,0.008658975071123747,7.497913117625203e-05,0.08168148994445801,-0.0023623911715396936,5.580542320704395e-06,0.09058523178100586,ok
n,11040,11040,1000,0.6,uniform,0.1,3157912102,0.005605318589613312,3.141721416422544e-05,0.08519935607910156,0.007888029399693403,6.221765528604644e-05,0.08085894584655762,ok
n,11040,11040,1000,0.6,uniform,0.1,2780719163,-0.006261687335153765,3.920948380827289e-05,0.08172011375427246,0.0030643494927930968,9.389868079957498e-06,0.1012125015258789,ok
n,11040,11040,1000,0.6,uniform,0.1,3841969846,-0.019289166817362532,0.0003720762394042023,0.0898740291595459,0.011839204981349551,0.00014016414587646054,0.09179162979125977,ok
n,11040,11040,1000,0.6,uniform,0.1,2235841317,0.006465739955028212,4.18048277062273e-05,0.09285855293273926,0.005946605585863037,3.5361230051229276e-05,0.08100628852844238,ok
n,11040,11040,1000,0.6,uniform,0.1,3612021925,0.006007546770284334,3.60926274014076e-05,0.09552979469299316,-0.006960177315682546,4.844174051769593e-05,0.09921622276306152,ok
n,11040,11040,1000,0.6,uniform,0.1,1167538314,0.010537880385865409,0.00011104710538268702,0.09379911422729492,-0.003827980536556851,1.4653368745934308e-05,0.07325506210327148,ok
n,11040,11040,1000,0.6,uniform,0.1,1005840860,-0.010297124195823038,0.00010603039776882131,0.08416056632995605,-0.0022821649275095927,5.20819498897951e-06,0.07422065734863281,ok
n,11040,11040,1000,0.6,uniform,0.1,376828154,-0.002421337698374644,5.861641016532079e-06,0.08762788772583008,8.13047538531183e-05,6.652007457016111e-09,0.0949251651763916,ok
n,11040,11040,1000,0.6,uniform,0.1,2974066273,0.0006737951853676538,4.5407559135727844e-07,0.07741785049438477,-0.007970385157416396,6.35261448509969e-05,0.06554675102233887,ok
n,11040,11040,1000,0.6,uniform,0.1,2652310996,0.007384663483022743,5.453260955199233e-05,0.07722020149230957,0.006349782143201698,4.031917847951986e-05,0.10523819923400879,ok
n,11040,11040,1000,0.6,uniform,0.1,1551218136,0.002653056680680067,7.0387096466863556e-06,0.09520435333251953,0.007332356915360838,5.376345764621743e-05,0.08651590347290039,ok
n,11040,11040,1000,0.6,uniform,0.1,2021288505,-0.007494307507502616,5.616428375349756e-05,0.08768844604492188,0.0018980685555090955,3.6027557386413155e-06,0.08745050430297852,ok
n,11040,11040,1000,0.6,uniform,0.1,801631225,0.012119681036314216,0.00014688815256779647,0.08745336532592773,0.0018658091953688576,3.4814724390184036e-06,0.09398698806762695,ok
n,11040,11040,1000,0.6,uniform,0.1,2571092219,-0.002124814376486566,4.515191406236109e-06,0.08551430702209473,0.0020371234338172435,4.1495312886234415e-06,0.0962839126586914,ok
n,11040,11040,1000,0.6,uniform,0.1,7976562,0.00396860707215617,1.5749985051248687e-05,0.07871031761169434,-0.0029588507384517883,8.754691108598143e-06,0.08815598487854004,ok
n,11040,11040,1000,0.6,uniform,0.1,4201806330,0.011262144096174485,0.0001268281959653605,0.08719205856323242,0.004778875324575123,2.2834384770127193e-05,0.08505606651306152,ok
n,11040,11040,1000,0.6,uniform,0.1,1994382349,0.0042647857189415765,1.818891038781163e-05,0.09198236465454102,-0.008487541078817228,7.203733231407833e-05,0.09360146522521973,ok
n,11040,11040,1000,0.6,uniform,0.1,1631161152,0.010390530893831348,0.00010796312518812264,0.0691218376159668,0.00325098046932372,1.056887180063813e-05,0.10014843940734863,ok
n,11040,11040,1000,0.6,uniform,0.1,2189402024,-0.021729528533511,0.0004721606926998028,0.09871029853820801,0.002445673117872852,5.982635902909687e-06,0.09774971008300781,ok
n,11040,11040,1000,0.6,uniform,0.1,242260817,-0.0002155225659227034,4.644731291962468e-08,0.08519625663757324,-0.004264893709856553,1.8189265648627612e-05,0.08548760414123535,ok
n,11040,11040,1000,0.6,uniform,0.1,1858761362,-0.002350724504056542,5.5262193381632234e-06,0.07038354873657227,-0.004585635640041932,2.1028666055036085e-05,0.08338117599487305,ok
n,11040,11040,1000,0.6,uniform,0.1,622473148,-0.0036184194768700793,1.3091186225136361e-05,0.08462357521057129,0.000393216551826486,1.5481202755761533e-07,0.0891730785369873,ok
n,11040,11040,1000,0.6,uniform,0.1,1488350186,-5.3878827477449566e-05,2.9025051027559535e-09,0.08014130592346191,0.013613142703811004,0.00018531776114109617,0.08883404731750488,ok
n,11040,11040,1000,0.6,uniform,0.1,1782079470,0.009537844344942207,9.09703950582061e-05,0.08158755302429199,0.0012924136278532365,1.6703221871634503e-06,0.09900212287902832,ok
n,11040,11040,1000,0.6,uniform,0.1,3656226422,-0.008858983188659386,7.848013068380851e-05,0.08286046981811523,0.00529835692019549,2.807345474380433e-05,0.09746718406677246,ok
n,11040,11040,1000,0.6,uniform,0.1,2124628728,-0.00826643051538856,6.833183826580615e-05,0.07934451103210449,-0.003135514305392254,9.830678003302409e-06,0.1184086799621582,ok
n,11040,11040,1000,0.6,uniform,0.1,1217052542,-0.0006394465630866435,4.0848911793618454e-07,0.09610581398010254,0.007873492291718024,6.199684172290281e-05,0.07881712913513184,ok
n,11040,11040,1000,0.6,uniform,0.1,1356203877,-0.0025042841036853713,6.271627891106748e-06,0.07831168174743652,0.006535374665856472,4.2710628749215184e-05,0.07652401924133301,ok
n,11040,11040,1000,0.6,uniform,0.1,3120093812,-0.016352246606882014,0.00026738803315174987,0.08464813232421875,0.00811785330273061,6.590348202390874e-05,0.08818483352661133,ok
n,11040,11040,1000,0.6,uniform,0.1,2551855106,0.009526173350604648,9.074788737623631e-05,0.08397245407104492,-0.007775735002700958,6.0462129379964334e-05,0.09610271453857422,ok
n,11040,11040,1000,0.6,uniform,0.1,1920709490,0.0052362456788766455,2.7418155052909203e-05,0.08271932601928711,-0.003244832841452547,1.0529010662662663e-05,0.0808103084564209,ok
n,11040,11040,1000,0.6,uniform,0.1,2429318060,-0.0035249240608548954,1.2425341556265352e-05,0.0656273365020752,-0.00024876266878431154,6.190064529309303e-08,0.11219143867492676,ok
n,11040,11040,1000,0.6,uniform,0.1,1523381094,0.002525930143625847,6.381146771391445e-06,0.10054302215576172,-0.002705526051953256,7.3189890274831195e-06,0.08401775360107422,ok
n,12040,12040,1000,0.6,uniform,0.1,3031521641,-0.008164345539470628,6.665617236602099e-05,0.09363079071044922,0.003629154022874838,1.3170921490425275e-05,0.12393903732299805,ok
n,12040,12040,1000,0.6,uniform,0.1,3437786620,0.005414625404649527,2.931833682431185e-05,0.10153794288635254,-0.005999102923160587,3.598904913737382e-05,0.09267187118530273,ok
n,12040,12040,1000,0.6,uniform,0.1,2747561990,-0.00010598659267399187,1.1143238631009363e-08,0.09960556030273438,-0.0011713473183907646,1.3710589512846384e-06,0.10233163833618164,ok
n,12040,12040,1000,0.6,uniform,0.1,3029965517,-0.011443924043617965,0.0001309641261403903,0.07577085494995117,0.0029223080917095035,8.539698523430058e-06,0.09160852432250977,ok
n,12040,12040,1000,0.6,uniform,0.1,653328058,0.01052313166956133,0.00011073882753030299,0.08855962753295898,0.0021660463259303487,4.692276928164157e-06,0.09303593635559082,ok
n,12040,12040,1000,0.6,uniform,0.1,3797856279,0.012711886407569612,0.00016159713868876217,0.07722640037536621,-8.301547475953685e-05,6.858416832090611e-09,0.06904077529907227,ok
n,12040,12040,1000,0.6,uniform,0.1,2480112896,0.005232079457302182,2.7374381175609796e-05,0.09479093551635742,0.002760177035405898,7.6184325752984045e-06,0.10903573036193848,ok
n,12040,12040,1000,0.6,uniform,0.1,3877955567,0.0036344732818109583,1.3209725746815112e-05,0.09277629852294922,-0.0014253994134407197,2.031634181917405e-06,0.099639892578125,ok
n,12040,12040,1000,0.6,uniform,0.1,2705022390,0.004652008431962629,2.1640949942139093e-05,0.10355472564697266,0.0061600756786692685,3.794622448412063e-05,0.1266019344329834,ok
n,12040,12040,1000,0.6,uniform,0.1,4150775615,0.0026751709776364993,7.1560201696745105e-06,0.11169314384460449,-0.003408373779881732,1.1617673842385352e-05,0.11274218559265137,ok
n,12040,12040,1000,0.6,uniform,0.1,2505444029,-0.013104223904051648,0.00017171916254236222,0.09224438667297363,0.0037599408112887643,1.4137591490873506e-05,0.09080839157104492,ok
n,12040,12040,1000,0.6,uniform,0.1,593412277,0.011878205244150354,0.0001410942372743836,0.08114314079284668,-0.0016037085008057041,2.571546480399084e-06,0.0860741138458252,ok
n,12040,12040,1000,0.6,uniform,0.1,879247699,-0.0005011926104482621,2.51170973239866e-07,0.07713770866394043,0.002821593244046545,7.961518257926748e-06,0.09914112091064453,ok
n,12040,12040,1000,0.6,uniform,0.1,2629708436,0.00375793798722303,1.4121966488444187e-05,0.07293343544006348,0.002318440646202294,5.375085946635624e-06,0.09125375747680664,ok
n,12040,12040,1000,0.6,uniform,0.1,2260060097,-0.004800828832315353,2.3048750873361162e-05,0.09386825561523438,-7.476979553917292e-05,5.6028856772348254e-09,0.10603070259094238,ok
n,12040,12040,1000,0.6,uniform,0.1,3680982796,-0.0009651287259672428,9.316568163092516e-07,0.0861048698425293,0.001003834113908299,1.0074922346422764e-06,0.10017132759094238,ok
n,12040,12040,1000,0.6,uniform,0.1,2951302783,-0.0033081415547360498,1.0943072535297623e-05,0.07906508445739746,0.007298265246161854,5.3266281745269125e-05,0.1177060604095459,ok
n,12040,12040,1000,0.6,uniform,0.1,481137401,-0.0026059359530069856,6.7910355246976184e-06,0.10174870491027832,-0.00600504430099121,3.60608643059719e-05,0.10130429267883301,ok
n,12040,12040,1000,0.6,uniform,0.1,1041704611,0.001182886650217168,1.3991102662830223e-06,0.09050416946411133,-0.0051118159852798955,2.6131140465576343e-05,0.0863800048828125,ok
n,12040,12040,1000,0.6,uniform,0.1,3222230696,0.004027961591683974,1.6224017184323635e-05,0.07922124862670898,-0.00010908368813385655,1.1911641450200497e-08,0.10068440437316895,ok
n,12040,12040,1000,0.6,uniform,0.1,3007561204,0.0023460586006495703,5.503879894442462e-06,0.08590173721313477,-0.0024863564146982834,6.1820859270525965e-06,0.10200142860412598,ok
n,12040,12040,1000,0.6,uniform,0.1,4291021576,-0.005089836024099894,2.590819247769886e-05,0.08357071876525879,-0.0008382120825526417,7.028896474966905e-07,0.09452199935913086,ok
n,12040,12040,1000,0.6,uniform,0.1,327207776,0.0033451188222085233,1.1189624888989036e-05,0.09420514106750488,-0.006743794718540786,4.5479160422573584e-05,0.09736466407775879,ok
n,12040,12040,1000,0.6,uniform,0.1,4253131694,-0.003340964729182461,1.1161872003967991e-05,0.08397173881530762,0.0025915114194829986,6.716065877137957e-06,0.09630227088928223,ok
n,12040,12040,1000,0.6,uniform,0.1,1721215275,0.004449614516841463,1.9801602202831772e-05,0.09963393211364746,0.0003926258579932914,1.543786326594921e-07,0.1229393482208252,ok
n,12040,12040,1000,0.6,uniform,0.1,943495323,-0.007694621221263237,5.920599238634568e-05,0.11306095123291016,0.0018505982440439296,3.4250032812315248e-06,0.10820174217224121,ok
n,12040,12040,1000,0.6,uniform,0.1,2272924597,-0.011618005811835414,0.00013497663178537814,0.09678149223327637,0.0013770159301598852,1.8963420409351985e-06,0.08178138732910156,ok
n,12040,12040,1000,0.6,uniform,0.1,2497900072,0.0004516611299842338,2.0399697853445981e-07,0.08554220199584961,0.0010479486449131927,1.098194511301187e-06,0.09534978866577148,ok
n,12040,12040,1000,0.6,uniform,0.1,1590702770,-0.004681427784534152,2.1915655308783426e-05,0.08364224433898926,0.010959402433625712,0.00012010876107336006,0.09860754013061523,ok
n,12040,12040,1000,0.6,uniform,0.1,1339990500,-0.004096950867113483,1.6785184876081416e-05,0.07586097717285156,-0.0016343696653510027,2.6712353985854385e-06,0.09542989730834961,ok
n,12040,12040,1000,0.6,uniform,0.1,1637223083,-0.005218490911392164,2.723326320090786e-05,0.07750368118286133,0.003989244543281349,1.5913601280977507e-05,0.10721850395202637,ok
n,12040,12040,1000,0.6,uniform,0.1,1626347852,0.004099042519050636,1.6801176938695612e-05,0.0924077033996582,-0.0026968857727310215,7.273832820421795e-06,0.123565673828125,ok
n,12040,12040,1000,0.6,uniform,0.1,3263705762,0.002697218191133374,7.275137238886622e-06,0.1255483627319336,0.0026420412078406496,6.980529917754784e-06,0.12705636024475098,ok
n,12040,12040,1000,0.6,uniform,0.1,2587341888,-0.007000936504421025,4.901230557947916e-05,0.10693073272705078,0.008811021358682879,7.763511223351114e-05,0.13953018188476562,ok
n,12040,12040,1000,0.6,uniform,0.1,531375390,-0.0019713996783396193,3.88615759084129e-06,0.12634515762329102,0.0005144132967517919,2.646886546226928e-07,0.14678668975830078,ok
n,12040,12040,1000,0.6,uniform,0.1,858210110,0.0012367214654620013,1.5289924804687497e-06,0.14102983474731445,0.0024953226319692637,6.2256513679973515e-06,0.1237034797668457,ok
n,12040,12040,1000,0.6,uniform,0.1,3010924633,0.00427416814435973,1.8268718379064482e-05,0.1069340705871582,-0.00015747327154625983,2.479027708304331e-08,0.13084959983825684,ok
n,12040,12040,1000,0.6,uniform,0.1,3048116126,0.018146042888708473,0.00032927873527523015,0.11146426200866699,-0.001992681477430907,3.97079454172159e-06,0.12307929992675781,ok
n,12040,12040,1000,0.6,uniform,0.1,1632439216,-0.0011124511188280327,1.2375161703961181e-06,0.1246333122253418,-0.002289605678960784,5.242229700404259e-06,0.11995816230773926,ok
n,12040,12040,1000,0.6,uniform,0.1,282691399,0.007318701774754257,5.356346091121993e-05,0.1208486557006836,-0.01661189796728199,0.00027595500598673187,0.12257719039916992,ok
n,12040,12040,1000,0.6,uniform,0.1,4116390946,-0.007988212971150297,6.38126661155691e-05,0.12288999557495117,-0.006718275031180542,4.5136161041564174e-05,0.16619014739990234,ok
n,12040,12040,1000,0.6,uniform,0.1,1634551372,-0.004474841387711031,2.00236817256213e-05,0.1241292953491211,-0.004041143897885497,1.6330371042613377e-05,0.11925601959228516,ok
n,12040,12040,1000,0.6,uniform,0.1,2480645529,-0.002357444795072725,5.556616234823537e-06,0.1432507038116455,-0.004394277546651286,1.9307942112115375e-05,0.1143496036529541,ok
n,12040,12040,1000,0.6,uniform,0.1,429908640,-0.0028941263016992857,8.3752988277447e-06,0.11810898780822754,0.0018945566097711415,3.5897822022986303e-06,0.10019731521606445,ok
n,12040,12040,1000,0.6,uniform,0.1,2727163730,-0.00010145824171694842,1.0297507355084299e-08,0.10535764694213867,0.0033193841686154483,1.1018189153582996e-05,0.1551830768585205,ok
n,12040,12040,1000,0.6,uniform,0.1,3860996669,-0.003150519322878959,9.925643474170212e-06,0.1242372989654541,-0.009402640686627937,8.840926828766109e-05,0.11790966987609863,ok
n,12040,12040,1000,0.6,uniform,0.1,185112064,-0.0004894643098392965,2.3953119945733944e-07,0.09825968742370605,-0.0002449941360086119,6.000004850821316e-08,0.11704254150390625,ok
n,12040,12040,1000,0.6,uniform,0.1,2929636744,0.0008060967248038402,6.497977820708482e-07,0.11558294296264648,-0.0006800850933586066,4.625107967567627e-07,0.13031458854675293,ok
n,12040,12040,1000,0.6,uniform,0.1,802692228,-0.004669555230572905,2.18053629154898e-05,0.12957191467285156,-0.005212460318389775,2.71704311540074e-05,0.12588167190551758,ok
n,13040,13040,1000,0.6,uniform,0.1,1273409177,-0.0006402737300280955,4.100310874576512e-07,0.11668753623962402,-0.004130515458979864,1.7061678145405856e-05,0.10724139213562012,ok
n,12040,12040,1000,0.6,uniform,0.1,4077057923,-0.0017721517860397908,3.140351067648067e-06,0.15716981887817383,0.004381194490570698,1.919528764225821e-05,0.14040780067443848,ok
n,13040,13040,1000,0.6,uniform,0.1,2349047107,0.007712115099429213,5.947676510137935e-05,0.09499263763427734,0.003863825021956785,1.4929166743694636e-05,0.14180469512939453,ok
n,13040,13040,1000,0.6,uniform,0.1,3504747436,-0.0075643338319957305,5.7216315579480214e-05,0.11092829704284668,-0.006150912417489556,3.783142176558503e-05,0.11640191078186035,ok
n,13040,13040,1000,0.6,uniform,0.1,1548304997,-0.009188838560034447,8.443305121158437e-05,0.14479684829711914,0.001713884584415621,2.9377179950862703e-06,0.13000011444091797,ok
n,13040,13040,1000,0.6,uniform,0.1,3875157589,0.00035069949980689194,1.2300395923238253e-07,0.1362619400024414,-0.006566454105018888,4.3118060755738544e-05,0.13759112358093262,ok
n,13040,13040,1000,0.6,uniform,0.1,3996306628,0.004101365402635194,1.682106248052775e-05,0.11960434913635254,-0.0054534574862291465,2.9740378971391876e-05,0.15179705619812012,ok
n,13040,13040,1000,0.6,uniform,0.1,2751779740,0.0028046213957625362,7.866136242610066e-06,0.13350534439086914,0.0017668017986382021,3.1217366806240496e-06,0.14929962158203125,ok
n,13040,13040,1000,0.6,uniform,0.1,4106268225,-0.003363867078064901,1.131544555784913e-05,0.1263258457183838,0.001971218085855408,3.8857922528548625e-06,0.13563990592956543,ok
n,13040,13040,1000,0.6,uniform,0.1,1819899361,0.0018838857587411084,3.5488684459309915e-06,0.10715770721435547,-0.0027322861420795565,7.4656154245984264e-06,0.14430618286132812,ok
n,13040,13040,1000,0.6,uniform,0.1,3615948290,-0.004481885441128731,2.0088272776769578e-05,0.11114001274108887,0.002236887890893768,5.003180502206065e-06,0.16748046875,ok
n,13040,13040,1000,0.6,uniform,0.1,3919628378,-0.008933715094789749,7.98132947560438e-05,0.11141133308410645,0.002667726134303201,7.116156750163235e-06,0.13514399528503418,ok
n,13040,13040,1000,0.6,uniform,0.1,3761395684,0.0024124280654552253,5.820522442870837e-06,0.11646246910095215,-0.0040910354594008115,1.6735361610731066e-05,0.1675245761871338,ok
n,13040,13040,1000,0.6,uniform,0.1,2630878682,0.004972330991713004,2.472399255017654e-05,0.13376998901367188,0.009673563531177487,9.357767003177318e-05,0.1196897029876709,ok
n,13040,13040,1000,0.6,uniform,0.1,3064498969,0.007794708739002256,6.075843248186556e-05,0.11528611183166504,0.0017797305356059235,3.167657270384022e-06,0.13090252876281738,ok
n,13040,13040,1000,0.6,uniform,0.1,4183962123,0.0026733857616545393,7.1466102345999974e-06,0.17204928398132324,0.007928101068647466,6.285365608287134e-05,0.14086008071899414,ok
n,13040,13040,1000,0.6,uniform,0.1,2286517031,-0.009811655587936492,9.626974773611362e-05,0.1301441192626953,0.0015614784554312657,2.4380299867887706e-06,0.15174365043640137,ok
n,13040,13040,1000,0.6,uniform,0.1,3333922188,0.0019472715407231366,3.7919679317867667e-06,0.14299273490905762,0.0004379968884201835,1.918641001946196e-07,0.13462376594543457,ok
n,13040,13040,1000,0.6,uniform,0.1,1664721977,-0.0036653593642965864,1.3435283561096513e-05,0.11266398429870605,0.001359157838168981,1.8471527013711401e-06,0.12435293197631836,ok
n,13040,13040,1000,0.6,uniform,0.1,2778177708,0.002316192893430473,5.36392863661043e-06,0.12549042701721191,0.003770687925193304,1.4216751038270592e-05,0.11889815330505371,ok
n,13040,13040,1000,0.6,uniform,0.1,1141000209,-0.003260804081481508,1.0632442871779762e-05,0.11377310752868652,0.0011819871488198187,1.3972387583743093e-06,0.1330549716949463,ok
n,13040,13040,1000,0.6,uniform,0.1,372699495,-0.0005890449612867787,3.4696239292281066e-07,0.12069487571716309,0.00908808232378651,8.259341888720877e-05,0.13059353828430176,ok
n,13040,13040,1000,0.6,uniform,0.1,3193308060,0.0014742109839671978,2.173824195387759e-06,0.16182422637939453,-0.0008496019051584156,7.215202105554248e-07,0.1725022792816162,ok
n,13040,13040,1000,0.6,uniform,0.1,2176985659,0.0016038681859960465,2.5717575107208694e-06,0.13620924949645996,0.005258816853101977,2.7653070423170395e-05,0.15915870666503906,ok
n,13040,13040,1000,0.6,uniform,0.1,3161840222,-0.0019557877240418747,3.824302203297674e-06,0.15511178970336914,-0.0034700162246387284,1.2039587118312773e-05,0.13157916069030762,ok
n,13040,13040,1000,0.6,uniform,0.1,1936361869,-0.007045981209222611,4.964671294228982e-05,0.1320970058441162,0.0007878736574000497,6.206485452136738e-07,0.13694024085998535,ok
n,13040,13040,1000,0.6,uniform,0.1,402762008,-0.011175650411280685,0.00012489503417968147,0.1542985439300537,-0.00040791595752619273,1.663907587371733e-07,0.1401658058166504,ok
n,13040,13040,1000,0.6,uniform,0.1,3866804770,0.009076374854531437,8.238130220479921e-05,0.11135101318359375,-0.002544824293873937,6.475928337885268e-06,0.12860465049743652,ok
n,13040,13040,1000,0.6,uniform,0.1,368584701,-0.0046894376615594915,2.1990607904719345e-05,0.12341666221618652,0.0006985085951828494,4.879466819248374e-07,0.14020514488220215,ok
n,13040,13040,1000,0.6,uniform,0.1,3120665742,0.0003441980487617013,1.1852626644150155e-07,0.1104273796081543,0.0007096749741799275,5.037498382843975e-07,0.13266754150390625,ok
n,13040,13040,1000,0.6,uniform,0.1,1032906391,-0.003001818156233482,9.011491223060115e-06,0.11514139175415039,-0.004110336919973603,1.6895662379371753e-05,0.1548600196838379,ok
n,13040,13040,1000,0.6,uniform,0.1,1625584030,-0.007255527908308735,5.264213511572845e-05,0.12458372116088867,-0.0043736255599611095,1.9128268931995035e-05,0.1397101879119873,ok
n,13040,13040,1000,0.6,uniform,0.1,2323844010,0.0030891247932122996,9.54231877462934e-06,0.1794888973236084,-0.004038927474255589,1.6313423114782703e-05,0.1876225471496582,ok
n,13040,13040,1000,0.6,uniform,0.1,2667669763,0.005976188673396276,3.5716124035003915e-05,0.09582686424255371,-0.013099433414135652,0.00017159232168810108,0.14560842514038086,ok
n,13040,13040,1000,0.6,uniform,0.1,2236137389,0.0031685229281744583,1.0038369790397218e-05,0.1603846549987793,-0.006191174349812999,3.8332921681237785e-05,0.15368890762329102,ok
n,13040,13040,1000,0.6,uniform,0.1,2205570475,0.0031227496355556907,9.75128154445238e-06,0.10970377922058105,0.002713254548274844,7.361503709981922e-06,0.12418389320373535,ok
n,13040,13040,1000,0.6,uniform,0.1,3315655125,0.00011747985945991294,1.3805643566957053e-08,0.1076352596282959,0.00029989270727530485,8.994616838451977e-08,0.136871337890625,ok
n,13040,13040,1000,0.6,uniform,0.1,3885986222,0.004901105337204917,2.4020818498737033e-05,0.14823484420776367,-0.005702993468562912,3.252415198884631e-05,0.14361906051635742,ok
n,13040,13040,1000,0.6,uniform,0.1,1636439691,-0.00027180019157109313,7.391391163293759e-08,0.09293079376220703,-0.0006835412267670434,4.673255931719673e-07,0.13379883766174316,ok
n,13040,13040,1000,0.6,uniform,0.1,607838908,-0.002510331212345592,6.301969600284857e-06,0.1360180377960205,0.004105342451253319,1.6853498442661185e-05,0.17850232124328613,ok
n,13040,13040,1000,0.6,uniform,0.1,1703569883,0.016910764324237527,0.0002859723149300188,0.13893699645996094,-0.006016021958692134,3.619310189911602e-05,0.18264031410217285,ok
n,13040,13040,1000,0.6,uniform,0.1,4282615791,-0.0009178097252628767,8.425119203123249e-07,0.15206122398376465,0.004166611984709254,1.7360032481084e-05,0.12695837020874023,ok
n,13040,13040,1000,0.6,uniform,0.1,844598255,0.005043806188283808,2.543909068401177e-05,0.15563535690307617,0.004510301934378942,2.034202751725175e-05,0.17312884330749512,ok
n,13040,13040,1000,0.6,uniform,0.1,533646470,0.01064864935837948,0.00011339774222025665,0.12442898750305176,0.00018830901986621404,3.5531217394752104e-08,0.15482091903686523,ok
n,13040,13040,1000,0.6,uniform,0.1,3087626457,0.0033326137953676466,1.1106070487893573e-05,0.13850784301757812,-0.00577844013518728,3.339079385626418e-05,0.14373016357421875,ok
n,13040,13040,1000,0.6,uniform,0.1,3359975563,-0.0008215877759335127,6.748051312494743e-07,0.12500286102294922,-0.002463570804664999,6.06857734489051e-06,0.12851333618164062,ok
n,13040,13040,1000,0.6,uniform,0.1,523298135,-0.0006329484425746633,4.00640513911494e-07,0.12415313720703125,0.00035375119879431057,1.2513053102725983e-07,0.16120457649230957,ok
n,13040,13040,1000,0.6,uniform,0.1,656589803,-0.003392937162649002,1.1511319970860443e-05,0.12805819511413574,-0.00041659312030189316,1.7346356803055816e-07,0.13533759117126465,ok
n,13040,13040,1000,0.6,uniform,0.1,4012559980,0.002603084598738633,6.7754476233014514e-06,0.12121987342834473,-0.004745476440896254,2.2520643791440146e-05,0.1412804126739502,ok
n,13040,13040,1000,0.6,uniform,0.1,1338099747,-0.003845848841116367,1.4791969681237874e-05,0.10978364944458008,-0.0005354195138072087,2.868712724958835e-07,0.16451478004455566,ok
n,13040,13040,1000,0.6,uniform,0.1,332455103,0.00697529743457756,4.865588711150413e-05,0.14684438705444336,0.00217090160931099,4.713160138535076e-06,0.14389991760253906,ok
n,14040,14040,1000,0.6,uniform,0.1,646397771,-0.008804323506438545,7.751615643361634e-05,0.15987777709960938,-0.0068929591584824925,4.751292042998073e-05,0.15366530418395996,ok
n,14040,14040,1000,0.6,uniform,0.1,150134081,-0.010566499723798717,0.00011165228998436589,0.13261890411376953,0.004113094546135245,1.6917012077689073e-05,0.1379711627960205,ok
n,14040,14040,1000,0.6,uniform,0.1,1542033262,0.014063612341413916,0.00019778404666938404,0.11766171455383301,-0.002058210513775959,4.2363981532321685e-06,0.15650224685668945,ok
n,14040,14040,1000,0.6,uniform,0.1,1838173148,0.0005657539741045968,3.2019822656860564e-07,0.1154637336730957,-0.005114228194212864,2.615423934380383e-05,0.13698649406433105,ok
n,14040,14040,1000,0.6,uniform,0.1,748282804,0.0032695790420446034,1.0689489751873078e-05,0.1443169116973877,-0.0004695686062235555,2.205890959190122e-07,0.17491841316223145,ok
n,14040,14040,1000,0.6,uniform,0.1,3166772364,0.002234063875545549,4.991147351259923e-06,0.1539769172668457,-0.001879603782068685,3.532821237750933e-06,0.17758488655090332,ok
n,14040,14040,1000,0.6,uniform,0.1,3729274638,-0.0013850737230654564,1.9188787793661306e-06,0.13863062858581543,-0.0009641353506834772,9.298699171846134e-07,0.16647624969482422,ok
n,14040,14040,1000,0.6,uniform,0.1,3519267435,-0.02440334005082872,0.0005955255681839986,0.14932012557983398,-0.0032764379401330375,1.0735389630351298e-05,0.163618803024292,ok
n,14040,14040,1000,0.6,uniform,0.1,4064018027,0.004266894278972051,1.8207295264734975e-05,0.1703338623046875,-0.007340487695191413,5.38811967496046e-05,0.16794347763061523,ok
n,14040,14040,1000,0.6,uniform,0.1,1144338687,-0.005527702188470585,3.0554814253421354e-05,0.1456315517425537,-0.0010315050332808447,1.0638762610445542e-06,0.14503908157348633,ok
n,14040,14040,1000,0.6,uniform,0.1,904713768,0.014011945030014013,0.00019633268030317183,0.13979148864746094,-0.0013322247084081164,1.7750055344414576e-06,0.15746140480041504,ok
n,14040,14040,1000,0.6,uniform,0.1,3144836164,-0.0031538616918812437,9.947516400222061e-06,0.13575243949890137,-0.007899324626645122,6.240101474147531e-05,0.15915918350219727,ok
n,14040,14040,1000,0.6,uniform,0.1,4244452150,0.0027627634011997276,7.633415901509148e-06,0.12375640869140625,0.001608977241101768,2.5891305741052066e-06,0.1588137149810791,ok
n,14040,14040,1000,0.6,uniform,0.1,1364987265,-0.007121145201571452,5.0710529830263336e-05,0.10978221893310547,0.0013185868835603074,1.738704542291781e-06,0.13143181800842285,ok
n,14040,14040,1000,0.6,uniform,0.1,983257073,0.006161614787258228,3.7964345901818084e-05,0.11142396926879883,0.009465712123948028,8.959793797490793e-05,0.15124177932739258,ok
n,14040,14040,1000,0.6,uniform,0.1,200106878,-0.0027869557280087074,7.767202408961332e-06,0.14116382598876953,0.001247388613829587,1.5559424675728323e-06,0.1628100872039795,ok
n,14040,14040,1000,0.6,uniform,0.1,3409133805,0.0057362819941013735,3.2905419726641604e-05,0.1405339241027832,0.0014383768145441336,2.0690503814823612e-06,0.16445088386535645,ok
n,14040,14040,1000,0.6,uniform,0.1,583796232,0.0033391431269612984,1.1150192226914648e-05,0.13788890838623047,-0.006130254347489447,3.7579439327383657e-05,0.1673264503479004,ok
n,14040,14040,1000,0.6,uniform,0.1,1014287778,-0.005261756502400461,2.7686761897589427e-05,0.13427948951721191,-0.0013754696177697414,1.8920945369032428e-06,0.12158703804016113,ok
n,14040,14040,1000,0.6,uniform,0.1,3221967790,0.0001766781335403938,3.122568445391371e-08,0.1359577178955078,0.011474759421619764,0.00013167078707525015,0.16384196281433105,ok
n,14040,14040,1000,0.6,uniform,0.1,475520944,0.0010789313466740412,1.1635898322214078e-06,0.1138753890991211,-0.002163821186935304,4.683131107579425e-06,0.14119338989257812,ok
n,14040,14040,1000,0.6,uniform,0.1,1582002519,0.012589970724163914,0.00015850888232872706,0.14639854431152344,0.0004662063560891766,2.1740463677473237e-07,0.1559000015258789,ok
n,14040,14040,1000,0.6,uniform,0.1,2501495164,0.007026363232679435,4.93694590529568e-05,0.1632537841796875,-0.004067045758500227,1.6541047135890097e-05,0.1423020362854004,ok
n,14040,14040,1000,0.6,uniform,0.1,1753277766,0.006726169651722745,4.524070610298515e-05,0.16856765747070312,0.0036940459903175506,1.3645617653621891e-05,0.147019624710083,ok
n,14040,14040,1000,0.6,uniform,0.1,3055630987,-0.00922513728536377,8.51006814127187e-05,0.16893982887268066,-7.867322067883028e-05,6.168373408021113e-09,0.14532971382141113,ok
n,14040,14040,1000,0.6,uniform,0.1,1831260958,-0.005781085674533128,3.342126412209298e-05,0.14497756958007812,-0.005335839690845153,2.8471473680693552e-05,0.13400673866271973,ok
n,14040,14040,1000,0.6,uniform,0.1,4132142155,0.0028248863399451744,7.97975264380765e-06,0.09827661514282227,-0.004914095483757631,2.4148734859955473e-05,0.1481342315673828,ok
n,14040,14040,1000,0.6,uniform,0.1,3451999487,-0.0066512039667748725,4.42399913296466e-05,0.16856598854064941,-0.00021251560221926622,4.521008931064166e-08,0.17102766036987305,ok
n,14040,14040,1000,0.6,uniform,0.1,991066759,-0.004352401145440465,1.8943949332947395e-05,0.10803890228271484,-0.0042266545718902555,1.786514647802287e-05,0.17309045791625977,ok
n,14040,14040,1000,0.6,uniform,0.1,3131420146,-0.008433392901961404,7.11239980895291e-05,0.1288890838623047,-0.0018407144073609599,3.3886403686241455e-06,0.1590898036956787,ok
n,14040,14040,1000,0.6,uniform,0.1,1642489830,0.0014872886369062636,2.211883720217024e-06,0.1239938735961914,0.0010127776377270032,1.0256206437361703e-06,0.10712480545043945,ok
n,14040,14040,1000,0.6,uniform,0.1,761462855,0.010097386767356034,0.00010195702521369574,0.12277722358703613,-0.003151288611011454,9.930680553962427e-06,0.14962005615234375,ok
n,14040,14040,1000,0.6,uniform,0.1,834355118,0.0010204448290739778,1.041133717494016e-06,0.13512778282165527,0.006800906435128947,4.6251169104599554e-05,0.1712033748626709,ok
n,14040,14040,1000,0.6,uniform,0.1,3784542855,-0.009040065857769735,8.172209258202365e-05,0.14241862297058105,-0.0013074763512410897,1.7093934387759843e-06,0.1450331211090088,ok
n,14040,14040,1000,0.6,uniform,0.1,854613098,0.003168107266144798,1.0036473966600947e-05,0.13802456855773926,0.003566986494645494,1.272290887012131e-05,0.1197667121887207,ok
n,14040,14040,1000,0.6,uniform,0.1,4253829335,0.0005556347398404004,3.087336803232287e-07,0.133331298828125,-0.008749591530390134,7.655529342969512e-05,0.12099814414978027,ok
n,14040,14040,1000,0.6,uniform,0.1,2880337009,-0.0019724929227091185,3.891330894423861e-06,0.11541962623596191,-0.007063515928910792,4.989541500621004e-05,0.1314103603363037,ok
n,14040,14040,1000,0.6,uniform,0.1,37537681,7.00222736707578e-05,4.914042200015918e-09,0.14972805976867676,-0.0051539003811604065,2.6561885590077256e-05,0.1655137538909912,ok
n,14040,14040,1000,0.6,uniform,0.1,127889041,-0.009324422819709475,8.694592200531863e-05,0.13805580139160156,-0.00021218285515286694,4.504571280344148e-08,0.14850282669067383,ok
n,14040,14040,1000,0.6,uniform,0.1,1449141795,0.005906479846298558,3.488790681178481e-05,0.14678740501403809,-2.74043984080113e-05,7.445073759382368e-10,0.1527853012084961,ok
n,14040,14040,1000,0.6,uniform,0.1,2985113763,0.006979854610891562,4.871657553926753e-05,0.14134788513183594,-0.00204520341561463,4.1833829509041406e-06,0.15424013137817383,ok
n,14040,14040,1000,0.6,uniform,0.1,525330096,0.0006562349412583943,4.306236713462829e-07,0.1398460865020752,-0.0035498055470072347,1.2601231000663878e-05,0.13951992988586426,ok
n,14040,14040,1000,0.6,uniform,0.1,3371994253,-9.39701078346859e-06,9.097769448305149e-11,0.14129638671875,0.003916456802241689,1.53375278021172e-05,0.1517198085784912,ok
n,14040,14040,1000,0.6,uniform,0.1,4205621426,-0.0008128774356174873,6.604859419313821e-07,0.12564682960510254,0.0009129853850262987,8.338611100384205e-07,0.15656185150146484,ok
n,14040,14040,1000,0.6,uniform,0.1,3728863279,0.0018432727553303206,3.3978624975350753e-06,0.1338050365447998,-0.008636319608998876,7.45850416405014e-05,0.11767578125,ok
n,14040,14040,1000,0.6,uniform,0.1,670116249,0.004879456873552155,2.380955854703057e-05,0.1247873306274414,0.0008539928839726574,7.293842100574013e-07,0.13503813743591309,ok
n,14040,14040,1000,0.6,uniform,0.1,2255409613,0.006918522981779031,4.786450100789183e-05,0.12128925323486328,0.005763439249834855,3.3216016374912136e-05,0.11905765533447266,ok
n,14040,14040,1000,0.6,uniform,0.1,2598053075,0.007430950242082449,5.5218723334497576e-05,0.11615920066833496,0.003923528756535704,1.539392047252663e-05,0.11449098587036133,ok
n,14040,14040,1000,0.6,uniform,0.1,1395360292,-0.00575679411706975,3.3140405257092124e-05,0.13219356536865234,0.0021483022048032767,4.6153043342212276e-06,0.1417858600616455,ok
n,14040,14040,1000,0.6,uniform,0.1,2864350075,-0.007462614677241174,5.569108221363649e-05,0.11467361450195312,-0.0014213256370016138,2.0202550151619234e-06,0.13330793380737305,ok
n,15040,15040,1000,0.6,uniform,0.1,2235013842,-0.006696506404295703,4.4843680896131874e-05,0.12778663635253906,0.0043891818110993125,1.9264600476817233e-05,0.1467268466949463,ok
n,15040,15040,1000,0.6,uniform,0.1,2642598978,-0.003775742117119961,1.4256483512700642e-05,0.1334855556488037,-0.004022947696194307,1.61843798378609e-05,0.15345478057861328,ok
n,15040,15040,1000,0.6,uniform,0.1,2073222979,0.008086201556227036,6.538695630609113e-05,0.14373469352722168,-0.00211683855245011,4.480926739593947e-06,0.14521408081054688,ok
n,15040,15040,1000,0.6,uniform,0.1,348212053,0.008319818328661431,6.921570117138064e-05,0.1213226318359375,0.004526584509514219,2.048796741475885e-05,0.13588356971740723,ok
n,15040,15040,1000,0.6,uniform,0.1,1081199296,-0.003982452449353979,1.585971883641727e-05,0.134596586227417,-0.006877704172657065,4.730245430398905e-05,0.1298048496246338,ok
n,15040,15040,1000,0.6,uniform,0.1,2596236063,-0.010401449360294445,0.00010818992219918215,0.14293575286865234,-0.003410716731603283,1.1632914320849973e-05,0.12202191352844238,ok
n,15040,15040,1000,0.6,uniform,0.1,948933059,-0.016837298272979508,0.0002834931765387553,0.11415886878967285,-0.0053644220126409575,2.8776565826916337e-05,0.14766955375671387,ok
n,15040,15040,1000,0.6,uniform,0.1,2157296314,-0.002048676718951649,4.197249993597482e-06,0.11239743232727051,-0.00245059685350757,6.0056327092522385e-06,0.09408926963806152,ok
n,15040,15040,1000,0.6,uniform,0.1,2322937853,-0.002798552510996709,7.832386490736176e-06,0.09920620918273926,0.003515189286512541,1.235593984158347e-05,0.10135936737060547,ok
n,15040,15040,1000,0.6,uniform,0.1,1562136834,0.0011198122693429052,1.2538024932665043e-06,0.11200189590454102,0.0074061631792624325,5.485008220092399e-05,0.12540125846862793,ok
n,15040,15040,1000,0.6,uniform,0.1,1581060254,-0.010573475028428118,0.00011179895176125293,0.12303400039672852,-0.006405925539277444,4.1036231943824585e-05,0.15870976448059082,ok
n,15040,15040,1000,0.6,uniform,0.1,862409531,0.004260299466659271,1.8148490434652443e-05,0.10302948951721191,0.0064294799049835274,4.1335704944530494e-05,0.12707185745239258,ok
n,15040,15040,1000,0.6,uniform,0.1,3523742726,0.0007890288504640853,6.225310802490542e-07,0.1222386360168457,0.00032871771614039364,1.0804056976610658e-07,0.14697718620300293,ok
n,15040,15040,1000,0.6,uniform,0.1,529431540,-0.01296003577365736,0.0001679684380306103,0.13347578048706055,-0.00398789131340538,1.5905095949623824e-05,0.13264846801757812,ok
n,15040,15040,1000,0.6,uniform,0.1,3862065641,-0.0034211311334183597,1.1704192713706121e-05,0.09134554862976074,0.0027888621400899735,7.777707623791733e-06,0.11205935478210449,ok
n,15040,15040,1000,0.6,uniform,0.1,1121070805,-0.00239083274716115,5.716139823236222e-06,0.10259389877319336,0.006245675716996095,3.900831208344598e-05,0.11464214324951172,ok
n,15040,15040,1000,0.6,uniform,0.1,935750472,-0.003107994290606107,9.659622199483523e-06,0.10446929931640625,0.001595574348286881,2.5458607408158244e-06,0.1372816562652588,ok
n,15040,15040,1000,0.6,uniform,0.1,3897957152,-0.003727104562729701,1.3891431215274022e-05,0.1302196979522705,-0.007940009618995218,6.304401434219368e-05,0.11687994003295898,ok
n,15040,15040,1000,0.6,uniform,0.1,3912092607,0.009924144824845627,9.849007988673403e-05,0.1224219799041748,0.0007539394914792754,5.685333520899365e-07,0.12855863571166992,ok
n,15040,15040,1000,0.6,uniform,0.1,2024016016,0.005895522711639995,3.4757686645435476e-05,0.12011218070983887,-0.0033887599654840134,1.1483407508926734e-05,0.13429522514343262,ok
n,15040,15040,1000,0.6,uniform,0.1,2997708231,0.0017064064156873694,2.9115597650714848e-06,0.1352558135986328,0.002340019895726873,5.475332330467407e-06,0.1624746322631836,ok
n,15040,15040,1000,0.6,uniform,0.1,3146520954,0.010972678569477933,0.00012040030203837902,0.12423896789550781,-0.002122618867654111,4.5053895582261406e-06,0.1671311855316162,ok
n,15040,15040,1000,0.6,uniform,0.1,380192083,-0.006167193239603785,3.8034642003706296e-05,0.14338350296020508,-0.0005805505707670853,3.37073753644848e-07,0.1330125331878662,ok
n,15040,15040,1000,0.6,uniform,0.1,3815883421,-0.00355672759853572,1.2650329657996065e-05,0.13136625289916992,0.0001577189755091826,2.487445719585472e-08,0.14900517463684082,ok
n,15040,15040,1000,0.6,uniform,0.1,2548760693,-0.002997438116411618,8.984321228151765e-06,0.13387084007263184,-0.005274751283606883,2.782244848025941e-05,0.12913203239440918,ok
n,15040,15040,1000,0.6,uniform,0.1,3869384197,0.006925702428282717,4.7965246537596286e-05,0.13266348838806152,-0.0005730061255534311,3.2834492136731954e-07,0.12385845184326172,ok
n,15040,15040,1000,0.6,uniform,0.1,915786591,0.005294567776804319,2.8032187739190403e-05,0.10840940475463867,-0.0032196324985801694,1.0366191657214088e-05,0.15454888343811035,ok
n,15040,15040,1000,0.6,uniform,0.1,2962807432,0.0020093891318651485,4.037986466112423e-06,0.12247896194458008,0.0003926220431160624,1.5421885678779704e-07,0.13251304626464844,ok
n,15040,15040,1000,0.6,uniform,0.1,2408851630,-0.0011556685686789146,1.3355221832577014e-06,0.13034367561340332,-0.000379243226242089,1.4380978573212187e-07,0.12901091575622559,ok
n,15040,15040,1000,0.6,uniform,0.1,3771063557,0.0008990237406407173,8.081600881177606e-07,0.15161371231079102,0.001997927717808876,3.99152938031448e-06,0.14480948448181152,ok
n,15040,15040,1000,0.6,uniform,0.1,218193298,-0.00983249258688435,9.668093885753768e-05,0.1304152011871338,0.0007147284603867578,5.106166627095777e-07,0.1538388729095459,ok
n,15040,15040,1000,0.6,uniform,0.1,3781377586,-0.004668357501793628,2.17939240860093e-05,0.15340876579284668,-0.004311272662704145,1.8587406579614814e-05,0.11686396598815918,ok
n,15040,15040,1000,0.6,uniform,0.1,1167231131,0.004587501986111704,2.104540966310004e-05,0.18568968772888184,-0.00039842688213433054,1.5872355470498373e-07,0.12463712692260742,ok
n,15040,15040,1000,0.6,uniform,0.1,1098129949,-0.0006223812421476538,3.8738844833964656e-07,0.10956311225891113,0.0016870491030619747,2.8460532568578745e-06,0.13298821449279785,ok
n,15040,15040,1000,0.6,uniform,0.1,3887966540,0.008533680411920735,7.282423869910296e-05,0.125990629196167,-0.0012702727706082335,1.6135129296985556e-06,0.14313721656799316,ok
n,15040,15040,1000,0.6,uniform,0.1,2103712417,-0.0020741255200525124,4.301563277215693e-06,0.11707329750061035,-0.0026698989316846313,7.1278024176382e-06,0.12003421783447266,ok
n,15040,15040,1000,0.6,uniform,0.1,3400924432,0.011758224359140588,0.00013825627672984568,0.11027097702026367,0.0002376934270137572,5.650699249647596e-08,0.12849664688110352,ok
n,15040,15040,1000,0.6,uniform,0.1,4220846490,-0.0027756718645267618,7.704858922673579e-06,0.1328115463256836,-0.0017471307850215542,3.0527836151871945e-06,0.10039401054382324,ok
n,15040,15040,1000,0.6,uniform,0.1,231848602,-0.0013232507121063832,1.751029705663448e-06,0.12016463279724121,0.007641111824732955,5.838637476976786e-05,0.1331775188446045,ok
n,15040,15040,1000,0.6,uniform,0.1,2511571679,0.005896751909533613,3.477178164686663e-05,0.10258889198303223,0.0012776116936504959,1.6323129951018606e-06,0.13680148124694824,ok
n,15040,15040,1000,0.6,uniform,0.1,879350528,-0.002104758907601568,4.429935521495337e-06,0.10679078102111816,0.0020790830953623402,4.322660146397944e-06,0.12128806114196777,ok
n,15040,15040,1000,0.6,uniform,0.1,1878844500,0.0004127172531627967,1.7040664693452244e-07,0.10966920852661133,0.005965895740458303,3.559293987784658e-05,0.11901021003723145,ok
n,15040,15040,1000,0.6,uniform,0.1,3301112718,-0.005955879837982374,3.547209154709087e-05,0.12095499038696289,0.006478044837077183,4.196551422823844e-05,0.17575931549072266,ok
n,15040,15040,1000,0.6,uniform,0.1,1265509254,0.017670158444321855,0.0003122337578839222,0.13549423217773438,0.008152715761986234,6.646643215096403e-05,0.16971516609191895,ok
n,15040,15040,1000,0.6,uniform,0.1,2563612171,-0.0049152714995312095,2.4158855344807133e-05,0.11170315742492676,0.006916147895702315,4.783456308534994e-05,0.13931775093078613,ok
n,15040,15040,1000,0.6,uniform,0.1,3309141160,-0.0013867954800361492,1.9232150539476024e-06,0.12119913101196289,0.003288293660234721,1.0812843540044496e-05,0.13709640502929688,ok
n,15040,15040,1000,0.6,uniform,0.1,2142181601,-0.0063075564432714575,3.9783310135055056e-05,0.12157702445983887,0.00235911003282959,5.566132554257157e-06,0.11203956604003906,ok
n,15040,15040,1000,0.6,uniform,0.1,2967740014,0.007991356038921446,6.386048414224469e-05,0.11619353294372559,0.0011499445554493878,1.3221872601525798e-06,0.13483381271362305,ok
n,15040,15040,1000,0.6,uniform,0.1,1488530908,0.0033900777357548503,1.149355182066783e-05,0.12522363662719727,0.009011097946948413,8.120234428124601e-05,0.13228774070739746,ok
n,15040,15040,1000,0.6,uniform,0.1,1853713147,0.001395031135662636,1.945917377070937e-06,0.10975432395935059,-0.002786190683420567,7.763246983970434e-06,0.11780142784118652,ok
n,16040,16040,1000,0.6,uniform,0.1,2893584588,0.0008779998251393524,7.708600048824739e-07,0.14892911911010742,-0.0027300769891075876,7.453394023519852e-06,0.16849255561828613,ok
n,16040,16040,1000,0.6,uniform,0.1,935972274,-0.007702438671133442,5.932704273507865e-05,0.1393287181854248,-0.002662919488935616,7.090960861730154e-06,0.12779474258422852,ok
n,16040,16040,1000,0.6,uniform,0.1,2056858154,0.014658443942082686,0.00021487335036842774,0.1273496150970459,0.0059987323619667505,3.598616971715709e-05,0.14958548545837402,ok
n,16040,16040,1000,0.6,uniform,0.1,3422416041,0.0038361946483492578,1.4716921264254282e-05,0.14289045333862305,0.0027980377052203415,7.829402946030925e-06,0.15186786651611328,ok
n,16040,16040,1000,0.6,uniform,0.1,1938994459,-0.0014808993952824339,2.193070342301997e-06,0.14353179931640625,0.0035379589593244488,1.2517136101945295e-05,0.15877485275268555,ok
n,16040,16040,1000,0.6,uniform,0.1,1950808285,-0.0022714605772623207,5.160344083433223e-06,0.13793659210205078,0.004863506330954401,2.365195762111966e-05,0.14944076538085938,ok
n,16040,16040,1000,0.6,uniform,0.1,2231954617,0.008940914609816192,7.994042821107781e-05,0.19791650772094727,-0.0036415189661246255,1.3260467266038882e-05,0.16730928421020508,ok
n,16040,16040,1000,0.6,uniform,0.1,965676073,-0.011082775152519394,0.00012282616629483254,0.12966251373291016,-0.0040799625022653815,1.664545391482758e-05,0.1165170669555664,ok
n,16040,16040,1000,0.6,uniform,0.1,1744255009,0.006349491685142807,4.031676157412331e-05,0.12765717506408691,0.0002519658603049786,6.351524702002077e-08,0.18116092681884766,ok
n,16040,16040,1000,0.6,uniform,0.1,360542530,0.0037633745627451013,1.416275562445752e-05,0.1410384178161621,-0.0076395377001623015,5.836300819250267e-05,0.1555018424987793,ok
n,16040,16040,1000,0.6,uniform,0.1,1455279388,-0.0073540977145856515,5.408248535083856e-05,0.16074895858764648,-0.0024809058391579604,6.154803425497097e-06,0.15347599983215332,ok
n,16040,16040,1000,0.6,uniform,0.1,2927445132,0.009871755480084113,9.744753060749801e-05,0.14311552047729492,0.007368844388271047,5.4296862652282246e-05,0.14854097366333008,ok
n,16040,16040,1000,0.6,uniform,0.1,347725038,0.011084107324588368,0.0001228541066716278,0.13033246994018555,-0.0026669295973084668,7.113314372843771e-06,0.1363391876220703,ok
n,16040,16040,1000,0.6,uniform,0.1,1806323017,0.0003371843250638929,1.1364010213882774e-07,0.11670470237731934,-0.0017370587474521812,3.017647028252403e-06,0.1356351375579834,ok
n,16040,16040,1000,0.6,uniform,0.1,1484103815,0.009434834835434284,8.90139398502007e-05,0.09339737892150879,-0.001446746282476595,2.0934073442147666e-06,0.13871383666992188,ok
n,16040,16040,1000,0.6,uniform,0.1,634140832,0.0007047333436305212,4.965899472184659e-07,0.10157346725463867,0.0023709039315113196,5.620986491509217e-06,0.14045238494873047,ok
n,16040,16040,1000,0.6,uniform,0.1,3526958498,0.015820035630599576,0.0002502750470071132,0.14504790306091309,-0.0043976950963169024,1.9339299725794503e-05,0.1520695686340332,ok
n,16040,16040,1000,0.6,uniform,0.1,548705476,0.001857132001213422,3.4489391111881512e-06,0.13857150077819824,-0.00021480124043699373,4.613959125392519e-08,0.131378173828125,ok
n,16040,16040,1000,0.6,uniform,0.1,3652618712,0.001637102605455529,2.680693817219311e-06,0.13591599464416504,-0.004249445188819501,1.805625597607131e-05,0.1525726318359375,ok
n,16040,16040,1000,0.6,uniform,0.1,2159387378,0.014244186521915218,0.00020289671252291062,0.14169955253601074,0.0022293161506433605,4.969829034873416e-06,0.11878657341003418,ok
n,16040,16040,1000,0.6,uniform,0.1,4053621251,-0.005206587201894489,2.7109635476904297e-05,0.11035537719726562,0.0001253848524721872,1.569523894012158e-08,0.12174558639526367,ok
n,16040,16040,1000,0.6,uniform,0.1,1604716227,0.0002166602800945467,4.6934878822964497e-08,0.11530113220214844,-0.004253761793438355,1.8094622870640702e-05,0.1256849765777588,ok
n,16040,16040,1000,0.6,uniform,0.1,1302511439,0.00341202986656706,1.1642186206359283e-05,0.11300873756408691,0.004272112464765604,1.825124340064931e-05,0.11754560470581055,ok
n,16040,16040,1000,0.6,uniform,0.1,2840580115,0.0022604602316845875,5.1096772428379746e-06,0.12188053131103516,0.003164295307763395,1.0012760292564428e-05,0.11721682548522949,ok
n,16040,16040,1000,0.6,uniform,0.1,3872273980,0.006704130559210345,4.4945706269982017e-05,0.13196897506713867,-0.0004376245146509058,1.9149304097981533e-07,0.16409611701965332,ok
n,16040,16040,1000,0.6,uniform,0.1,1028648192,-0.0094769419383172,8.980928543871765e-05,0.15983319282531738,0.007106602343466422,5.050615384773852e-05,0.15305423736572266,ok
n,16040,16040,1000,0.6,uniform,0.1,697130855,0.0067766366888927934,4.592462004096e-05,0.14104866981506348,-0.0045268135941925365,2.0490828768940765e-05,0.13590407371520996,ok
n,16040,16040,1000,0.6,uniform,0.1,2813572786,-0.00012263443584084203,1.5042097372496957e-08,0.1155233383178711,0.0012193263103069999,1.486727892874983e-06,0.15192413330078125,ok
n,16040,16040,1000,0.6,uniform,0.1,2927496353,-0.006012019606651746,3.614546685848025e-05,0.14449596405029297,-0.0011796271579627387,1.3917335413678693e-06,0.14557600021362305,ok
n,16040,16040,1000,0.6,uniform,0.1,2941518253,-0.000999132207427306,9.982969980578375e-07,0.13477182388305664,-0.0008632534604288384,7.452340383202076e-07,0.14395666122436523,ok
n,16040,16040,1000,0.6,uniform,0.1,457128479,-0.004838974353050104,2.3415296417369035e-05,0.12232565879821777,-0.005306981520858276,2.816364008920066e-05,0.14662456512451172,ok
n,16040,16040,1000,0.6,uniform,0.1,3459319322,0.0032428982538772635,1.0516386346544101e-05,0.1337282657623291,-0.00430543187551604,1.8536747270419544e-05,0.1374492645263672,ok
n,16040,16040,1000,0.6,uniform,0.1,226083293,-0.010540759568896274,0.00011110628374035852,0.13787603378295898,0.002949905682213345,8.702315342794372e-06,0.15916895866394043,ok
n,16040,16040,1000,0.6,uniform,0.1,1546304478,0.008151872465240932,6.64536810995483e-05,0.13170719146728516,-0.003064982489201009,9.39387086096925e-06,0.14601588249206543,ok
n,16040,16040,1000,0.6,uniform,0.1,3570656722,-0.002654589583045851,7.0468706110665756e-06,0.14443135261535645,-0.007191262465064776,5.1714322906986814e-05,0.15573787689208984,ok
n,16040,16040,1000,0.6,uniform,0.1,1505147888,0.0017142557987239603,2.9388055649419553e-06,0.14484548568725586,0.0029150585886974613,8.497792094739248e-06,0.12281942367553711,ok
n,16040,16040,1000,0.6,uniform,0.1,279402279,0.0036140044941367295,1.3059352719804768e-05,0.13798022270202637,0.0009130790753009188,8.332900558033913e-07,0.12508654594421387,ok
n,16040,16040,1000,0.6,uniform,0.1,2692958289,-0.001612569776272646,2.6006996344017787e-06,0.1271049976348877,0.0031648872207741593,1.0015886341899755e-05,0.1373584270477295,ok
n,16040,16040,1000,0.6,uniform,0.1,979750019,0.01183835573676508,0.00014014525210394725,0.12068438529968262,-0.0013697349712180054,1.8763375512368394e-06,0.12156343460083008,ok
n,16040,16040,1000,0.6,uniform,0.1,2945380207,-0.005316187164422093,2.826265950608638e-05,0.10126566886901855,0.00369196307999835,1.3630026410937663e-05,0.12956500053405762,ok
n,16040,16040,1000,0.6,uniform,0.1,865846511,0.002572262446460166,6.616359933597658e-06,0.12406706809997559,-0.0055844345055426825,3.118628685498163e-05,0.15501809120178223,ok
n,16040,16040,1000,0.6,uniform,0.1,2488754364,0.008685110550669752,7.54307633408793e-05,0.13202190399169922,-0.004418824022916755,1.952620006846846e-05,0.1545882225036621,ok
n,16040,16040,1000,0.6,uniform,0.1,3277871705,-0.004912648487786636,2.4133859173991295e-05,0.14323210716247559,0.0025561286511851604,6.533926878376457e-06,0.1288750171661377,ok
n,16040,16040,1000,0.6,uniform,0.1,646397793,-0.009451673614387849,8.933427686536587e-05,0.11874246597290039,-0.004048969713504358,1.639421689413582e-05,0.15111804008483887,ok
n,16040,16040,1000,0.6,uniform,0.1,2923094979,-0.0026805064926085876,7.184497047144333e-06,0.1317431926727295,0.0026064461122485214,6.794162296894471e-06,0.12227559089660645,ok
n,16040,16040,1000,0.6,uniform,0.1,1614336560,0.010661386532048407,0.00011366494667784694,0.12212944030761719,0.002944228063138647,8.668419207905237e-06,0.09640860557556152,ok
n,16040,16040,1000,0.6,uniform,0.1,208846441,-0.006719704281144721,4.5154199167158245e-05,0.11747097969055176,0.001130497871751745,1.2780635369598355e-06,0.1277632713317871,ok
n,16040,16040,1000,0.6,uniform,0.1,1223539889,0.0105478910882318,0.00011125782483955363,0.09457945823669434,-0.00038888662704039364,1.512395029975057e-07,0.12185549736022949,ok
n,16040,16040,1000,0.6,uniform,0.1,417239999,0.0038193133914423633,1.4587532008613144e-05,0.14545083045959473,0.0009324397437114597,8.695359728553273e-07,0.16266560554504395,ok
n,16040,16040,1000,0.6,uniform,0.1,2668125319,0.0050203913201991935,2.5206162013816146e-05,0.149796724319458,0.0006611750448806127,4.373938719537579e-07,0.13717889785766602,ok
n,17040,17040,1000,0.6,uniform,0.1,3837893465,0.00035847138178492417,1.2849378273227106e-07,0.1368405818939209,0.006440498050457408,4.147987232278114e-05,0.1540510654449463,ok
n,17040,17040,1000,0.6,uniform,0.1,713749519,0.00032471927207198447,1.0545306935079729e-07,0.12712383270263672,-0.0020347633410463598,4.140196288101764e-06,0.12566041946411133,ok
n,17040,17040,1000,0.6,uniform,0.1,2579313988,0.010620460144828429,0.00011279389880219367,0.13228845596313477,0.0048267609698978906,2.329749653123679e-05,0.1540381908416748,ok
n,17040,17040,1000,0.6,uniform,0.1,55341023,-0.0005044343119594989,2.5468044643085827e-07,0.1097574234008789,-0.00824591809167389,6.799886649747588e-05,0.12184000015258789,ok
n,17040,17040,1000,0.6,uniform,0.1,3669532467,0.00873489523261972,7.629899537888178e-05,0.1297001838684082,0.0022353118426902113,4.9967727459056085e-06,0.13854622840881348,ok
n,17040,17040,1000,0.6,uniform,0.1,2086336876,0.006855725268948539,4.700082783752798e-05,0.10677194595336914,0.004705806964139889,2.2144522314286596e-05,0.11510658264160156,ok
n,17040,17040,1000,0.6,uniform,0.1,2307427934,0.00939540888600696,8.827400432353518e-05,0.15983104705810547,0.0023267850321746805,5.414001937544741e-06,0.15798306465148926,ok
n,17040,17040,1000,0.6,uniform,0.1,3315716658,0.001700817721206525,2.892735157830161e-06,0.14963245391845703,0.0015730612679507121,2.474479427270897e-06,0.15252900123596191,ok
n,17040,17040,1000,0.6,uniform,0.1,3957073644,-0.00701616126293109,4.922664889697321e-05,0.14161109924316406,0.0035099393836881695,1.231960942808691e-05,0.14202547073364258,ok
n,17040,17040,1000,0.6,uniform,0.1,3407202230,-0.003425808312090643,1.1736642891358714e-05,0.13857507705688477,-0.00038806236345884136,1.506468088428163e-07,0.13911962509155273,ok
n,17040,17040,1000,0.6,uniform,0.1,3384156749,-0.00016797690476069374,2.822989283126293e-08,0.12292075157165527,0.0024909556419043955,6.204657584015104e-06,0.1580967903137207,ok
n,17040,17040,1000,0.6,uniform,0.1,3269167935,-0.008462477376234135,7.161252696421054e-05,0.1343533992767334,-0.00035759972571087584,1.2783546306122568e-07,0.14255475997924805,ok
n,17040,17040,1000,0.6,uniform,0.1,2454870698,-0.006948339985107523,4.8280591590031234e-05,0.12589430809020996,-0.00025689579355920407,6.603845575576272e-08,0.14897823333740234,ok
n,17040,17040,1000,0.6,uniform,0.1,3082644643,-0.005572300357071813,3.104972790738856e-05,0.11015033721923828,-0.0012477749222888437,1.5567623682332931e-06,0.1396503448486328,ok
n,17040,17040,1000,0.6,uniform,0.1,2771261136,-0.014326948243708563,0.00020525770417575962,0.1601850986480713,-0.00026425429362386877,6.97613325331616e-08,0.14690113067626953,ok
n,17040,17040,1000,0.6,uniform,0.1,2736732000,-0.003571657674376721,1.2756820696881237e-05,0.14247870445251465,0.007002322222086514,4.903235543749567e-05,0.15936565399169922,ok
n,17040,17040,1000,0.6,uniform,0.1,1120606650,0.010433176091062205,0.00010885165771758952,0.13268446922302246,-0.004538109175793251,2.0594219856344552e-05,0.1337282657623291,ok
n,17040,17040,1000,0.6,uniform,0.1,1282027436,0.005105699026684067,2.606842513594381e-05,0.13411688804626465,0.00014666873300184078,2.1519261019945686e-08,0.1208186149597168,ok
n,17040,17040,1000,0.6,uniform,0.1,3543492260,-0.0025635323231614025,6.571626492966995e-06,0.12388730049133301,-0.0033749074715913505,1.1389906339256428e-05,0.12263035774230957,ok
n,17040,17040,1000,0.6,uniform,0.1,1905937494,-0.006265443381596365,3.9255695981882785e-05,0.10299921035766602,0.006083115183043164,3.700437264904032e-05,0.13234853744506836,ok
n,17040,17040,1000,0.6,uniform,0.1,3122294870,0.004985800475308327,2.485814957571546e-05,0.13498592376708984,-0.009690127953404785,9.389869015433265e-05,0.14898896217346191,ok
n,17040,17040,1000,0.6,uniform,0.1,3879742522,-2.1431821360727322e-05,4.593750674709383e-10,0.12190127372741699,9.66282277621943e-05,9.336779505942191e-09,0.1270461082458496,ok
n,17040,17040,1000,0.6,uniform,0.1,3055837116,0.007879891900660933,6.209266650073519e-05,0.1256248950958252,-0.0010619538266980649,1.1277499549254053e-06,0.13768529891967773,ok
n,17040,17040,1000,0.6,uniform,0.1,3900186793,-0.0014420250792406156,2.079207179944441e-06,0.12770462036132812,2.4370899532059458e-05,5.978198930765899e-10,0.15617036819458008,ok
n,17040,17040,1000,0.6,uniform,0.1,2650556147,0.002159315813858766,4.663602130695715e-06,0.13861703872680664,-0.0026322359725833226,6.9274993054511015e-06,0.12634015083312988,ok
n,17040,17040,1000,0.6,uniform,0.1,4265879195,-0.003083483663800626,9.50750529960066e-06,0.13279151916503906,-0.004666434809086021,2.1775059623489964e-05,0.12825226783752441,ok
n,17040,17040,1000,0.6,uniform,0.1,311913004,-0.014577185820740319,0.00021249332797198379,0.10447812080383301,-4.395049476144902e-06,1.9010606124745275e-11,0.1302483081817627,ok
n,17040,17040,1000,0.6,uniform,0.1,2999761462,-0.006287561810278115,3.953397731069477e-05,0.12203693389892578,0.002602641533451555,6.773517859521584e-06,0.10436105728149414,ok
n,17040,17040,1000,0.6,uniform,0.1,1063313624,0.0014872267520969877,2.2118577350245958e-06,0.1375582218170166,5.8782027733525126e-05,3.4558929123658404e-09,0.15514254570007324,ok
n,17040,17040,1000,0.6,uniform,0.1,103668356,0.00464084642733371,2.153666087984979e-05,0.10584855079650879,0.005178685447258422,2.6817896180885135e-05,0.10938620567321777,ok
n,17040,17040,1000,0.6,uniform,0.1,1697227531,0.0005647759887026152,3.1893509014810366e-07,0.12482762336730957,0.002329011463854124,5.424142527926643e-06,0.1596207618713379,ok
n,17040,17040,1000,0.6,uniform,0.1,3666501177,-0.0006890507069292133,4.7482359734757953e-07,0.13302254676818848,-0.0007155262469182146,5.120117878666939e-07,0.1552906036376953,ok
n,17040,17040,1000,0.6,uniform,0.1,2769582788,-0.006403283882266109,4.10019054277621e-05,0.15000581741333008,0.0005170606389995239,2.673629326485281e-07,0.15480279922485352,ok
n,17040,17040,1000,0.6,uniform,0.1,139431891,-0.0022141032490271633,4.902579000473327e-06,0.1501789093017578,0.003949104672164901,1.5594846619904658e-05,0.14782261848449707,ok
n,17040,17040,1000,0.6,uniform,0.1,3729569258,-0.008300564258636985,6.890109242586592e-05,0.12082600593566895,-0.0004110998801437418,1.6908857585537385e-07,0.12054324150085449,ok
n,17040,17040,1000,0.6,uniform,0.1,187234168,-0.010726119860480237,0.00011504963404667767,0.11280298233032227,0.001656595984641974,2.74431229727887e-06,0.14055347442626953,ok
n,17040,17040,1000,0.6,uniform,0.1,546878224,-0.008753901692616849,7.662906796983256e-05,0.12235546112060547,0.0007406769431530965,5.487484573327206e-07,0.12464213371276855,ok
n,17040,17040,1000,0.6,uniform,0.1,3539198255,-0.011070564110841924,0.00012255768932582727,0.12792563438415527,0.00650576526796014,4.232480566191563e-05,0.13271880149841309,ok
n,17040,17040,1000,0.6,uniform,0.1,2874772651,0.0013130698864623374,1.7241594998167353e-06,0.14577531814575195,0.0025003925212606875,6.251976038751879e-06,0.13241791725158691,ok
n,17040,17040,1000,0.6,uniform,0.1,659595274,-0.010603285722599665,0.00011243021619802309,0.1282954216003418,0.0072481901513435365,5.253588581282554e-05,0.13052988052368164,ok
n,17040,17040,1000,0.6,uniform,0.1,1607586923,0.003993645513955857,1.5949473162256564e-05,0.12023091316223145,0.007336261971994378,5.382123326526355e-05,0.1531383991241455,ok
n,17040,17040,1000,0.6,uniform,0.1,2829513317,-0.009112727646122247,8.304256994659417e-05,0.1264040470123291,0.004454069967229096,1.983836546360458e-05,0.14907002449035645,ok
n,17040,17040,1000,0.6,uniform,0.1,1111779657,0.00375945527194172,1.4132831346629424e-05,0.13782715797424316,-0.004974503297223353,2.4746573049097537e-05,0.15233850479125977,ok
n,17040,17040,1000,0.6,uniform,0.1,4223693063,0.0006470190318474284,4.1864663343422844e-07,0.10738778114318848,0.0008586929128507782,7.373707793083812e-07,0.11089587211608887,ok
n,17040,17040,1000,0.6,uniform,0.1,1218192117,0.0010812427361247688,1.1690526938151322e-06,0.1276240348815918,-0.009181391082251616,8.42982237913435e-05,0.12994885444641113,ok
n,17040,17040,1000,0.6,uniform,0.1,935199500,0.0005890814955817269,3.470214498433263e-07,0.11359643936157227,-0.008121596470772286,6.596026800112785e-05,0.13875269889831543,ok
n,17040,17040,1000,0.6,uniform,0.1,1177872355,-0.014663528163225205,0.00021502041516941703,0.13512372970581055,-0.004012500371226289,1.6100530550939165e-05,0.14297246932983398,ok
n,17040,17040,1000,0.6,uniform,0.1,903494354,0.005168423041706668,2.6712553765193505e-05,0.10736894607543945,0.0008056071464826643,6.489961762582969e-07,0.13554620742797852,ok
n,17040,17040,1000,0.6,uniform,0.1,2477530263,0.010193155230999867,0.00010389867431772697,0.11980628967285156,0.004061463280343598,1.6494790979476482e-05,0.12731385231018066,ok
n,17040,17040,1000,0.6,uniform,0.1,3486132925,-0.007989493031521952,6.383028191379624e-05,0.11241292953491211,-0.004909418399364818,2.4101333962875385e-05,0.15006303787231445,ok
n,18040,18040,1000,0.6,uniform,0.1,1250027667,-0.00017108435473357731,2.927952889535511e-08,0.14986085891723633,0.0005601102351734251,3.136918124516249e-07,0.1321713924407959,ok
n,18040,18040,1000,0.6,uniform,0.1,754377388,-0.013578113292195191,0.00018436715049901535,0.13013029098510742,-0.0059017262926986105,3.483123815704484e-05,0.1360623836517334,ok
n,18040,18040,1000,0.6,uniform,0.1,2584536647,0.006153459722470141,3.786288120013842e-05,0.11933064460754395,0.005697921543546457,3.2464286343852254e-05,0.13367056846618652,ok
n,18040,18040,1000,0.6,uniform,0.1,1141053077,-0.001217278440221372,1.4818106119112118e-06,0.1296858787536621,-0.0005683037835308713,3.229896442832959e-07,0.11989521980285645,ok
n,18040,18040,1000,0.6,uniform,0.1,654828855,-0.003100474337626358,9.61378865689484e-06,0.14017891883850098,0.00698049331930506,4.8725378869818295e-05,0.1795654296875,ok
n,18040,18040,1000,0.6,uniform,0.1,2385651412,-0.005118861727987658,2.620331027992373e-05,0.1576685905456543,0.0023578389928980937,5.5591445226236816e-06,0.16330838203430176,ok
n,18040,18040,1000,0.6,uniform,0.1,1823978178,-0.0006260711898154658,3.9199705854020155e-07,0.11860108375549316,0.0014808189355156795,2.1927492139395182e-06,0.14485502243041992,ok
n,18040,18040,1000,0.6,uniform,0.1,780549501,0.0045869321640548185,2.1039472142935703e-05,0.12601208686828613,-0.0017971704871188924,3.230007687275246e-06,0.14866137504577637,ok
n,18040,18040,1000,0.6,uniform,0.1,388982695,0.009434551146618656,8.901097229936064e-05,0.11760854721069336,-0.0037891757529035994,1.435776574898169e-05,0.15692710876464844,ok
n,18040,18040,1000,0.6,uniform,0.1,2842105981,0.0008771943681550172,7.692622501633505e-07,0.13360810279846191,-0.000698768259324251,4.884425655709135e-07,0.1468062400817871,ok
n,18040,18040,1000,0.6,uniform,0.1,1847670441,-0.005271638632981243,2.7789831096980584e-05,0.13457822799682617,-0.000832014228617011,6.921935771343576e-07,0.13008546829223633,ok
n,18040,18040,1000,0.6,uniform,0.1,2678931767,-0.0016230977323057727,2.6344652334273933e-06,0.11963033676147461,0.0065527913659464984,4.29389980400673e-05,0.11753630638122559,ok
n,18040,18040,1000,0.6,uniform,0.1,3414069505,-0.0007226824810287494,5.222261272715193e-07,0.13384389877319336,0.0010717191470758847,1.1486469477152374e-06,0.16233134269714355,ok
n,18040,18040,1000,0.6,uniform,0.1,1307605394,-0.0023305647297860383,5.431981781582367e-06,0.16343021392822266,0.0018301518577369296,3.349102601738453e-06,0.130540132522583,ok
n,18040,18040,1000,0.6,uniform,0.1,1061434426,0.0017454104915195074,3.0465557178026048e-06,0.14283299446105957,-0.00034451345952282546,1.1867019429901981e-07,0.14068317413330078,ok
n,18040,18040,1000,0.6,uniform,0.1,2958452440,0.00045589107747050765,2.078679125040526e-07,0.11627531051635742,0.004578012241317648,2.0958509759756553e-05,0.11588883399963379,ok
n,18040,18040,1000,0.6,uniform,0.1,3603739857,-0.004023000114829411,1.618469300243811e-05,0.11891555786132812,0.00022103617784449825,4.884803230675565e-08,0.14425086975097656,ok
n,18040,18040,1000,0.6,uniform,0.1,921199751,-0.0035408143153660542,1.25367620517667e-05,0.14298486709594727,-0.0018188714225583981,3.307983006618306e-06,0.14790105819702148,ok
n,18040,18040,1000,0.6,uniform,0.1,979020940,-0.002854381428516189,8.146703017796802e-06,0.1341562271118164,0.005057375119759697,2.5578443442054918e-05,0.1357576847076416,ok
n,18040,18040,1000,0.6,uniform,0.1,571815043,0.003596724223715356,1.2936364046520522e-05,0.12156009674072266,0.002036557453357983,4.147531667337942e-06,0.13101673126220703,ok
n,18040,18040,1000,0.6,uniform,0.1,228024626,-0.010668302821779213,0.00011381350104297464,0.15776562690734863,0.009338796003561448,8.721239653800322e-05,0.1502981185913086,ok
n,18040,18040,1000,0.6,uniform,0.1,4083091461,0.009327204902079736,8.699662489012924e-05,0.139801025390625,-0.00020539414654076462,4.21895388267996e-08,0.15732932090759277,ok
n,18040,18040,1000,0.6,uniform,0.1,1149987941,-0.006383195773504497,4.074558414776952e-05,0.13702964782714844,0.00011321282269925123,1.2810123113839203e-08,0.1490929126739502,ok
n,18040,18040,1000,0.6,uniform,0.1,2235314756,0.006012432291691091,3.6149649072688286e-05,0.12992525100708008,0.0003142493380160022,9.876869345439773e-08,0.12784290313720703,ok
n,18040,18040,1000,0.6,uniform,0.1,575712469,0.004511313749648967,2.035111927994757e-05,0.1360921859741211,0.0010609990358800723,1.1255231756500137e-06,0.1585524082183838,ok
n,18040,18040,1000,0.6,uniform,0.1,396453377,-0.002671844246799256,7.139239043443319e-06,0.12594270706176758,0.002964199296352568,8.785936794015502e-06,0.15912294387817383,ok
n,18040,18040,1000,0.6,uniform,0.1,2714760672,-0.008240881249122688,6.7912186650717e-05,0.10048747062683105,0.0001307583854566658,1.709675752654089e-08,0.1359713077545166,ok
n,18040,18040,1000,0.6,uniform,0.1,4043407446,-0.0011196040790424013,1.2532371696961495e-06,0.12972569465637207,0.0030078571702920652,9.047946630434477e-06,0.1451098918914795,ok
n,18040,18040,1000,0.6,uniform,0.1,1058454311,0.0007712755636778998,5.947929046058679e-07,0.14244866371154785,4.6656794232906414e-05,2.1724370906263797e-09,0.16835451126098633,ok
n,18040,18040,1000,0.6,uniform,0.1,3625203751,0.006389249355298787,4.0821031477683295e-05,0.14892959594726562,0.0014291993722127224,2.0422807265138374e-06,0.17734146118164062,ok
n,18040,18040,1000,0.6,uniform,0.1,787294906,0.00021144182252261332,4.468393405133988e-08,0.14545798301696777,0.0036105508616749455,1.3035672601116567e-05,0.17421603202819824,ok
n,18040,18040,1000,0.6,uniform,0.1,3231751365,-0.005783643419160075,3.345180038868299e-05,0.1536564826965332,-0.0036086574968132844,1.3023200833843503e-05,0.15008139610290527,ok
n,18040,18040,1000,0.6,uniform,0.1,859446658,0.004892076825090826,2.3932333185116115e-05,0.13179969787597656,0.002165089116643816,4.687574380948049e-06,0.1514732837677002,ok
n,18040,18040,1000,0.6,uniform,0.1,1296474101,-0.008863233644258221,7.855701505390345e-05,0.15305829048156738,0.004322846363585327,1.868694975408517e-05,0.1425187587738037,ok
n,18040,18040,1000,0.6,uniform,0.1,3679232261,-0.006228925277265767,3.879902593396732e-05,0.12468266487121582,0.00012769612722521003,1.6316228299101275e-08,0.144073486328125,ok
n,18040,18040,1000,0.6,uniform,0.1,3960061236,0.010757678471120597,0.00011573041426767293,0.09781360626220703,0.0006160166497758623,3.796350426032226e-07,0.11416029930114746,ok
n,18040,18040,1000,0.6,uniform,0.1,1198796242,0.0017107104879390445,2.9257028879438816e-06,0.14338397979736328,0.003894038030641364,1.5161648529219448e-05,0.15160703659057617,ok
n,18040,18040,1000,0.6,uniform,0.1,14189465,-0.0046002160433834165,2.116259368363947e-05,0.13982200622558594,0.0013519779118432067,1.8276661685759536e-06,0.16922998428344727,ok
n,18040,18040,1000,0.6,uniform,0.1,3281717585,-0.001286557812981045,1.6547073074422926e-06,0.11661267280578613,-0.0007308143351488557,5.33792129345285e-07,0.14446568489074707,ok
n,18040,18040,1000,0.6,uniform,0.1,3187028374,0.0014472673138151751,2.094518439061042e-06,0.14992976188659668,0.0027191238451375163,7.393513793412654e-06,0.15656399726867676,ok
n,18040,18040,1000,0.6,uniform,0.1,2670706277,-0.0010588517983404191,1.121204451078671e-06,0.12705278396606445,-0.002446163950592622,5.983804290126714e-06,0.11621928215026855,ok
n,18040,18040,1000,0.6,uniform,0.1,49308260,0.006433999393949793,4.139674570711798e-05,0.11872506141662598,-0.0025612851730157935,6.560023497356469e-06,0.15790033340454102,ok
n,18040,18040,1000,0.6,uniform,0.1,3436399828,0.0016122259019272357,2.599120328192458e-06,0.13155841827392578,-0.004615219293741199,2.1300684346646818e-05,0.1357126235961914,ok
n,18040,18040,1000,0.6,uniform,0.1,704272530,-0.0023826453148231967,5.6768011176376084e-06,0.10943746566772461,-0.0027428467882573897,7.522981055615841e-06,0.12272024154663086,ok
n,18040,18040,1000,0.6,uniform,0.1,1768355758,0.004689423119060354,2.198995964283979e-05,0.1211996078491211,-0.010755888070603542,0.00011569080153102592,0.14989781379699707,ok
n,18040,18040,1000,0.6,uniform,0.1,2785185320,-0.006648398911563546,4.420159410645949e-05,0.1155703067779541,-0.0004976657136220199,2.4770005874949967e-07,0.15525197982788086,ok
n,18040,18040,1000,0.6,uniform,0.1,1632820083,0.0039821161659243445,1.5857275320389687e-05,0.1260373592376709,-0.007568384224717324,5.7280390050653696e-05,0.14095020294189453,ok
n,18040,18040,1000,0.6,uniform,0.1,2973093835,-0.0012018047135156041,1.4442817996966512e-06,0.14928865432739258,-0.002034861566785167,4.14057224743615e-06,0.16042542457580566,ok
n,18040,18040,1000,0.6,uniform,0.1,3375421500,-0.007419196787655955,5.50444544344297e-05,0.12734127044677734,-0.00042553937370746613,1.8108223636277152e-07,0.12389445304870605,ok
n,18040,18040,1000,0.6,uniform,0.1,2191358377,0.0054360032937242255,2.954979754827339e-05,0.11439752578735352,0.0035631632061763575,1.2695912934440116e-05,0.15950369834899902,ok
n,19040,19040,1000,0.6,uniform,0.1,3513701802,-0.002729174212354595,7.448594849217518e-06,0.15888452529907227,0.005093112028848252,2.5939411369206423e-05,0.12139487266540527,ok
n,19040,19040,1000,0.6,uniform,0.1,3199909715,-0.0013720894768878248,1.8825899834759986e-06,0.11683917045593262,0.003285626187327363,1.0795434148453378e-05,0.13989615440368652,ok
n,19040,19040,1000,0.6,uniform,0.1,1101141922,-0.0017983805231314607,3.2345196137096828e-06,0.12358736991882324,0.0035165362165683186,1.2365348258794772e-05,0.1757819652557373,ok
n,19040,19040,1000,0.6,uniform,0.1,4080035545,-0.002749997699532116,7.562499186712545e-06,0.13814187049865723,0.0001830045214094438,3.3489866990806984e-08,0.17119264602661133,ok
n,19040,19040,1000,0.6,uniform,0.1,285458881,0.005676733703338164,3.222403965428627e-05,0.16527795791625977,-0.0011197600400997573,1.2541122633949512e-06,0.16640877723693848,ok
n,19040,19040,1000,0.6,uniform,0.1,1550207208,-0.0045057879796357595,2.0302176212854658e-05,0.15477967262268066,0.0045718772825011295,2.0902010244373547e-05,0.17778706550598145,ok
n,19040,19040,1000,0.6,uniform,0.1,829766870,-0.0070909726598969445,5.028043331848624e-05,0.15056300163269043,-0.0007168803095527804,5.137697908248394e-07,0.15634655952453613,ok
n,19040,19040,1000,0.6,uniform,0.1,3761351299,0.0017121375865304426,2.9317473365286295e-06,0.15943217277526855,-0.0005008342823909908,2.5073780924323284e-07,0.17678236961364746,ok
n,19040,19040,1000,0.6,uniform,0.1,3598704158,0.0013073389668588652,1.7090460475103277e-06,0.16766619682312012,0.007691199333201055,5.9154022836178705e-05,0.1606464385986328,ok
n,19040,19040,1000,0.6,uniform,0.1,1153344788,0.00374864171928957,1.4052837870581788e-05,0.12194371223449707,0.0012785604269334038,1.6348951943751263e-06,0.13038945198059082,ok
n,19040,19040,1000,0.6,uniform,0.1,2811354858,-0.0030101146125417694,9.061056998547645e-06,0.15665030479431152,-0.005111745409480938,2.6130394577021073e-05,0.16921734809875488,ok
n,19040,19040,1000,0.6,uniform,0.1,773064435,-0.005485803191723667,3.0094839441779566e-05,0.15764999389648438,0.0022914080055507872,5.250215334597624e-06,0.12050747871398926,ok
n,19040,19040,1000,0.6,uniform,0.1,3477235786,-0.012112756653376244,0.00014672061061659606,0.15415024757385254,0.0035041812020245675,1.227878343161675e-05,0.16310548782348633,ok
n,19040,19040,1000,0.6,uniform,0.1,4212866785,0.0046188832015548196,2.1334199159879594e-05,0.13215374946594238,-0.0010248994514263459,1.0503928953019095e-06,0.1697063446044922,ok
n,19040,19040,1000,0.6,uniform,0.1,2321382970,-0.0023915976457045164,5.7201839445344355e-06,0.16182637214660645,0.00018880261911734952,3.561133614490107e-08,0.15443778038024902,ok
n,19040,19040,1000,0.6,uniform,0.1,1734420784,0.01564575353544749,0.0002447868770057748,0.11812257766723633,-0.0022698000979685658,5.152388066108383e-06,0.15453267097473145,ok
n,19040,19040,1000,0.6,uniform,0.1,1799606152,0.0003784603318986339,1.4319613099189766e-07,0.13897943496704102,-0.0021225456911766138,4.5054026425011955e-06,0.15779685974121094,ok
n,19040,19040,1000,0.6,uniform,0.1,4004294178,0.008204644853318404,6.731834730463188e-05,0.1485152244567871,0.0012132207988119446,1.472222661834215e-06,0.15794110298156738,ok
n,19040,19040,1000,0.6,uniform,0.1,2123079859,0.000666677026007333,4.442837221561215e-07,0.13417553901672363,0.006920446280137653,4.789076479508274e-05,0.15147161483764648,ok
n,19040,19040,1000,0.6,uniform,0.1,2309461296,-0.00318932385094134,1.0171782076405747e-05,0.155653715133667,4.557666930038078e-07,2.0837396807625528e-13,0.1381068229675293,ok
n,19040,19040,1000,0.6,uniform,0.1,4148136635,0.001125370339428131,1.2665961884429519e-06,0.1637711524963379,0.0025428472248081955,6.46638334395874e-06,0.14105963706970215,ok
n,19040,19040,1000,0.6,uniform,0.1,3916705119,-0.0023968700678813617,5.744843499652372e-06,0.12503886222839355,-0.002755270005284447,7.591348853109852e-06,0.14457440376281738,ok
n,19040,19040,1000,0.6,uniform,0.1,286519497,-0.0016301038719850828,2.657398331710207e-06,0.15270304679870605,-0.003148302008589659,9.912113968356824e-06,0.15737414360046387,ok
n,19040,19040,1000,0.6,uniform,0.1,2284074944,0.003319971513944082,1.1022360585630057e-05,0.14222145080566406,0.008530662471225452,7.27725869339455e-05,0.17307162284851074,ok
n,19040,19040,1000,0.6,uniform,0.1,3815538607,-0.003145821903623394,9.896106993077937e-06,0.1233518123626709,5.219591899200907e-05,2.725881838706745e-09,0.15489864349365234,ok
n,19040,19040,1000,0.6,uniform,0.1,3783369111,0.002363961523625292,5.588250558925034e-06,0.12835454940795898,-0.0007625799612903206,5.815486902560576e-07,0.12133193016052246,ok
n,19040,19040,1000,0.6,uniform,0.1,1351479489,0.0038044313931913,1.4473697039776523e-05,0.1463603973388672,-0.006013876226420069,3.616670914103878e-05,0.18511652946472168,ok
n,19040,19040,1000,0.6,uniform,0.1,2909316198,0.005361039586136756,2.873886154994717e-05,0.1649186611175537,-0.001231673461538185,1.5174523695901433e-06,0.17650079727172852,ok
n,19040,19040,1000,0.6,uniform,0.1,4123137912,-0.004749361422237238,2.2556663896767743e-05,0.14417147636413574,0.002838981917159673,8.05968085523093e-06,0.179487943649292,ok
n,19040,19040,1000,0.6,uniform,0.1,2020737034,0.003051965119805763,9.314230060794645e-06,0.15692424774169922,0.00014631160455021692,2.1394573472803124e-08,0.14463019371032715,ok
n,19040,19040,1000,0.6,uniform,0.1,576974585,0.008351602082829009,6.974333604558696e-05,0.16437149047851562,0.002414721330877846,5.829167152377559e-06,0.13962578773498535,ok
n,19040,19040,1000,0.6,uniform,0.1,2247026706,-0.019261826151564243,0.00037101865975830054,0.1331031322479248,-0.0001651473137660941,2.7279749272330995e-08,0.1566908359527588,ok
n,19040,19040,1000,0.6,uniform,0.1,418442935,0.004129139450864771,1.704754609979177e-05,0.14292192459106445,-0.001322498166529334,1.7497210182274412e-06,0.15726161003112793,ok
n,19040,19040,1000,0.6,uniform,0.1,4103501543,0.008320347425016016,6.922943462366677e-05,0.13813519477844238,-0.005984006459280558,3.58074319027468e-05,0.1202542781829834,ok
n,19040,19040,1000,0.6,uniform,0.1,536109145,-0.0002621744708944602,6.874606235007647e-08,0.15320563316345215,-0.0028923674329919945,8.365906405967532e-06,0.16782617568969727,ok
n,19040,19040,1000,0.6,uniform,0.1,1612733685,-0.007134295473699806,5.089715243962008e-05,0.14592456817626953,-0.006308404203615639,3.9795062147392024e-05,0.16780471801757812,ok
n,19040,19040,1000,0.6,uniform,0.1,1280386062,0.00214472238625452,4.600088237051256e-06,0.14328813552856445,0.005118438022230895,2.6199014253850597e-05,0.14888286590576172,ok
n,19040,19040,1000,0.6,uniform,0.1,4104879991,-0.002439680145179643,5.952069077451312e-06,0.15169191360473633,0.004990552155311413,2.4905549720446883e-05,0.1378800868988037,ok
n,19040,19040,1000,0.6,uniform,0.1,1329297062,-0.0006682237618094173,4.465445528564923e-07,0.1442270278930664,-0.001634782464105524,2.672566442924955e-06,0.12903451919555664,ok
n,19040,19040,1000,0.6,uniform,0.1,1368052978,-0.006282411570257926,3.946889788583147e-05,0.09894871711730957,-2.967936539011233e-05,8.81822809778581e-10,0.1598207950592041,ok
n,19040,19040,1000,0.6,uniform,0.1,2119480000,-0.018291076522228562,0.0003345649968782932,0.13992929458618164,0.0012893076873820143,1.6622074164521633e-06,0.14553165435791016,ok
n,19040,19040,1000,0.6,uniform,0.1,2237543495,0.009595133422529184,9.206649449131292e-05,0.10237932205200195,0.001311666437205094,1.7204564157094467e-06,0.12723302841186523,ok
n,19040,19040,1000,0.6,uniform,0.1,951434561,-0.001960880703043461,3.845072276888976e-06,0.13190889358520508,-0.006703600409019255,4.493832389524381e-05,0.16190028190612793,ok
n,19040,19040,1000,0.6,uniform,0.1,2531885820,0.00018216962446233694,3.317548504075345e-08,0.132310152053833,-0.0011371684941398408,1.293216405227429e-06,0.16489863395690918,ok
n,19040,19040,1000,0.6,uniform,0.1,902478459,0.008148078107758699,6.639245879839204e-05,0.10904765129089355,-0.0016634543027729343,2.7668185113283462e-06,0.1437697410583496,ok
n,19040,19040,1000,0.6,uniform,0.1,1921009375,-0.0004079443105783301,1.6639075727494972e-07,0.13127708435058594,-0.001463996809054201,2.1431868758801837e-06,0.11256289482116699,ok
n,19040,19040,1000,0.6,uniform,0.1,1632582590,-0.0003939913394277312,1.551381589029156e-07,0.15156102180480957,0.0016439072879867584,2.702811002475876e-06,0.1640491485595703,ok
n,19040,19040,1000,0.6,uniform,0.1,826636711,-0.0011165522947989106,1.2467269473272324e-06,0.08293485641479492,-0.007385446029467737,5.454506387679864e-05,0.08552718162536621,ok
n,19040,19040,1000,0.6,uniform,0.1,2336895311,-0.006281097231713788,3.94524453214552e-05,0.07004356384277344,-0.0031701127596128697,1.0049747589852579e-05,0.07201170921325684,ok
n,19040,19040,1000,0.6,uniform,0.1,2072763088,-0.008461567635614948,7.159922448055508e-05,0.06371784210205078,-0.0011792042829496447,1.3906757100788618e-06,0.0658879280090332,ok
