dataset,n,m,alpha,trials,median_scaled_mse_kent,median_scaled_mse_dame,10pct_scaled_mse_kent,90pct_scaled_mse_kent,10pct_scaled_mse_dame,90pct_scaled_mse_dame,median_orig_mse_kent,median_orig_mse_dame,mean_time_kent_s,mean_time_dame_s
GLOBEM_sleep_duration_Data,40,15,0.6,500,0.028451805181391752,0.02769723755680365,0.0011816828758693,0.2168060683232635,0.00098283135769258,0.15749934978809704,3269.7099032507326,3182.994237265435,0.0005256648063659139,0.000201253414154003
