dataset,n,m,alpha,trials,median_scaled_mse_kent,median_scaled_mse_dame,median_scaled_mse_girgis,10pct_scaled_mse_kent,90pct_scaled_mse_kent,10pct_scaled_mse_dame,90pct_scaled_mse_dame,10pct_scaled_mse_girgis,90pct_scaled_mse_girgis,median_orig_mse_kent,median_orig_mse_dame,median_orig_mse_girgis,mean_time_kent_s,mean_time_dame_s,mean_time_girgis_s
GLOBEM_sleep_duration_Data,40,15,0.6,500,0.0423058966973055,0.0327566520449183,0.1483360403556908,0.0014409741224916904,0.20973515047044905,0.00136303303509602,0.1631207338786402,0.008869904999948,0.5960773893854513,9971.93348699607,7721.07864267072,34964.325156249986,0.001180662155151321,0.000451394081115676,0.008443656921386669
