dataset,n,m,alpha,trials,median_scaled_mse_kent,median_scaled_mse_dame,10pct_scaled_mse_kent,90pct_scaled_mse_kent,10pct_scaled_mse_dame,90pct_scaled_mse_dame,median_orig_mse_kent,median_orig_mse_dame,mean_time_kent_s,mean_time_dame_s
GLOBEM_steps_count_data,40,88,0.6,500,0.4826215210888379,0.3757423529541556,0.1871436980583626,0.9064967085522888,0.12256466787302137,0.7326385572745755,50898535.02928469,39626776.83886911,0.0006715841293334433,0.0002587380409240216
