dataset,n,m,alpha,trials,median_scaled_mse_kent,median_scaled_mse_dame,median_scaled_mse_girgis,10pct_scaled_mse_kent,90pct_scaled_mse_kent,10pct_scaled_mse_dame,90pct_scaled_mse_dame,10pct_scaled_mse_girgis,90pct_scaled_mse_girgis,median_orig_mse_kent,median_orig_mse_dame,median_orig_mse_girgis,mean_time_kent_s,mean_time_dame_s,mean_time_girgis_s
GLOBEM_step_count_Data,40,88,0.6,500,0.4985050339778973,0.3842142606941864,0.035346369244812104,0.18111413074175592,0.9140219688981157,0.125703706214345,0.7318661481641021,0.0010038117561277204,1.9248682101883583,52573652.07617468,40520246.51236809,3727721.070345596,0.0006917600631713421,0.00025364303588862135,0.004176807880401562
